,0,1,2,3,4,5,6,7,8,9,10,11,12,13,14,15,16,17,18,19,20,21,22,23,24,25,26,27,28,29,30,31,32,33,34,35,36,37,38,39,40,41,42,43,44,45,46,47,48,49,50,51,52,53,54,55,56,57,58,59,60,61,62,63,64,65,66,67,68,69,70,71,72,73,74,75,76,77,78,79,80,81,82,83,84,85,86,87,88,89,90,91,92,93,94,95,96,97,98,99,100,101,102,103,104,105,106,107,108,109,110,111,112,113,114,115,116,117,118,119,120,121,122,123,124,125,126,127,128,129,130,131,132,133,134,135,136,137,138,139,140,141,142,143,144,145,146,147,148,149,150,151,152,153,154,155,156,157,158,159,160,161,162,163,164,165,166,167,168,169,170,171,172,173,174,175,176,177,178,179,180,181,182,183,184,185,186,187,188,189,190,191,192,193,194,195,196,197,198,199,200,201,202,203,204,205,206,207,208,209,210,211,212,213,214,215,216,217,218,219,220,221,222,223,224,225,226,227,228,229,230,231,232,233,234,235,236,237,238,239,240,241,242,243,244,245,246,247,248,249,250
a_F*,Cooperate,Cooperate,Cooperate,Cooperate,Cooperate,Cooperate,Cooperate,Cooperate,Cooperate,Cooperate,Cooperate,Cooperate,Cooperate,Cooperate,Cooperate,Cooperate,Cooperate,Cooperate,Cooperate,Cooperate,Cooperate,Cooperate,Cooperate,Cooperate,Cooperate,Cooperate,Cooperate,Cooperate,Cooperate,Cooperate,Cooperate,Cooperate,Cooperate,Cooperate,Cooperate,Cooperate,Cooperate,Cooperate,Cooperate,Cooperate,Cooperate,Cooperate,Cooperate,Cooperate,Cooperate,Cooperate,Cooperate,Cooperate,Cooperate,Cooperate,Cooperate,Cooperate,Cooperate,Cooperate,Cooperate,Cooperate,Cooperate,Cooperate,Cooperate,Cooperate,Cooperate,Cooperate,Cooperate,Cooperate,Cooperate,Cooperate,Cooperate,Cooperate,Cooperate,Cooperate,Cooperate,Cooperate,Cooperate,Cooperate,Cooperate,Cooperate,Cooperate,Cooperate,Cooperate,Cooperate,Cooperate,Cooperate,Cooperate,Cooperate,Cooperate,Cooperate,Cooperate,Cooperate,Cooperate,Cooperate,Cooperate,Cooperate,Cooperate,Cooperate,Cooperate,Cooperate,Cooperate,Cooperate,Cooperate,Cooperate,Cooperate,Cooperate,Cooperate,Cooperate,Cooperate,Cooperate,Cooperate,Cooperate,Cooperate,Cooperate,Cooperate,Cooperate,Cooperate,Cooperate,Cooperate,Cooperate,Cooperate,Cooperate,Cooperate,Cooperate,Cooperate,Cooperate,Cooperate,Cooperate,Cooperate,Cooperate,Cooperate,Cooperate,Cooperate,Cooperate,Cooperate,Cooperate,Cooperate,Cooperate,Cooperate,Cooperate,Cooperate,Cooperate,Cooperate,Cooperate,Cooperate,Cooperate,Cooperate,Cooperate,Cooperate,Cooperate,Cooperate,Cooperate,Cooperate,Cooperate,Cooperate,Cooperate,Cooperate,Cooperate,Cooperate,Cooperate,Cooperate,Cooperate,Cooperate,Cooperate,Cooperate,Cooperate,Cooperate,Cooperate,Cooperate,Cooperate,Cooperate,Cooperate,Cooperate,Cooperate,Cooperate,Cooperate,Cooperate,Cooperate,Cooperate,Cooperate,Cooperate,Cooperate,Cooperate,Cooperate,Cooperate,Cooperate,Cooperate,Cooperate,Cooperate,Cooperate,Cooperate,Cooperate,Cooperate,Cooperate,Cooperate,Cooperate,Cooperate,Cooperate,Cooperate,Cooperate,Cooperate,Cooperate,Cooperate,Cooperate,Cooperate,Cooperate,Cooperate,Cooperate,Cooperate,Cooperate,Cooperate,Cooperate,Cooperate,Cooperate,Cooperate,Cooperate,Cooperate,Cooperate,Cooperate,Cooperate,Cooperate,Cooperate,Cooperate,Cooperate,Cooperate,Cooperate,Cooperate,Cooperate,Cooperate,Cooperate,Cooperate,Cooperate,Cooperate,Cooperate,Cooperate,Cooperate,Cooperate,Cooperate,Cooperate,Cooperate,Cooperate,Cooperate,Cooperate,Cooperate,Cooperate,Cooperate,Cooperate,Cooperate,Cooperate,Cooperate,Cooperate,Cooperate,Cooperate,Cooperate,Cooperate
ã_F,Cooperate,Collude,Collude,Cooperate,Cooperate,Collude,Cooperate,Cooperate,Cooperate,Cooperate,Cooperate,Cooperate,Collude,Collude,Cooperate,Collude,Collude,Collude,Cooperate,Cooperate,Collude,Cooperate,Collude,Cooperate,Cooperate,Cooperate,Cooperate,Cooperate,Collude,Collude,Cooperate,Cooperate,Collude,Cooperate,Collude,Collude,Cooperate,Cooperate,Collude,Cooperate,Collude,Cooperate,Collude,Collude,Collude,Collude,Cooperate,Collude,Cooperate,Cooperate,Collude,Cooperate,Cooperate,Cooperate,Cooperate,Cooperate,Collude,Cooperate,Collude,Cooperate,Cooperate,Cooperate,Cooperate,Cooperate,Cooperate,Cooperate,Collude,Cooperate,Collude,Cooperate,Cooperate,Collude,Collude,Collude,Cooperate,Collude,Collude,Collude,Cooperate,Cooperate,Collude,Collude,Cooperate,Cooperate,Collude,Cooperate,Cooperate,Cooperate,Cooperate,Cooperate,Collude,Cooperate,Collude,Cooperate,Collude,Cooperate,Collude,Cooperate,Collude,Collude,Collude,Cooperate,Cooperate,Cooperate,Collude,Cooperate,Cooperate,Cooperate,Cooperate,Collude,Cooperate,Cooperate,Cooperate,Cooperate,Collude,Collude,Collude,Collude,Cooperate,Collude,Cooperate,Cooperate,Collude,Collude,Cooperate,Collude,Cooperate,Cooperate,Cooperate,Cooperate,Collude,Cooperate,Cooperate,Cooperate,Collude,Collude,Cooperate,Collude,Cooperate,Cooperate,Collude,Collude,Cooperate,Cooperate,Collude,Collude,Collude,Cooperate,Collude,Cooperate,Cooperate,Cooperate,Collude,Collude,Cooperate,Collude,Cooperate,Cooperate,Cooperate,Cooperate,Collude,Collude,Cooperate,Cooperate,Collude,Collude,Collude,Cooperate,Cooperate,Collude,Cooperate,Collude,Collude,Cooperate,Cooperate,Cooperate,Collude,Cooperate,Cooperate,Cooperate,Cooperate,Collude,Cooperate,Collude,Cooperate,Collude,Collude,Cooperate,Collude,Collude,Collude,Cooperate,Cooperate,Collude,Cooperate,Collude,Cooperate,Cooperate,Cooperate,Cooperate,Cooperate,Collude,Cooperate,Cooperate,Cooperate,Collude,Collude,Cooperate,Collude,Cooperate,Collude,Cooperate,Collude,Cooperate,Cooperate,Cooperate,Cooperate,Collude,Cooperate,Cooperate,Cooperate,Cooperate,Cooperate,Collude,Collude,Collude,Collude,Cooperate,Cooperate,Cooperate,Cooperate,Collude,Cooperate,Cooperate,Collude,Cooperate,Cooperate,Collude,Cooperate,Collude,Cooperate,Cooperate,Collude,Collude,Cooperate,Collude,Cooperate,Collude,Cooperate,Cooperate,Cooperate
a_K*(ELN),Continue,Continue,Continue,Continue,Continue,Continue,Continue,Continue,Continue,Continue,Continue,Continue,Continue,Continue,Continue,Continue,Continue,Continue,Continue,Continue,Continue,Continue,Continue,Continue,Continue,Continue,Continue,Continue,Continue,Continue,Continue,Continue,Continue,Continue,Continue,Continue,Continue,Continue,Continue,Continue,Continue,Continue,Continue,Continue,Continue,Continue,Continue,Continue,Continue,Continue,Continue,Continue,Continue,Continue,Continue,Continue,Continue,Continue,Continue,Continue,Continue,Continue,Continue,Continue,Continue,Continue,Continue,Continue,Continue,Continue,Continue,Continue,Continue,Continue,Continue,Continue,Continue,Continue,Continue,Continue,Continue,Continue,Continue,Continue,Continue,Continue,Continue,Continue,Continue,Continue,Continue,Continue,Continue,Continue,Continue,Continue,Continue,Continue,Continue,Continue,Continue,Continue,Continue,Continue,Continue,Continue,Continue,Continue,Continue,Continue,Continue,Continue,Continue,Continue,Continue,Continue,Continue,Continue,Continue,Continue,Continue,Continue,Continue,Continue,Continue,Continue,Continue,Continue,Continue,Continue,Continue,Continue,Continue,Continue,Continue,Continue,Continue,Continue,Continue,Continue,Continue,Continue,Continue,Continue,Continue,Continue,Continue,Continue,Continue,Continue,Continue,Continue,Continue,Continue,Continue,Continue,Continue,Continue,Continue,Continue,Continue,Continue,Continue,Continue,Continue,Continue,Continue,Continue,Continue,Continue,Continue,Continue,Continue,Continue,Continue,Continue,Continue,Continue,Continue,Continue,Continue,Continue,Continue,Continue,Continue,Continue,Continue,Continue,Continue,Continue,Continue,Continue,Continue,Continue,Continue,Continue,Continue,Continue,Continue,Continue,Continue,Continue,Continue,Continue,Continue,Continue,Continue,Continue,Continue,Continue,Continue,Continue,Continue,Continue,Continue,Continue,Continue,Continue,Continue,Continue,Continue,Continue,Continue,Continue,Continue,Continue,Continue,Continue,Continue,Continue,Continue,Continue,Continue,Continue,Continue,Continue,Continue,Continue,Continue,Continue,Continue,Continue,Continue,Continue,Continue,Continue,Continue,Continue,Continue,Continue,Continue
ã_K(ELN),Continue,Release,Kill,Release,Release,Kill,Continue,Release,Release,Release,Release,Continue,Kill,Continue,Kill,Kill,Kill,Kill,Continue,Kill,Kill,Release,Continue,Kill,Kill,Continue,Continue,Kill,Kill,Continue,Continue,Continue,Continue,Release,Release,Continue,Continue,Continue,Kill,Release,Kill,Kill,Continue,Continue,Continue,Release,Release,Kill,Continue,Continue,Kill,Kill,Release,Continue,Release,Continue,Continue,Continue,Continue,Kill,Continue,Continue,Kill,Release,Kill,Continue,Release,Continue,Continue,Continue,Continue,Release,Release,Kill,Release,Release,Continue,Release,Release,Kill,Release,Release,Continue,Kill,Release,Release,Continue,Continue,Continue,Kill,Kill,Continue,Release,Kill,Continue,Continue,Release,Release,Kill,Kill,Continue,Release,Continue,Continue,Continue,Kill,Continue,Kill,Continue,Continue,Continue,Continue,Kill,Continue,Continue,Release,Kill,Release,Continue,Continue,Continue,Continue,Kill,Kill,Release,Release,Kill,Release,Kill,Kill,Continue,Continue,Kill,Kill,Continue,Continue,Continue,Continue,Release,Kill,Release,Continue,Kill,Continue,Kill,Kill,Continue,Kill,Kill,Release,Continue,Kill,Release,Release,Kill,Kill,Release,Continue,Kill,Kill,Release,Continue,Kill,Continue,Continue,Continue,Kill,Continue,Release,Release,Continue,Release,Kill,Release,Continue,Continue,Kill,Kill,Release,Continue,Continue,Continue,Continue,Continue,Kill,Continue,Release,Release,Kill,Continue,Continue,Kill,Continue,Release,Continue,Continue,Continue,Release,Release,Kill,Continue,Release,Continue,Release,Release,Release,Release,Continue,Kill,Continue,Continue,Kill,Continue,Release,Continue,Release,Kill,Release,Continue,Continue,Continue,Continue,Release,Release,Kill,Continue,Continue,Continue,Continue,Continue,Release,Continue,Release,Continue,Release,Continue,Continue,Continue,Kill,Continue,Continue,Continue,Continue,Continue,Continue,Continue,Continue,Release,Continue,Release,Continue
a_S*,Negotiate,Negotiate,Negotiate,Negotiate,Negotiate,Negotiate,Negotiate,Negotiate,Negotiate,Negotiate,Negotiate,Negotiate,Negotiate,Negotiate,Negotiate,Negotiate,Negotiate,Negotiate,Negotiate,Negotiate,Negotiate,Negotiate,Negotiate,Negotiate,Negotiate,Negotiate,Negotiate,Negotiate,Negotiate,Negotiate,Negotiate,Negotiate,Negotiate,Negotiate,Negotiate,Negotiate,Negotiate,Negotiate,Negotiate,Negotiate,Negotiate,Negotiate,Negotiate,Negotiate,Negotiate,Negotiate,Negotiate,Negotiate,Negotiate,Negotiate,Negotiate,Negotiate,Negotiate,Negotiate,Negotiate,Negotiate,Negotiate,Negotiate,Negotiate,Negotiate,Negotiate,Negotiate,Negotiate,Negotiate,Negotiate,Negotiate,Negotiate,Negotiate,Negotiate,Negotiate,Negotiate,Negotiate,Negotiate,Negotiate,Negotiate,Negotiate,Negotiate,Negotiate,Negotiate,Negotiate,Negotiate,Negotiate,Negotiate,Negotiate,Negotiate,Negotiate,Negotiate,Negotiate,Negotiate,Negotiate,Negotiate,Negotiate,Negotiate,Negotiate,Negotiate,Negotiate,Negotiate,Negotiate,Negotiate,Negotiate,Negotiate,Negotiate,Negotiate,Negotiate,Negotiate,Negotiate,Negotiate,Negotiate,Negotiate,Negotiate,Negotiate,Negotiate,Negotiate,Negotiate,Negotiate,Negotiate,Negotiate,Negotiate,Negotiate,Negotiate,Negotiate,Negotiate,Negotiate,Negotiate,Negotiate,Negotiate,Negotiate,Negotiate,Negotiate,Negotiate,Negotiate,Negotiate,Negotiate,Negotiate,Negotiate,Negotiate,Negotiate,Negotiate,Negotiate,Negotiate,Negotiate,Negotiate,Negotiate,Negotiate,Negotiate,Negotiate,Negotiate,Negotiate,Negotiate,Negotiate,Negotiate,Negotiate,Negotiate,Negotiate,Negotiate,Negotiate,Negotiate,Negotiate,Negotiate,Negotiate,Negotiate,Negotiate,Negotiate,Negotiate,Negotiate,Negotiate,Negotiate,Negotiate,Negotiate,Negotiate,Negotiate,Negotiate,Negotiate,Negotiate,Negotiate,Negotiate,Negotiate,Negotiate,Negotiate,Negotiate,Negotiate,Negotiate,Negotiate,Negotiate,Negotiate,Negotiate,Negotiate,Negotiate,Negotiate,Negotiate,Negotiate,Negotiate,Negotiate,Negotiate,Negotiate,Negotiate,Negotiate,Negotiate,Negotiate,Negotiate,Negotiate,Negotiate,Negotiate,Negotiate,Negotiate,Negotiate,Negotiate,Negotiate,Negotiate,Negotiate,Negotiate,Negotiate,Negotiate,Negotiate,Negotiate,Negotiate,Negotiate,Negotiate,Negotiate,Negotiate,Negotiate,Negotiate,Negotiate,Negotiate,Negotiate,Negotiate,Negotiate,Negotiate,Negotiate,Negotiate,Negotiate,Negotiate,Negotiate,Negotiate,Negotiate,Negotiate,Negotiate,Negotiate,Negotiate,Negotiate,Negotiate,Negotiate,Negotiate,Negotiate,Negotiate,Negotiate,Negotiate,Negotiate,Negotiate,Negotiate,Negotiate
ã_S,Negotiate,Negotiate,Negotiate,Negotiate,Negotiate,Rescue,Negotiate,Rescue,Negotiate,Rescue,Rescue,Rescue,Negotiate,Negotiate,Negotiate,Negotiate,Negotiate,Negotiate,Negotiate,Rescue,Rescue,Negotiate,Rescue,Negotiate,Negotiate,Negotiate,Negotiate,Rescue,Rescue,Rescue,Rescue,Rescue,Negotiate,Negotiate,Negotiate,Negotiate,Rescue,Rescue,Rescue,Negotiate,Negotiate,Negotiate,Negotiate,Rescue,Negotiate,Negotiate,Rescue,Rescue,Negotiate,Negotiate,Negotiate,Rescue,Rescue,Negotiate,Rescue,Negotiate,Negotiate,Rescue,Negotiate,Negotiate,Negotiate,Negotiate,Negotiate,Negotiate,Rescue,Rescue,Negotiate,Negotiate,Negotiate,Negotiate,Rescue,Rescue,Negotiate,Negotiate,Rescue,Rescue,Negotiate,Negotiate,Rescue,Rescue,Negotiate,Negotiate,Negotiate,Negotiate,Rescue,Rescue,Negotiate,Negotiate,Negotiate,Negotiate,Rescue,Rescue,Negotiate,Negotiate,Rescue,Rescue,Rescue,Negotiate,Negotiate,Rescue,Rescue,Rescue,Negotiate,Negotiate,Rescue,Negotiate,Negotiate,Negotiate,Negotiate,Rescue,Negotiate,Negotiate,Negotiate,Negotiate,Negotiate,Rescue,Rescue,Negotiate,Negotiate,Rescue,Negotiate,Negotiate,Negotiate,Negotiate,Negotiate,Negotiate,Negotiate,Rescue,Negotiate,Negotiate,Negotiate,Negotiate,Rescue,Negotiate,Rescue,Negotiate,Rescue,Negotiate,Rescue,Negotiate,Negotiate,Negotiate,Negotiate,Negotiate,Rescue,Negotiate,Negotiate,Rescue,Rescue,Negotiate,Negotiate,Negotiate,Rescue,Negotiate,Rescue,Rescue,Rescue,Negotiate,Rescue,Negotiate,Rescue,Negotiate,Rescue,Rescue,Negotiate,Rescue,Rescue,Rescue,Negotiate,Rescue,Negotiate,Negotiate,Negotiate,Rescue,Rescue,Rescue,Negotiate,Rescue,Rescue,Negotiate,Negotiate,Negotiate,Negotiate,Rescue,Rescue,Negotiate,Rescue,Rescue,Rescue,Negotiate,Negotiate,Rescue,Negotiate,Negotiate,Negotiate,Negotiate,Negotiate,Rescue,Rescue,Rescue,Negotiate,Negotiate,Negotiate,Rescue,Negotiate,Rescue,Negotiate,Rescue,Rescue,Negotiate,Rescue,Negotiate,Negotiate,Rescue,Negotiate,Negotiate,Negotiate,Negotiate,Negotiate,Rescue,Negotiate,Rescue,Rescue,Rescue,Negotiate,Rescue,Negotiate,Rescue,Negotiate,Rescue,Negotiate,Negotiate,Rescue,Rescue,Negotiate,Negotiate,Negotiate,Rescue,Negotiate,Rescue,Negotiate,Negotiate,Negotiate,Negotiate,Rescue,Negotiate,Negotiate,Negotiate,Negotiate,Rescue,Negotiate
α_t*,0.0,1.0,0.73,0.73,0.72,0.72,0.72,0.73,0.73,0.74,0.73,0.73,0.74,0.74,0.73,0.73,0.72,0.71,0.71,0.72,0.7000000000000001,0.6900000000000001,0.6900000000000001,0.7000000000000001,0.7000000000000001,0.71,0.71,0.72,0.7000000000000001,0.6900000000000001,0.6900000000000001,0.7000000000000001,0.7000000000000001,0.6900000000000001,0.6900000000000001,0.68,0.6900000000000001,0.67,0.68,0.68,0.6900000000000001,0.6900000000000001,0.7000000000000001,0.7000000000000001,0.7000000000000001,0.71,0.71,0.7000000000000001,0.71,0.71,0.71,0.7000000000000001,0.71,0.71,0.71,0.71,0.72,0.72,0.72,0.72,0.72,0.72,0.71,0.71,0.72,0.71,0.71,0.71,0.71,0.71,0.7000000000000001,0.7000000000000001,0.7000000000000001,0.6900000000000001,0.7000000000000001,0.7000000000000001,0.7000000000000001,0.7000000000000001,0.71,0.71,0.71,0.7000000000000001,0.7000000000000001,0.7000000000000001,0.7000000000000001,0.7000000000000001,0.71,0.7000000000000001,0.7000000000000001,0.7000000000000001,0.71,0.71,0.7000000000000001,0.7000000000000001,0.7000000000000001,0.7000000000000001,0.6900000000000001,0.6900000000000001,0.6900000000000001,0.6900000000000001,0.68,0.6900000000000001,0.6900000000000001,0.68,0.68,0.68,0.68,0.68,0.7000000000000001,0.6900000000000001,0.6900000000000001,0.7000000000000001,0.7000000000000001,0.6900000000000001,0.7000000000000001,0.6900000000000001,0.6900000000000001,0.7000000000000001,0.6900000000000001,0.6900000000000001,0.6900000000000001,0.6900000000000001,0.6900000000000001,0.6900000000000001,0.6900000000000001,0.6900000000000001,0.6900000000000001,0.7000000000000001,0.6900000000000001,0.6900000000000001,0.6900000000000001,0.6900000000000001,0.6900000000000001,0.6900000000000001,0.7000000000000001,0.7000000000000001,0.7000000000000001,0.7000000000000001,0.7000000000000001,0.7000000000000001,0.7000000000000001,0.7000000000000001,0.7000000000000001,0.7000000000000001,0.7000000000000001,0.7000000000000001,0.7000000000000001,0.71,0.71,0.7000000000000001,0.7000000000000001,0.7000000000000001,0.7000000000000001,0.71,0.71,0.71,0.71,0.71,0.71,0.71,0.71,0.71,0.71,0.71,0.71,0.71,0.71,0.71,0.71,0.71,0.71,0.71,0.71,0.71,0.71,0.71,0.71,0.71,0.71,0.71,0.71,0.71,0.71,0.71,0.7000000000000001,0.71,0.7000000000000001,0.7000000000000001,0.71,0.71,0.71,0.71,0.71,0.71,0.71,0.71,0.71,0.71,0.71,0.71,0.71,0.71,0.71,0.71,0.71,0.71,0.71,0.71,0.71,0.71,0.71,0.71,0.71,0.71,0.71,0.71,0.71,0.71,0.71,0.71,0.71,0.71,0.71,0.71,0.71,0.71,0.71,0.71,0.71,0.71,0.71,0.71,0.71,0.71,0.71,0.71,0.71,0.71,0.71,0.71,0.71,0.71,0.71,0.71,0.71,0.71,0.71,0.71,0.71,0.71,0.71
γ_t*,0.0,0.93,0.6900000000000001,0.6900000000000001,0.6900000000000001,0.6900000000000001,0.6900000000000001,0.6900000000000001,0.7000000000000001,0.7000000000000001,0.6900000000000001,0.6900000000000001,0.7000000000000001,0.7000000000000001,0.6900000000000001,0.6900000000000001,0.68,0.66,0.67,0.67,0.66,0.64,0.64,0.65,0.65,0.65,0.66,0.66,0.64,0.63,0.63,0.63,0.64,0.62,0.63,0.62,0.62,0.61,0.61,0.62,0.62,0.63,0.63,0.64,0.64,0.65,0.65,0.64,0.65,0.65,0.66,0.64,0.65,0.65,0.66,0.66,0.66,0.67,0.67,0.67,0.68,0.67,0.66,0.66,0.67,0.66,0.66,0.66,0.65,0.66,0.65,0.64,0.64,0.63,0.64,0.64,0.64,0.65,0.65,0.65,0.66,0.65,0.64,0.64,0.65,0.65,0.65,0.65,0.65,0.65,0.65,0.66,0.65,0.64,0.65,0.65,0.63,0.63,0.63,0.62,0.61,0.62,0.62,0.61,0.6,0.61,0.61,0.61,0.64,0.63,0.63,0.64,0.64,0.63,0.64,0.63,0.63,0.64,0.63,0.62,0.62,0.63,0.63,0.62,0.63,0.63,0.63,0.64,0.63,0.62,0.62,0.63,0.63,0.63,0.64,0.64,0.64,0.65,0.65,0.65,0.65,0.65,0.65,0.66,0.66,0.66,0.66,0.66,0.66,0.66,0.66,0.66,0.66,0.66,0.66,0.66,0.66,0.66,0.66,0.66,0.66,0.66,0.66,0.66,0.66,0.66,0.66,0.66,0.66,0.66,0.66,0.66,0.66,0.66,0.66,0.66,0.66,0.66,0.66,0.66,0.66,0.66,0.66,0.66,0.66,0.66,0.66,0.66,0.66,0.66,0.66,0.66,0.66,0.66,0.66,0.66,0.66,0.66,0.66,0.66,0.66,0.66,0.66,0.66,0.66,0.66,0.66,0.66,0.66,0.66,0.66,0.66,0.66,0.66,0.66,0.66,0.66,0.66,0.66,0.66,0.66,0.66,0.66,0.66,0.66,0.66,0.66,0.66,0.66,0.66,0.66,0.66,0.66,0.66,0.66,0.66,0.66,0.66,0.66,0.66,0.66,0.66,0.66,0.66,0.66,0.66,0.66,0.66,0.66,0.66,0.66
γ_R(DC)*,0.23,0.79,0.23,0.23,0.23,0.23,0.23,0.23,0.23,0.23,0.23,0.23,0.23,0.23,0.23,0.23,0.23,0.23,0.23,0.23,0.23,0.23,0.23,0.23,0.23,0.23,0.23,0.23,0.23,0.23,0.23,0.23,0.23,0.23,0.23,0.23,0.23,0.23,0.23,0.23,0.23,0.23,0.23,0.23,0.23,0.23,0.23,0.23,0.23,0.23,0.23,0.23,0.23,0.23,0.23,0.23,0.23,0.23,0.23,0.23,0.23,0.23,0.23,0.23,0.23,0.23,0.23,0.23,0.23,0.23,0.23,0.23,0.23,0.23,0.23,0.23,0.23,0.23,0.23,0.23,0.23,0.23,0.23,0.23,0.23,0.23,0.23,0.23,0.23,0.23,0.23,0.23,0.23,0.23,0.23,0.23,0.23,0.23,0.23,0.23,0.23,0.23,0.23,0.23,0.23,0.23,0.23,0.23,0.23,0.23,0.23,0.23,0.23,0.23,0.23,0.23,0.23,0.23,0.23,0.23,0.23,0.23,0.23,0.23,0.23,0.23,0.23,0.23,0.23,0.23,0.23,0.23,0.23,0.23,0.23,0.23,0.23,0.23,0.23,0.23,0.23,0.23,0.23,0.23,0.23,0.23,0.23,0.23,0.23,0.23,0.23,0.23,0.23,0.23,0.23,0.23,0.23,0.23,0.23,0.23,0.23,0.23,0.23,0.23,0.23,0.23,0.23,0.23,0.23,0.23,0.23,0.23,0.23,0.23,0.23,0.23,0.23,0.23,0.23,0.23,0.23,0.23,0.23,0.23,0.23,0.23,0.23,0.23,0.23,0.23,0.23,0.23,0.23,0.23,0.23,0.23,0.23,0.23,0.23,0.23,0.23,0.23,0.23,0.23,0.23,0.23,0.23,0.23,0.23,0.23,0.23,0.23,0.23,0.23,0.23,0.23,0.23,0.23,0.23,0.23,0.23,0.23,0.23,0.23,0.23,0.23,0.23,0.23,0.23,0.23,0.23,0.23,0.23,0.23,0.23,0.23,0.23,0.23,0.23,0.23,0.23,0.23,0.23,0.23,0.23,0.23,0.23,0.23,0.23,0.23,0.23
γ_R(PAR)*,0.37,0.75,0.74,0.73,0.72,0.71,0.71,0.71,0.71,0.71,0.71,0.72,0.72,0.67,0.68,0.68,0.6900000000000001,0.6900000000000001,0.7000000000000001,0.71,0.72,0.72,0.73,0.68,0.6900000000000001,0.7000000000000001,0.71,0.72,0.73,0.68,0.68,0.68,0.68,0.68,0.68,0.68,0.68,0.68,0.68,0.68,0.68,0.68,0.68,0.68,0.68,0.68,0.68,0.68,0.68,0.68,0.68,0.68,0.68,0.68,0.68,0.68,0.68,0.68,0.68,0.68,0.68,0.68,0.68,0.68,0.68,0.68,0.68,0.68,0.68,0.68,0.68,0.68,0.68,0.68,0.68,0.68,0.68,0.68,0.68,0.68,0.68,0.68,0.68,0.68,0.68,0.68,0.68,0.68,0.68,0.68,0.68,0.68,0.68,0.68,0.68,0.68,0.68,0.68,0.68,0.68,0.68,0.68,0.68,0.68,0.68,0.68,0.68,0.68,0.68,0.68,0.68,0.68,0.68,0.68,0.68,0.68,0.68,0.68,0.68,0.68,0.68,0.68,0.68,0.68,0.68,0.68,0.68,0.68,0.68,0.68,0.68,0.68,0.68,0.68,0.68,0.68,0.68,0.68,0.68,0.68,0.68,0.68,0.68,0.68,0.68,0.68,0.68,0.68,0.68,0.68,0.68,0.68,0.68,0.68,0.68,0.68,0.68,0.68,0.68,0.68,0.68,0.68,0.68,0.68,0.68,0.68,0.68,0.68,0.68,0.68,0.68,0.68,0.68,0.68,0.68,0.68,0.68,0.68,0.68,0.68,0.68,0.68,0.68,0.68,0.68,0.68,0.68,0.68,0.68,0.68,0.68,0.68,0.68,0.68,0.68,0.68,0.68,0.68,0.68,0.68,0.68,0.68,0.68,0.68,0.68,0.68,0.68,0.68,0.68,0.68,0.68,0.68,0.68,0.68,0.68,0.68,0.68,0.68,0.68,0.68,0.68,0.68,0.68,0.68,0.68,0.68,0.68,0.68,0.68,0.68,0.68,0.68,0.68,0.68,0.68,0.68,0.68,0.68,0.68,0.68,0.68,0.68,0.68,0.68,0.68,0.68,0.68,0.68,0.68,0.68,0.68
γ_R(ELN)*,0.5,0.97,0.8,0.5,0.5,0.5,0.5,0.5,0.5,0.5,0.5,0.5,0.5,0.5,0.5,0.5,0.5,0.5,0.5,0.5,0.5,0.5,0.5,0.5,0.5,0.5,0.5,0.5,0.5,0.5,0.5,0.5,0.5,0.5,0.5,0.5,0.5,0.5,0.5,0.5,0.5,0.5,0.5,0.5,0.5,0.5,0.5,0.5,0.5,0.5,0.5,0.5,0.5,0.5,0.5,0.5,0.5,0.5,0.5,0.5,0.5,0.5,0.5,0.5,0.5,0.5,0.5,0.5,0.5,0.5,0.5,0.5,0.5,0.5,0.5,0.5,0.5,0.5,0.5,0.5,0.5,0.5,0.5,0.5,0.5,0.5,0.5,0.5,0.5,0.5,0.5,0.5,0.5,0.5,0.5,0.5,0.5,0.5,0.5,0.5,0.5,0.5,0.5,0.5,0.5,0.5,0.5,0.5,0.5,0.5,0.5,0.5,0.5,0.5,0.5,0.5,0.5,0.5,0.5,0.5,0.5,0.5,0.5,0.5,0.5,0.5,0.5,0.5,0.5,0.5,0.5,0.5,0.5,0.5,0.5,0.5,0.5,0.5,0.5,0.5,0.5,0.5,0.5,0.5,0.5,0.5,0.5,0.5,0.5,0.5,0.5,0.5,0.5,0.5,0.5,0.5,0.5,0.5,0.5,0.5,0.5,0.5,0.5,0.5,0.5,0.5,0.5,0.5,0.5,0.5,0.5,0.5,0.5,0.5,0.5,0.5,0.5,0.5,0.5,0.5,0.5,0.5,0.5,0.5,0.5,0.5,0.5,0.5,0.5,0.5,0.5,0.5,0.5,0.5,0.5,0.5,0.5,0.5,0.5,0.5,0.5,0.5,0.5,0.5,0.5,0.5,0.5,0.5,0.5,0.5,0.5,0.5,0.5,0.5,0.5,0.5,0.5,0.5,0.5,0.5,0.5,0.5,0.5,0.5,0.5,0.5,0.5,0.5,0.5,0.5,0.5,0.5,0.5,0.5,0.5,0.5,0.5,0.5,0.5,0.5,0.5,0.5,0.5,0.5,0.5,0.5,0.5,0.5,0.5,0.5,0.5
γ_R(FARC)*,0.64,0.64,0.64,0.64,0.64,0.64,0.64,0.64,0.64,0.64,0.64,0.64,0.64,0.64,0.64,0.64,0.64,0.64,0.64,0.64,0.64,0.64,0.64,0.64,0.64,0.64,0.64,0.64,0.64,0.64,0.64,0.64,0.64,0.64,0.64,0.64,0.64,0.64,0.64,0.64,0.64,0.64,0.64,0.64,0.64,0.64,0.64,0.64,0.64,0.64,0.64,0.64,0.64,0.64,0.64,0.64,0.64,0.64,0.64,0.64,0.64,0.64,0.64,0.64,0.64,0.64,0.64,0.64,0.64,0.64,0.64,0.64,0.64,0.64,0.64,0.64,0.64,0.64,0.64,0.64,0.64,0.64,0.64,0.64,0.64,0.64,0.64,0.64,0.64,0.64,0.64,0.64,0.64,0.64,0.64,0.64,0.64,0.64,0.64,0.64,0.64,0.64,0.64,0.64,0.64,0.64,0.64,0.64,0.64,0.64,0.64,0.64,0.64,0.64,0.64,0.64,0.64,0.64,0.64,0.64,0.64,0.64,0.64,0.64,0.64,0.64,0.64,0.64,0.64,0.64,0.64,0.64,0.64,0.64,0.64,0.64,0.64,0.64,0.64,0.64,0.64,0.64,0.64,0.64,0.64,0.64,0.64,0.64,0.64,0.64,0.64,0.64,0.64,0.64,0.64,0.64,0.64,0.64,0.64,0.64,0.64,0.64,0.64,0.64,0.64,0.64,0.64,0.64,0.64,0.64,0.64,0.64,0.64,0.64,0.64,0.64,0.64,0.64,0.64,0.64,0.64,0.64,0.64,0.64,0.64,0.64,0.64,0.64,0.64,0.64,0.64,0.64,0.64,0.64,0.64,0.64,0.64,0.64,0.64,0.64,0.64,0.64,0.64,0.64,0.64,0.64,0.64,0.64,0.64,0.64,0.64,0.64,0.64,0.64,0.64,0.64,0.64,0.64,0.64,0.64,0.64,0.64,0.64,0.64,0.64,0.64,0.64,0.64,0.64,0.64,0.64,0.64,0.64,0.64,0.64,0.64,0.64,0.64,0.64,0.64,0.64,0.64,0.64,0.64,0.64,0.64,0.64,0.64,0.64,0.64,0.64
α_R(DC)*,0.18,0.58,0.18,0.18,0.18,0.18,0.18,0.18,0.18,0.18,0.18,0.18,0.18,0.18,0.18,0.18,0.18,0.18,0.18,0.18,0.18,0.18,0.18,0.18,0.18,0.18,0.18,0.18,0.18,0.18,0.18,0.18,0.18,0.18,0.18,0.18,0.18,0.18,0.18,0.18,0.18,0.18,0.18,0.18,0.18,0.18,0.18,0.18,0.18,0.18,0.18,0.18,0.18,0.18,0.18,0.18,0.18,0.18,0.18,0.18,0.18,0.18,0.18,0.18,0.18,0.18,0.18,0.18,0.18,0.18,0.18,0.18,0.18,0.18,0.18,0.18,0.18,0.18,0.18,0.18,0.18,0.18,0.18,0.18,0.18,0.18,0.18,0.18,0.18,0.18,0.18,0.18,0.18,0.18,0.18,0.18,0.18,0.18,0.18,0.18,0.18,0.18,0.18,0.18,0.18,0.18,0.18,0.18,0.18,0.18,0.18,0.18,0.18,0.18,0.18,0.18,0.18,0.18,0.18,0.18,0.18,0.18,0.18,0.18,0.18,0.18,0.18,0.18,0.18,0.18,0.18,0.18,0.18,0.18,0.18,0.18,0.18,0.18,0.18,0.18,0.18,0.18,0.18,0.18,0.18,0.18,0.18,0.18,0.18,0.18,0.18,0.18,0.18,0.18,0.18,0.18,0.18,0.18,0.18,0.18,0.18,0.18,0.18,0.18,0.18,0.18,0.18,0.18,0.18,0.18,0.18,0.18,0.18,0.18,0.18,0.18,0.18,0.18,0.18,0.18,0.18,0.18,0.18,0.18,0.18,0.18,0.18,0.18,0.18,0.18,0.18,0.18,0.18,0.18,0.18,0.18,0.18,0.18,0.18,0.18,0.18,0.18,0.18,0.18,0.18,0.18,0.18,0.18,0.18,0.18,0.18,0.18,0.18,0.18,0.18,0.18,0.18,0.18,0.18,0.18,0.18,0.18,0.18,0.18,0.18,0.18,0.18,0.18,0.18,0.18,0.18,0.18,0.18,0.18,0.18,0.18,0.18,0.18,0.18,0.18,0.18,0.18,0.18,0.18,0.18,0.18,0.18,0.18,0.18,0.18,0.18
α_R(PAR)*,0.31,0.61,0.61,0.61,0.61,0.61,0.6,0.59,0.58,0.5700000000000001,0.5700000000000001,0.56,0.56,0.62,0.61,0.61,0.6,0.6,0.59,0.58,0.5700000000000001,0.5700000000000001,0.56,0.62,0.61,0.6,0.59,0.58,0.5700000000000001,0.63,0.63,0.63,0.63,0.63,0.63,0.63,0.63,0.63,0.63,0.63,0.63,0.63,0.63,0.63,0.63,0.63,0.63,0.63,0.63,0.63,0.63,0.63,0.63,0.63,0.63,0.63,0.63,0.63,0.63,0.63,0.63,0.63,0.63,0.63,0.63,0.63,0.63,0.63,0.63,0.63,0.63,0.63,0.63,0.63,0.63,0.63,0.63,0.63,0.63,0.63,0.63,0.63,0.63,0.63,0.63,0.63,0.63,0.63,0.63,0.63,0.63,0.63,0.63,0.63,0.63,0.63,0.63,0.63,0.63,0.63,0.63,0.63,0.63,0.63,0.63,0.63,0.63,0.63,0.63,0.63,0.63,0.63,0.63,0.63,0.63,0.63,0.63,0.63,0.63,0.63,0.63,0.63,0.63,0.63,0.63,0.63,0.63,0.63,0.63,0.63,0.63,0.63,0.63,0.63,0.63,0.63,0.63,0.63,0.63,0.63,0.63,0.63,0.63,0.63,0.63,0.63,0.63,0.63,0.63,0.63,0.63,0.63,0.63,0.63,0.63,0.63,0.63,0.63,0.63,0.63,0.63,0.63,0.63,0.63,0.63,0.63,0.63,0.63,0.63,0.63,0.63,0.63,0.63,0.63,0.63,0.63,0.63,0.63,0.63,0.63,0.63,0.63,0.63,0.63,0.63,0.63,0.63,0.63,0.63,0.63,0.63,0.63,0.63,0.63,0.63,0.63,0.63,0.63,0.63,0.63,0.63,0.63,0.63,0.63,0.63,0.63,0.63,0.63,0.63,0.63,0.63,0.63,0.63,0.63,0.63,0.63,0.63,0.63,0.63,0.63,0.63,0.63,0.63,0.63,0.63,0.63,0.63,0.63,0.63,0.63,0.63,0.63,0.63,0.63,0.63,0.63,0.63,0.63,0.63,0.63,0.63,0.63,0.63,0.63,0.63,0.63,0.63,0.63,0.63,0.63,0.63
α_R(ELN)*,0.45,0.92,0.71,0.45,0.45,0.45,0.45,0.45,0.45,0.45,0.45,0.45,0.45,0.45,0.45,0.45,0.45,0.45,0.45,0.45,0.45,0.45,0.45,0.45,0.45,0.45,0.45,0.45,0.45,0.45,0.45,0.45,0.45,0.45,0.45,0.45,0.45,0.45,0.45,0.45,0.45,0.45,0.45,0.45,0.45,0.45,0.45,0.45,0.45,0.45,0.45,0.45,0.45,0.45,0.45,0.45,0.45,0.45,0.45,0.45,0.45,0.45,0.45,0.45,0.45,0.45,0.45,0.45,0.45,0.45,0.45,0.45,0.45,0.45,0.45,0.45,0.45,0.45,0.45,0.45,0.45,0.45,0.45,0.45,0.45,0.45,0.45,0.45,0.45,0.45,0.45,0.45,0.45,0.45,0.45,0.45,0.45,0.45,0.45,0.45,0.45,0.45,0.45,0.45,0.45,0.45,0.45,0.45,0.45,0.45,0.45,0.45,0.45,0.45,0.45,0.45,0.45,0.45,0.45,0.45,0.45,0.45,0.45,0.45,0.45,0.45,0.45,0.45,0.45,0.45,0.45,0.45,0.45,0.45,0.45,0.45,0.45,0.45,0.45,0.45,0.45,0.45,0.45,0.45,0.45,0.45,0.45,0.45,0.45,0.45,0.45,0.45,0.45,0.45,0.45,0.45,0.45,0.45,0.45,0.45,0.45,0.45,0.45,0.45,0.45,0.45,0.45,0.45,0.45,0.45,0.45,0.45,0.45,0.45,0.45,0.45,0.45,0.45,0.45,0.45,0.45,0.45,0.45,0.45,0.45,0.45,0.45,0.45,0.45,0.45,0.45,0.45,0.45,0.45,0.45,0.45,0.45,0.45,0.45,0.45,0.45,0.45,0.45,0.45,0.45,0.45,0.45,0.45,0.45,0.45,0.45,0.45,0.45,0.45,0.45,0.45,0.45,0.45,0.45,0.45,0.45,0.45,0.45,0.45,0.45,0.45,0.45,0.45,0.45,0.45,0.45,0.45,0.45,0.45,0.45,0.45,0.45,0.45,0.45,0.45,0.45,0.45,0.45,0.45,0.45,0.45,0.45,0.45,0.45,0.45,0.45
α_R(FARC)*,0.59,0.59,0.59,0.59,0.59,0.59,0.59,0.59,0.59,0.59,0.59,0.59,0.59,0.59,0.59,0.59,0.59,0.59,0.59,0.59,0.59,0.59,0.59,0.59,0.59,0.59,0.59,0.59,0.59,0.59,0.59,0.59,0.59,0.59,0.59,0.59,0.59,0.59,0.59,0.59,0.59,0.59,0.59,0.59,0.59,0.59,0.59,0.59,0.59,0.59,0.59,0.59,0.59,0.59,0.59,0.59,0.59,0.59,0.59,0.59,0.59,0.59,0.59,0.59,0.59,0.59,0.59,0.59,0.59,0.59,0.59,0.59,0.59,0.59,0.59,0.59,0.59,0.59,0.59,0.59,0.59,0.59,0.59,0.59,0.59,0.59,0.59,0.59,0.59,0.59,0.59,0.59,0.59,0.59,0.59,0.59,0.59,0.59,0.59,0.59,0.59,0.59,0.59,0.59,0.59,0.59,0.59,0.59,0.59,0.59,0.59,0.59,0.59,0.59,0.59,0.59,0.59,0.59,0.59,0.59,0.59,0.59,0.59,0.59,0.59,0.59,0.59,0.59,0.59,0.59,0.59,0.59,0.59,0.59,0.59,0.59,0.59,0.59,0.59,0.59,0.59,0.59,0.59,0.59,0.59,0.59,0.59,0.59,0.59,0.59,0.59,0.59,0.59,0.59,0.59,0.59,0.59,0.59,0.59,0.59,0.59,0.59,0.59,0.59,0.59,0.59,0.59,0.59,0.59,0.59,0.59,0.59,0.59,0.59,0.59,0.59,0.59,0.59,0.59,0.59,0.59,0.59,0.59,0.59,0.59,0.59,0.59,0.59,0.59,0.59,0.59,0.59,0.59,0.59,0.59,0.59,0.59,0.59,0.59,0.59,0.59,0.59,0.59,0.59,0.59,0.59,0.59,0.59,0.59,0.59,0.59,0.59,0.59,0.59,0.59,0.59,0.59,0.59,0.59,0.59,0.59,0.59,0.59,0.59,0.59,0.59,0.59,0.59,0.59,0.59,0.59,0.59,0.59,0.59,0.59,0.59,0.59,0.59,0.59,0.59,0.59,0.59,0.59,0.59,0.59,0.59,0.59,0.59,0.59,0.59,0.59
γ_N(DC)*,0.59,0.67,0.59,0.59,0.59,0.59,0.59,0.59,0.59,0.59,0.59,0.59,0.59,0.59,0.59,0.59,0.59,0.59,0.59,0.59,0.59,0.59,0.59,0.59,0.58,0.58,0.58,0.58,0.58,0.58,0.58,0.58,0.58,0.58,0.58,0.58,0.58,0.58,0.58,0.58,0.58,0.58,0.58,0.58,0.58,0.58,0.58,0.58,0.58,0.58,0.58,0.58,0.58,0.58,0.58,0.58,0.58,0.58,0.58,0.58,0.58,0.58,0.58,0.58,0.58,0.58,0.58,0.58,0.58,0.58,0.58,0.58,0.58,0.58,0.58,0.58,0.58,0.58,0.58,0.58,0.58,0.58,0.58,0.58,0.58,0.58,0.58,0.58,0.58,0.58,0.58,0.58,0.58,0.58,0.58,0.58,0.58,0.58,0.58,0.58,0.58,0.58,0.58,0.58,0.58,0.58,0.58,0.58,0.58,0.58,0.58,0.58,0.58,0.58,0.58,0.58,0.58,0.58,0.58,0.58,0.58,0.58,0.58,0.58,0.58,0.58,0.58,0.58,0.58,0.58,0.58,0.58,0.58,0.58,0.58,0.58,0.58,0.58,0.58,0.58,0.58,0.58,0.58,0.58,0.58,0.58,0.58,0.58,0.58,0.58,0.58,0.58,0.58,0.58,0.58,0.58,0.58,0.58,0.58,0.58,0.58,0.58,0.58,0.58,0.58,0.58,0.58,0.58,0.58,0.58,0.58,0.58,0.58,0.58,0.58,0.58,0.58,0.58,0.58,0.58,0.58,0.58,0.58,0.58,0.58,0.58,0.58,0.58,0.58,0.58,0.58,0.58,0.58,0.58,0.58,0.58,0.58,0.58,0.58,0.58,0.58,0.58,0.58,0.58,0.58,0.58,0.58,0.58,0.58,0.58,0.58,0.58,0.58,0.58,0.58,0.58,0.58,0.58,0.58,0.58,0.58,0.58,0.58,0.58,0.58,0.58,0.58,0.58,0.58,0.58,0.58,0.58,0.58,0.58,0.58,0.58,0.58,0.58,0.58,0.58,0.58,0.58,0.58,0.58,0.58,0.58,0.58,0.58,0.58,0.58,0.58
γ_N(PAR)*,0.64,0.67,0.66,0.66,0.66,0.65,0.65,0.64,0.64,0.63,0.63,0.63,0.63,0.63,0.63,0.63,0.63,0.63,0.63,0.62,0.62,0.62,0.62,0.62,0.62,0.63,0.61,0.61,0.61,0.61,0.6,0.6,0.6,0.6,0.6,0.6,0.6,0.6,0.6,0.6,0.6,0.6,0.6,0.6,0.6,0.6,0.6,0.6,0.6,0.6,0.6,0.6,0.6,0.6,0.6,0.6,0.6,0.6,0.6,0.6,0.6,0.6,0.6,0.6,0.6,0.6,0.6,0.6,0.6,0.6,0.6,0.6,0.6,0.6,0.6,0.6,0.6,0.6,0.6,0.6,0.6,0.6,0.6,0.6,0.6,0.6,0.6,0.6,0.6,0.6,0.6,0.6,0.6,0.6,0.6,0.6,0.6,0.6,0.6,0.6,0.6,0.6,0.6,0.6,0.6,0.6,0.6,0.6,0.6,0.6,0.6,0.6,0.6,0.6,0.6,0.6,0.6,0.6,0.6,0.6,0.6,0.6,0.6,0.6,0.6,0.6,0.6,0.6,0.6,0.6,0.6,0.6,0.6,0.6,0.6,0.6,0.6,0.6,0.6,0.6,0.6,0.6,0.6,0.6,0.6,0.6,0.6,0.6,0.6,0.6,0.6,0.6,0.6,0.6,0.6,0.6,0.6,0.6,0.6,0.6,0.6,0.6,0.6,0.6,0.6,0.6,0.6,0.6,0.6,0.6,0.6,0.6,0.6,0.6,0.6,0.6,0.6,0.6,0.6,0.6,0.6,0.6,0.6,0.6,0.6,0.6,0.6,0.6,0.6,0.6,0.6,0.6,0.6,0.6,0.6,0.6,0.6,0.6,0.6,0.6,0.6,0.6,0.6,0.6,0.6,0.6,0.6,0.6,0.6,0.6,0.6,0.6,0.6,0.6,0.6,0.6,0.6,0.6,0.6,0.6,0.6,0.6,0.6,0.6,0.6,0.6,0.6,0.6,0.6,0.6,0.6,0.6,0.6,0.6,0.6,0.6,0.6,0.6,0.6,0.6,0.6,0.6,0.6,0.6,0.6,0.6,0.6,0.6,0.6,0.6,0.6
γ_N(ELN)*,0.6900000000000001,0.91,0.75,0.6900000000000001,0.6900000000000001,0.6900000000000001,0.6900000000000001,0.6900000000000001,0.6900000000000001,0.6900000000000001,0.6900000000000001,0.6900000000000001,0.6900000000000001,0.6900000000000001,0.6900000000000001,0.6900000000000001,0.68,0.68,0.68,0.68,0.68,0.68,0.68,0.68,0.67,0.67,0.67,0.67,0.67,0.67,0.66,0.66,0.66,0.66,0.66,0.66,0.66,0.66,0.66,0.66,0.66,0.66,0.66,0.66,0.66,0.66,0.66,0.66,0.66,0.66,0.66,0.66,0.66,0.66,0.66,0.66,0.66,0.66,0.66,0.66,0.66,0.66,0.66,0.66,0.66,0.66,0.66,0.66,0.66,0.66,0.66,0.66,0.66,0.66,0.66,0.66,0.66,0.66,0.66,0.66,0.66,0.66,0.66,0.66,0.66,0.66,0.66,0.66,0.66,0.66,0.66,0.66,0.66,0.66,0.66,0.66,0.66,0.66,0.66,0.66,0.66,0.66,0.66,0.66,0.66,0.66,0.66,0.66,0.66,0.66,0.66,0.66,0.66,0.66,0.66,0.66,0.66,0.66,0.66,0.66,0.66,0.66,0.66,0.66,0.66,0.66,0.66,0.66,0.66,0.66,0.66,0.66,0.66,0.66,0.66,0.66,0.66,0.66,0.66,0.66,0.66,0.66,0.66,0.66,0.66,0.66,0.66,0.66,0.66,0.66,0.66,0.66,0.66,0.66,0.66,0.66,0.66,0.66,0.66,0.66,0.66,0.66,0.66,0.66,0.66,0.66,0.66,0.66,0.66,0.66,0.66,0.66,0.66,0.66,0.66,0.66,0.66,0.66,0.66,0.66,0.66,0.66,0.66,0.66,0.66,0.66,0.66,0.66,0.66,0.66,0.66,0.66,0.66,0.66,0.66,0.66,0.66,0.66,0.66,0.66,0.66,0.66,0.66,0.66,0.66,0.66,0.66,0.66,0.66,0.66,0.66,0.66,0.66,0.66,0.66,0.66,0.66,0.66,0.66,0.66,0.66,0.66,0.66,0.66,0.66,0.66,0.66,0.66,0.66,0.66,0.66,0.66,0.66,0.66,0.66,0.66,0.66,0.66,0.66,0.66,0.66,0.66,0.66,0.66,0.66,0.66,0.66,0.66,0.66,0.66,0.66
γ_N(FARC)*,0.74,0.74,0.74,0.74,0.74,0.74,0.74,0.74,0.74,0.74,0.74,0.74,0.74,0.74,0.74,0.74,0.74,0.74,0.74,0.74,0.74,0.74,0.74,0.73,0.73,0.73,0.73,0.73,0.73,0.73,0.73,0.73,0.73,0.73,0.73,0.73,0.73,0.73,0.73,0.73,0.73,0.73,0.73,0.73,0.73,0.73,0.73,0.73,0.73,0.73,0.73,0.73,0.73,0.73,0.73,0.73,0.73,0.73,0.73,0.73,0.73,0.73,0.73,0.73,0.73,0.73,0.73,0.73,0.73,0.73,0.73,0.73,0.73,0.73,0.73,0.73,0.73,0.73,0.73,0.73,0.73,0.73,0.73,0.73,0.73,0.73,0.73,0.73,0.73,0.73,0.73,0.73,0.73,0.73,0.73,0.73,0.73,0.73,0.73,0.73,0.73,0.73,0.73,0.73,0.73,0.73,0.73,0.73,0.73,0.73,0.73,0.73,0.73,0.73,0.73,0.73,0.73,0.73,0.73,0.73,0.73,0.73,0.73,0.73,0.73,0.73,0.73,0.73,0.73,0.73,0.73,0.73,0.73,0.73,0.73,0.73,0.73,0.73,0.73,0.73,0.73,0.73,0.73,0.73,0.73,0.73,0.73,0.73,0.73,0.73,0.73,0.73,0.73,0.73,0.73,0.73,0.73,0.73,0.73,0.73,0.73,0.73,0.73,0.73,0.73,0.73,0.73,0.73,0.73,0.73,0.73,0.73,0.73,0.73,0.73,0.73,0.73,0.73,0.73,0.73,0.73,0.73,0.73,0.73,0.73,0.73,0.73,0.73,0.73,0.73,0.73,0.73,0.73,0.73,0.73,0.73,0.73,0.73,0.73,0.73,0.73,0.73,0.73,0.73,0.73,0.73,0.73,0.73,0.73,0.73,0.73,0.73,0.73,0.73,0.73,0.73,0.73,0.73,0.73,0.73,0.73,0.73,0.73,0.73,0.73,0.73,0.73,0.73,0.73,0.73,0.73,0.73,0.73,0.73,0.73,0.73,0.73,0.73,0.73,0.73,0.73,0.73,0.73,0.73,0.73,0.73,0.73,0.73,0.73,0.73,0.73
α_N(DC)*,0.62,0.73,0.62,0.62,0.62,0.62,0.62,0.62,0.62,0.62,0.62,0.62,0.62,0.62,0.62,0.62,0.62,0.62,0.62,0.62,0.62,0.62,0.62,0.62,0.62,0.62,0.62,0.62,0.62,0.61,0.61,0.61,0.61,0.61,0.61,0.61,0.61,0.61,0.61,0.61,0.61,0.61,0.61,0.61,0.61,0.61,0.61,0.61,0.61,0.61,0.61,0.61,0.61,0.61,0.61,0.61,0.61,0.61,0.61,0.61,0.61,0.61,0.61,0.61,0.61,0.61,0.61,0.61,0.61,0.61,0.61,0.61,0.61,0.61,0.61,0.61,0.61,0.61,0.61,0.61,0.61,0.61,0.61,0.61,0.61,0.61,0.61,0.61,0.61,0.61,0.61,0.61,0.61,0.61,0.61,0.61,0.61,0.61,0.61,0.61,0.61,0.61,0.61,0.61,0.61,0.61,0.61,0.61,0.61,0.61,0.61,0.61,0.61,0.61,0.61,0.61,0.61,0.61,0.61,0.61,0.61,0.61,0.61,0.61,0.61,0.61,0.61,0.61,0.61,0.61,0.61,0.61,0.61,0.61,0.61,0.61,0.61,0.61,0.61,0.61,0.61,0.61,0.61,0.61,0.61,0.61,0.61,0.61,0.61,0.61,0.61,0.61,0.61,0.61,0.61,0.61,0.61,0.61,0.61,0.61,0.61,0.61,0.61,0.61,0.61,0.61,0.61,0.61,0.61,0.61,0.61,0.61,0.61,0.61,0.61,0.61,0.61,0.61,0.61,0.61,0.61,0.61,0.61,0.61,0.61,0.61,0.61,0.61,0.61,0.61,0.61,0.61,0.61,0.61,0.61,0.61,0.61,0.61,0.61,0.61,0.61,0.61,0.61,0.61,0.61,0.61,0.61,0.61,0.61,0.61,0.61,0.61,0.61,0.61,0.61,0.61,0.61,0.61,0.61,0.61,0.61,0.61,0.61,0.61,0.61,0.61,0.61,0.61,0.61,0.61,0.61,0.61,0.61,0.61,0.61,0.61,0.61,0.61,0.61,0.61,0.61,0.61,0.61,0.61,0.61,0.61,0.61,0.61,0.61,0.61,0.61
α_N(PAR)*,0.67,0.71,0.71,0.7000000000000001,0.6900000000000001,0.6900000000000001,0.68,0.68,0.67,0.67,0.67,0.67,0.67,0.67,0.67,0.67,0.67,0.68,0.68,0.6900000000000001,0.6900000000000001,0.6900000000000001,0.6900000000000001,0.6900000000000001,0.6900000000000001,0.68,0.71,0.71,0.71,0.71,0.72,0.72,0.72,0.72,0.72,0.72,0.72,0.72,0.72,0.72,0.72,0.72,0.72,0.72,0.72,0.72,0.72,0.72,0.72,0.72,0.72,0.72,0.72,0.72,0.72,0.72,0.72,0.72,0.72,0.72,0.72,0.72,0.72,0.72,0.72,0.72,0.72,0.72,0.72,0.72,0.72,0.72,0.72,0.72,0.72,0.72,0.72,0.72,0.72,0.72,0.72,0.72,0.72,0.72,0.72,0.72,0.72,0.72,0.72,0.72,0.72,0.72,0.72,0.72,0.72,0.72,0.72,0.72,0.72,0.72,0.72,0.72,0.72,0.72,0.72,0.72,0.72,0.72,0.72,0.72,0.72,0.72,0.72,0.72,0.72,0.72,0.72,0.72,0.72,0.72,0.72,0.72,0.72,0.72,0.72,0.72,0.72,0.72,0.72,0.72,0.72,0.72,0.72,0.72,0.72,0.72,0.72,0.72,0.72,0.72,0.72,0.72,0.72,0.72,0.72,0.72,0.72,0.72,0.72,0.72,0.72,0.72,0.72,0.72,0.72,0.72,0.72,0.72,0.72,0.72,0.72,0.72,0.72,0.72,0.72,0.72,0.72,0.72,0.72,0.72,0.72,0.72,0.72,0.72,0.72,0.72,0.72,0.72,0.72,0.72,0.72,0.72,0.72,0.72,0.72,0.72,0.72,0.72,0.72,0.72,0.72,0.72,0.72,0.72,0.72,0.72,0.72,0.72,0.72,0.72,0.72,0.72,0.72,0.72,0.72,0.72,0.72,0.72,0.72,0.72,0.72,0.72,0.72,0.72,0.72,0.72,0.72,0.72,0.72,0.72,0.72,0.72,0.72,0.72,0.72,0.72,0.72,0.72,0.72,0.72,0.72,0.72,0.72,0.72,0.72,0.72,0.72,0.72,0.72,0.72,0.72,0.72,0.72,0.72,0.72,0.72,0.72,0.72,0.72,0.72,0.72
α_N(ELN)*,0.72,0.99,0.77,0.72,0.72,0.72,0.72,0.72,0.72,0.72,0.72,0.72,0.72,0.72,0.72,0.72,0.72,0.72,0.72,0.72,0.71,0.71,0.71,0.71,0.71,0.71,0.71,0.71,0.71,0.71,0.71,0.71,0.71,0.71,0.71,0.71,0.71,0.71,0.71,0.71,0.71,0.71,0.71,0.71,0.71,0.71,0.71,0.71,0.71,0.71,0.71,0.71,0.71,0.71,0.71,0.71,0.71,0.71,0.71,0.71,0.71,0.71,0.71,0.71,0.71,0.71,0.71,0.71,0.71,0.71,0.71,0.71,0.71,0.71,0.71,0.71,0.71,0.71,0.71,0.71,0.71,0.71,0.71,0.71,0.71,0.71,0.71,0.71,0.71,0.71,0.71,0.71,0.71,0.71,0.71,0.71,0.71,0.71,0.71,0.71,0.71,0.71,0.71,0.71,0.71,0.71,0.71,0.71,0.71,0.71,0.71,0.71,0.71,0.71,0.71,0.71,0.71,0.71,0.71,0.71,0.71,0.71,0.71,0.71,0.71,0.71,0.71,0.71,0.71,0.71,0.71,0.71,0.71,0.71,0.71,0.71,0.71,0.71,0.71,0.71,0.71,0.71,0.71,0.71,0.71,0.71,0.71,0.71,0.71,0.71,0.71,0.71,0.71,0.71,0.71,0.71,0.71,0.71,0.71,0.71,0.71,0.71,0.71,0.71,0.71,0.71,0.71,0.71,0.71,0.71,0.71,0.71,0.71,0.71,0.71,0.71,0.71,0.71,0.71,0.71,0.71,0.71,0.71,0.71,0.71,0.71,0.71,0.71,0.71,0.71,0.71,0.71,0.71,0.71,0.71,0.71,0.71,0.71,0.71,0.71,0.71,0.71,0.71,0.71,0.71,0.71,0.71,0.71,0.71,0.71,0.71,0.71,0.71,0.71,0.71,0.71,0.71,0.71,0.71,0.71,0.71,0.71,0.71,0.71,0.71,0.71,0.71,0.71,0.71,0.71,0.71,0.71,0.71,0.71,0.71,0.71,0.71,0.71,0.71,0.71,0.71,0.71,0.71,0.71,0.71,0.71,0.71,0.71,0.71,0.71,0.71
α_N(FARC)*,0.77,0.77,0.77,0.77,0.77,0.77,0.77,0.77,0.77,0.77,0.77,0.77,0.77,0.77,0.77,0.77,0.77,0.77,0.77,0.77,0.77,0.77,0.77,0.77,0.77,0.77,0.77,0.77,0.77,0.77,0.76,0.76,0.76,0.76,0.76,0.76,0.76,0.76,0.76,0.76,0.76,0.76,0.76,0.76,0.76,0.76,0.76,0.76,0.76,0.76,0.76,0.76,0.76,0.76,0.76,0.76,0.76,0.76,0.76,0.76,0.76,0.76,0.76,0.76,0.76,0.76,0.76,0.76,0.76,0.76,0.76,0.76,0.76,0.76,0.76,0.76,0.76,0.76,0.76,0.76,0.76,0.76,0.76,0.76,0.76,0.76,0.76,0.76,0.76,0.76,0.76,0.76,0.76,0.76,0.76,0.76,0.76,0.76,0.76,0.76,0.76,0.76,0.76,0.76,0.76,0.76,0.76,0.76,0.76,0.76,0.76,0.76,0.76,0.76,0.76,0.76,0.76,0.76,0.76,0.76,0.76,0.76,0.76,0.76,0.76,0.76,0.76,0.76,0.76,0.76,0.76,0.76,0.76,0.76,0.76,0.76,0.76,0.76,0.76,0.76,0.76,0.76,0.76,0.76,0.76,0.76,0.76,0.76,0.76,0.76,0.76,0.76,0.76,0.76,0.76,0.76,0.76,0.76,0.76,0.76,0.76,0.76,0.76,0.76,0.76,0.76,0.76,0.76,0.76,0.76,0.76,0.76,0.76,0.76,0.76,0.76,0.76,0.76,0.76,0.76,0.76,0.76,0.76,0.76,0.76,0.76,0.76,0.76,0.76,0.76,0.76,0.76,0.76,0.76,0.76,0.76,0.76,0.76,0.76,0.76,0.76,0.76,0.76,0.76,0.76,0.76,0.76,0.76,0.76,0.76,0.76,0.76,0.76,0.76,0.76,0.76,0.76,0.76,0.76,0.76,0.76,0.76,0.76,0.76,0.76,0.76,0.76,0.76,0.76,0.76,0.76,0.76,0.76,0.76,0.76,0.76,0.76,0.76,0.76,0.76,0.76,0.76,0.76,0.76,0.76,0.76,0.76,0.76,0.76,0.76,0.76
H(μ_τ),1.3040114826148388,1.2985591002244155,1.3862943611198906,1.3862943611198906,1.3862943611198906,1.3862943611198906,1.3862943611198906,1.3736900589990686,1.339406285606718,1.2895437383435486,1.3721963548883336,1.3400862088153132,1.2940488260740004,1.2388694497953447,1.3374036192085257,1.2948637517292874,1.3596720845607253,1.3512741183081183,1.3590284254192215,1.3498531901462925,1.3360465784235593,1.2551266506486167,1.2934437736153024,1.3166522275705994,1.3254241970897578,1.3208977081413527,1.3051560841036092,1.2804928591856177,1.3012442946868654,1.2731117493931898,1.2814051021093353,1.2794184984761543,1.268557589894903,1.2565975715754516,1.2554891433561852,1.2227900412323394,1.2304990073136786,1.1811867278249606,1.1962622970359988,1.2035972205289298,1.2038201425154806,1.197718334473331,1.1861679477374962,1.170062964709975,1.1502687653892483,1.1277474791423248,1.1029887224257566,1.1277402790522972,1.1069053491822647,1.0838334808029266,1.0593936532482455,1.0846683991372041,1.0632545018727328,1.0401296390444983,1.0160702510918092,0.9914181758884069,0.9668040913941481,0.9425111763076751,0.9189003796746902,0.8964485133838019,0.8753922979884017,0.9001378034126617,0.9271923995984218,0.9037195265001483,0.8808436995991666,0.907228942920546,0.8838130577179177,0.8608590755848069,0.8876692141465627,0.8643357455801857,0.892081339574938,0.9172783053976654,0.8968509076733403,0.9185575445585618,0.9008518197646018,0.8809321273623496,0.8593434553259796,0.8365119018389694,0.8127442234541841,0.7885448958311903,0.7645485832909309,0.7966861351417025,0.8296542136939354,0.8068594041378498,0.7828542088955601,0.7579790428253596,0.7329248453044844,0.769866689674133,0.7446319511997502,0.7190171952998192,0.6935471086952517,0.6685484617827677,0.7062104594563415,0.7477311639609665,0.722135415513153,0.6955627513931335,0.7478755097619022,0.7404652645568528,0.7283791337052204,0.7427312565747938,0.732803043762226,0.7379871272777248,0.7380789126484617,0.7255153758079992,0.6875253108039023,0.7048228840222008,0.7178788055545748,0.7261238963765322,0.6204226176112903,0.6850376397773188,0.6572174779303925,0.6267739003057374,0.5938026762038507,0.6620424125259646,0.6326050030036999,0.6923475907329821,0.6670929407415213,0.6387575429434125,0.6958046819006358,0.732040099680815,0.7178385505919613,0.6995453108468493,0.6772159423650497,0.7193145381371551,0.7027563594709889,0.6819957121947995,0.6574914029916723,0.6297398534459868,0.6859823311328135,0.720744633579062,0.7076531804757642,0.6902153777781038,0.6685416438318543,0.6431805953871368,0.6146925068093748,0.5832594844562838,0.5499599547356232,0.5154863873136093,0.4802386766324223,0.44506565229085293,0.41048912208926214,0.3769414917979999,0.34476469446182784,0.3142143256230644,0.2852661874838322,0.25825766142757983,0.23323908080691969,0.21021190910400386,0.1890023943697056,0.2369942549934325,0.29488179089384,0.2670808711044339,0.2412480431948066,0.2174038962911275,0.19538391992648937,0.17530107598187697,0.15707417167111679,0.19853122737941353,0.17808336790106213,0.15950529494671895,0.20181782183518623,0.18100640614560645,0.16207815779384124,0.14494039003997744,0.12948726336786742,0.11560532087821325,0.10317786851450714,0.09208834702895502,0.08222284851171786,0.07347192437961789,0.06573181895786914,0.05890524672248802,0.05290181425661299,0.06629327561667042,0.05927782208778055,0.053099660464569175,0.06697969482692756,0.05977673880003741,0.07613070547302117,0.0976912978255078,0.12555224748904437,0.160874852429183,0.2047435570275846,0.18336792912001224,0.23222664058547338,0.2086872151822308,0.26269110662750567,0.23680181926342517,0.21287963987329997,0.19076144661613353,0.17056289737189426,0.15220412350172702,0.13558763187840528,0.12060471769539004,0.10714061903920205,0.1382269855557192,0.1229546797166751,0.1092212953732313,0.1409419573574824,0.12537784056624987,0.11137271073102299,0.09881013973236881,0.08757374183811022,0.07754971014627281,0.10077569440738253,0.1304343016758074,0.11587777397812532,0.10280449856669363,0.0910977634924065,0.11822736302836476,0.1048945752383746,0.09294865273052705,0.12063948530402546,0.10704426783608782,0.0948563112600193,0.0839597755323596,0.07424197757877404,0.06559503524276342,0.057916967670951655,0.07577459854778563,0.0669406769190628,0.05909299463216043,0.07735558636766698,0.06833212482757652,0.0893263133866575,0.07898374894002191,0.06976807120551135,0.061574047192231654,0.08065811839078155,0.07124744305611729,0.06287645832111251,0.1968819533522974,0.17599695747147104,0.15697545531021612,0.13972597171857187,0.12414354337561294,0.11011534690853535,0.09752514343855016,0.08625669446714371,0.11246255191962254,0.09962498920526722,0.0881295746155633,0.07786201086602579,0.06871209708476998,0.09004501510653978,0.11730540756605053,0.1516777018994857,0.1349223158153919,0.11980145880860243,0.10620089203954614,0.09400405712351699
ΔH,0.008244333521409963,0.020052745188750665,0.026126552261313885,0.026154486962976176,0.026110427944571635,0.02616063510673139,0.026221985388969804,0.024636292994859144,0.0224059720419445,0.01985762492101517,0.023910384899198167,0.021826749810779145,0.019620987068945217,0.01724075469854114,0.021395883633776425,0.019310962380224783,0.022600708693918614,0.023585810933162366,0.02313684643188041,0.022179388304394587,0.022959905357102572,0.021530686132052113,0.022134446211278025,0.02241710002234587,0.022114598181941947,0.021521967095923467,0.020674484523250714,0.019656184798934495,0.02117476738643176,0.021484180488004156,0.021329051879413807,0.02073414557979203,0.019944166236101513,0.020329149493621967,0.019815507773993435,0.01973167204197357,0.01945931356649022,0.01888269481477889,0.018824139320470668,0.01858295448026759,0.01817133355181899,0.01764047111934497,0.01700468015775103,0.016314557946210284,0.015525508076439154,0.014838622242526078,0.014042497650692987,0.015005124376381573,0.014386537247495834,0.013656485903487114,0.01299931717895153,0.013828528554169717,0.013266328046764642,0.012605225335566184,0.012015454914078294,0.011397781672770724,0.010851198203043921,0.010352330968430024,0.009848593448440468,0.009393571603150797,0.009029849473967233,0.009587228082486576,0.010245691410062596,0.009736227567384903,0.009334317607887166,0.009982931685608265,0.009482438084062128,0.00901346797014524,0.009698295254824352,0.009249040992078128,0.009946169854852749,0.010660120827344022,0.010195013025799948,0.010796145504699317,0.01046538269313535,0.01002287518825884,0.00956154207914639,0.009129317408434257,0.008682837135571386,0.008213528316086571,0.007797940191650254,0.008501984915903482,0.00926972142684157,0.008817559818831477,0.0083899554382445,0.00792218812658263,0.007489344612053861,0.008288949857065409,0.007820737855711468,0.0073583147915096125,0.006934195164689516,0.00653554747430507,0.007266898653751741,0.00810673169537035,0.007677666454789733,0.007208250023716389,0.008603574666319447,0.008455828833594636,0.008228630034206819,0.008543449944859671,0.008385805978657457,0.008530157110149261,0.00852113145782507,0.008305577563143762,0.007686186781853732,0.008000595871942573,0.008214864768371188,0.008350086622545994,0.007163578675492999,0.008082576187201762,0.007669061551934919,0.007267914022266453,0.006773205698636708,0.007747366339648454,0.00736346584466141,0.008198023962601386,0.007828077047118298,0.00746298026323744,0.008251328982147199,0.008703334049334432,0.008524439072115197,0.008307503946144545,0.007986920709147416,0.008542057255178648,0.008354884083160763,0.008060712055931174,0.007703218554266811,0.007347496746577753,0.008122050763042399,0.008552899296918048,0.008390569518499702,0.008185839057808342,0.007874905602899274,0.007502770280163107,0.007134151154241208,0.006666113199166546,0.006174402994864603,0.005694902067124641,0.005188713028287328,0.004694402120358654,0.00422021028956121,0.003772267230189863,0.003354731441443659,0.0029817762942323522,0.0026270709783258184,0.0023066198220610956,0.0020193499179154972,0.0017692310226979369,0.0015406151580364402,0.0020669375318520533,0.002753331187661412,0.0024198334433196966,0.0021199144639557632,0.0018580710112161558,0.0016181129945413708,0.0014065044082536837,0.0012207828476876736,0.001655937465030094,0.0014393794431959983,0.0012491316669318298,0.0016950216224315695,0.0014734592830907833,0.0012786298396217088,0.0011080483106568895,0.0009592610142390157,0.0008299140117167814,0.0007177974312534696,0.0006208711816239609,0.0005372767977999127,0.00046533932575169856,0.00040356235574896815,0.00035061860409778267,0.000305337843848813,0.0004107242425929192,0.00035614053202179946,0.00030940814772788955,0.00041862948630658203,0.00036239275811967425,0.0004946256525188986,0.0006795931597575189,0.0009346231826697776,0.001281037765913734,0.0017431927118231605,0.0015145462400743548,0.002043118849339387,0.0017876578184940761,0.0023951277428530537,0.0020961780949579345,0.0018349598989711724,0.001595458772853553,0.0013840927772887646,0.0011984232740819833,0.0010359809525559982,0.0008943533794692482,0.0007712444525761197,0.0010625298173660702,0.0009173584578452687,0.0007910990003586749,0.001089833873693269,0.0009410512028880796,0.0008115785844700352,0.0006992166392875282,0.0006019342264370203,0.0005178804514268526,0.000717416798619655,0.0009904978898410965,0.0008544046527612648,0.0007361785578333668,0.0006337272659590054,0.0008767521470929712,0.0007555018247971251,0.000650382570897029,0.0008997261739613349,0.0007753882371862864,0.0006675432779177232,0.0005742125350467198,0.0004935987505755857,0.0004240859491341231,0.00036423310450110075,0.0005066726383221171,0.0004352868048991265,0.00037380266798429235,0.0005201529832838808,0.0004468508075617522,0.0006212386292663991,0.0005340413765148183,0.0004587782083207287,0.00039391631508921277,0.000548340580434778,0.00047107047341904407,0.000404459566322804,0.0016693881601813065,0.001448688719731528,0.0012544765626924248,0.0010842903342465349,0.0009356968496221918,0.0008063600003658661,0.0006940854048584216,0.0005968463669055457,0.0008278706415420362,0.000712724852742902,0.000612960202742513,0.0005266975171570321,0.0004522396148791269,0.0006295089855974934,0.0008725732875344977,0.0012021747448635323,0.0010385319377962943,0.000895786438267071,0.0007716398438626509,0.0006639447574393331
Γ_τ(μ_τ) feasible,False,True,True,True,True,True,True,True,True,True,True,True,True,True,True,True,True,True,True,True,True,True,True,True,True,True,True,True,True,True,True,True,True,True,True,True,True,True,True,True,True,True,True,True,True,True,True,True,True,True,True,True,True,True,True,True,True,True,True,True,True,True,True,True,True,True,True,True,True,True,True,True,True,True,True,True,True,True,True,True,True,True,True,True,True,True,True,True,True,True,True,True,True,True,True,True,True,True,True,True,True,True,True,True,True,True,True,True,True,True,True,True,True,True,True,True,True,True,True,True,True,True,True,True,True,True,True,True,True,True,True,True,True,True,True,True,True,True,True,True,True,True,True,True,True,True,True,True,True,True,True,True,True,True,True,True,True,True,True,True,True,True,True,True,True,True,True,True,True,True,True,True,True,True,True,True,True,True,True,True,True,True,True,True,True,True,True,True,True,True,True,True,True,True,True,True,True,True,True,True,True,True,True,True,True,True,True,True,True,True,True,True,True,True,True,True,True,True,True,True,True,True,True,True,True,True,True,True,True,True,True,True,True,True,True,True,True,True,True,True,True,True,True,True,True,True,True,True,True,True,True
IR^K(ELN) OK,Yes,No,No,Yes,Yes,Yes,Yes,Yes,Yes,Yes,Yes,Yes,Yes,Yes,Yes,Yes,Yes,Yes,Yes,Yes,Yes,Yes,Yes,Yes,Yes,Yes,Yes,Yes,Yes,Yes,Yes,Yes,Yes,Yes,Yes,Yes,Yes,Yes,Yes,Yes,Yes,Yes,Yes,Yes,Yes,Yes,Yes,Yes,Yes,Yes,Yes,Yes,Yes,Yes,Yes,Yes,Yes,Yes,Yes,Yes,Yes,Yes,Yes,Yes,Yes,Yes,Yes,Yes,Yes,Yes,Yes,Yes,Yes,Yes,Yes,Yes,Yes,Yes,Yes,Yes,Yes,Yes,Yes,Yes,Yes,Yes,Yes,Yes,Yes,Yes,Yes,Yes,Yes,Yes,Yes,Yes,Yes,Yes,Yes,Yes,Yes,Yes,Yes,Yes,Yes,Yes,Yes,Yes,Yes,Yes,Yes,Yes,Yes,Yes,Yes,Yes,Yes,Yes,Yes,Yes,Yes,Yes,Yes,Yes,Yes,Yes,Yes,Yes,Yes,Yes,Yes,Yes,Yes,Yes,Yes,Yes,Yes,Yes,Yes,Yes,Yes,Yes,Yes,Yes,Yes,Yes,Yes,Yes,Yes,Yes,Yes,Yes,Yes,Yes,Yes,Yes,Yes,Yes,Yes,Yes,Yes,Yes,Yes,Yes,Yes,Yes,Yes,Yes,Yes,Yes,Yes,Yes,Yes,Yes,Yes,Yes,Yes,Yes,Yes,Yes,Yes,Yes,Yes,Yes,Yes,Yes,Yes,Yes,Yes,Yes,Yes,Yes,Yes,Yes,Yes,Yes,Yes,Yes,Yes,Yes,Yes,Yes,Yes,Yes,Yes,Yes,Yes,Yes,Yes,Yes,Yes,Yes,Yes,Yes,Yes,Yes,Yes,Yes,Yes,Yes,Yes,Yes,Yes,Yes,Yes,Yes,Yes,Yes,Yes,Yes,Yes,Yes,Yes,Yes,Yes,Yes,Yes,Yes,Yes,Yes,Yes,Yes,Yes,Yes,Yes,Yes,Yes,Yes,Yes,Yes,Yes
-sgn(κ_h(DC)),0,-1,-1,1,1,-1,1,-1,1,-1,-1,-1,-1,-1,-1,-1,-1,-1,1,-1,-1,1,-1,-1,-1,1,1,-1,-1,-1,-1,-1,-1,1,1,-1,-1,-1,-1,1,-1,-1,-1,-1,-1,1,-1,-1,1,1,-1,-1,-1,1,-1,1,-1,-1,-1,-1,1,1,-1,1,-1,-1,1,1,-1,1,-1,-1,1,-1,-1,-1,-1,1,-1,-1,1,1,1,-1,-1,-1,1,1,1,-1,-1,-1,1,-1,-1,-1,-1,1,-1,-1,-1,1,1,1,-1,-1,1,-1,1,-1,1,1,-1,1,-1,-1,-1,1,1,-1,1,1,-1,-1,1,1,-1,-1,-1,-1,-1,1,-1,-1,-1,-1,-1,-1,-1,-1,1,-1,-1,1,-1,-1,-1,-1,-1,1,1,-1,-1,1,-1,-1,-1,1,-1,-1,-1,-1,-1,-1,-1,-1,-1,-1,1,-1,1,1,-1,-1,-1,-1,-1,-1,-1,1,1,-1,1,-1,-1,-1,-1,-1,-1,-1,-1,-1,1,1,1,-1,1,-1,-1,-1,1,1,1,-1,1,-1,1,-1,-1,1,-1,-1,-1,-1,1,1,-1,1,1,-1,1,-1,-1,-1,-1,-1,-1,-1,1,-1,1,-1,-1,-1,1,1,1,-1,-1,-1,1,1,-1,-1,-1,-1,1,1,1,-1,1
-sgn(κ_h(PAR)),0,-1,-1,-1,-1,-1,-1,-1,-1,-1,-1,-1,-1,-1,-1,-1,-1,-1,-1,-1,-1,-1,-1,-1,-1,-1,-1,-1,-1,-1,-1,-1,-1,-1,-1,-1,-1,-1,-1,-1,-1,-1,-1,-1,-1,-1,-1,-1,-1,-1,-1,-1,-1,-1,-1,-1,-1,-1,-1,-1,-1,-1,-1,-1,-1,-1,-1,-1,-1,-1,-1,-1,-1,-1,-1,-1,-1,-1,-1,-1,-1,-1,-1,-1,-1,-1,-1,-1,-1,-1,-1,-1,-1,-1,-1,-1,-1,-1,-1,-1,-1,-1,-1,-1,-1,-1,-1,-1,-1,-1,-1,-1,-1,-1,-1,-1,-1,-1,-1,-1,-1,-1,-1,-1,-1,-1,-1,-1,-1,-1,-1,-1,-1,-1,-1,-1,-1,-1,-1,-1,-1,-1,-1,-1,-1,-1,-1,-1,-1,-1,-1,-1,-1,-1,-1,-1,-1,-1,-1,-1,-1,-1,-1,-1,-1,-1,-1,-1,-1,-1,-1,-1,-1,-1,-1,-1,-1,-1,-1,-1,-1,-1,-1,-1,-1,-1,-1,-1,-1,-1,-1,-1,-1,-1,-1,-1,-1,-1,-1,-1,-1,-1,-1,-1,-1,-1,-1,-1,-1,-1,-1,-1,-1,-1,-1,-1,-1,-1,-1,-1,-1,-1,-1,-1,-1,-1,-1,-1,-1,-1,-1,-1,-1,-1,-1,-1,-1,-1,-1,-1,-1,-1,-1,-1,-1,-1,-1,-1,-1,-1,-1
-sgn(κ_h(ELN)),0,-1,-1,1,1,-1,-1,-1,1,-1,-1,-1,-1,-1,-1,-1,-1,-1,-1,-1,-1,1,-1,-1,-1,-1,-1,-1,-1,-1,-1,-1,-1,1,-1,-1,-1,-1,-1,1,-1,-1,-1,-1,-1,-1,-1,-1,-1,-1,-1,-1,-1,-1,-1,-1,-1,-1,-1,-1,-1,-1,-1,1,-1,-1,-1,-1,-1,-1,-1,-1,-1,-1,-1,-1,-1,-1,-1,-1,-1,-1,-1,-1,-1,-1,-1,-1,-1,-1,-1,-1,-1,-1,-1,-1,-1,1,-1,-1,-1,-1,-1,-1,-1,-1,-1,-1,-1,-1,-1,-1,-1,-1,-1,-1,-1,-1,-1,-1,-1,-1,-1,-1,1,-1,-1,-1,-1,-1,-1,-1,-1,-1,-1,-1,-1,-1,-1,-1,-1,-1,-1,-1,-1,-1,-1,-1,-1,1,-1,-1,-1,-1,-1,-1,-1,-1,-1,-1,-1,-1,-1,-1,-1,-1,-1,-1,1,-1,-1,-1,-1,-1,-1,-1,-1,-1,-1,-1,-1,-1,-1,-1,-1,-1,-1,-1,-1,-1,-1,-1,-1,-1,-1,-1,-1,-1,-1,-1,-1,-1,-1,-1,1,-1,-1,-1,-1,-1,-1,-1,-1,-1,-1,1,-1,-1,-1,-1,-1,-1,-1,-1,-1,-1,-1,-1,-1,-1,1,-1,-1,-1,-1,-1,-1,-1,-1,-1,-1,-1,-1,-1,-1,-1,-1,-1,-1,-1,-1
-sgn(κ_h(FARC)),0,-1,-1,-1,-1,-1,-1,-1,-1,-1,-1,-1,-1,-1,-1,-1,-1,-1,-1,-1,-1,-1,-1,-1,-1,-1,-1,-1,-1,-1,-1,-1,-1,-1,-1,-1,-1,-1,-1,-1,-1,-1,-1,-1,-1,-1,-1,-1,-1,-1,-1,-1,-1,-1,-1,-1,-1,-1,-1,-1,-1,-1,-1,-1,-1,-1,-1,-1,-1,-1,-1,-1,-1,-1,-1,-1,-1,-1,-1,-1,-1,-1,-1,-1,-1,-1,-1,-1,-1,-1,-1,-1,-1,-1,-1,-1,-1,-1,-1,-1,-1,-1,-1,-1,-1,-1,-1,-1,-1,-1,-1,-1,-1,-1,-1,-1,-1,-1,-1,-1,-1,-1,-1,-1,-1,-1,-1,-1,-1,-1,-1,-1,-1,-1,-1,-1,-1,-1,-1,-1,-1,-1,-1,-1,-1,-1,-1,-1,-1,-1,-1,-1,-1,-1,-1,-1,-1,-1,-1,-1,-1,-1,-1,-1,-1,-1,-1,-1,-1,-1,-1,-1,-1,-1,-1,-1,-1,-1,-1,-1,-1,-1,-1,-1,-1,-1,-1,-1,-1,-1,-1,-1,-1,-1,-1,-1,-1,-1,-1,-1,-1,-1,-1,-1,-1,-1,-1,-1,-1,-1,-1,-1,-1,-1,-1,-1,-1,-1,-1,-1,-1,-1,-1,-1,-1,-1,-1,-1,-1,-1,-1,-1,-1,-1,-1,-1,-1,-1,-1,-1,-1,-1,-1,-1,-1,-1,-1,-1,-1,-1,-1
m outcome,Continue Captivity (cont),Continue Captivity (cont),Continue Captivity (cont),Continue Captivity (cont),Continue Captivity (cont),Continue Captivity (cont),Continue Captivity (cont),Continue Captivity (cont),Continue Captivity (cont),Continue Captivity (cont),Continue Captivity (cont),Continue Captivity (cont),Continue Captivity (cont),Continue Captivity (cont),Continue Captivity (cont),Continue Captivity (cont),Continue Captivity (cont),Continue Captivity (cont),Continue Captivity (cont),Continue Captivity (cont),Continue Captivity (cont),Continue Captivity (cont),Continue Captivity (cont),Continue Captivity (cont),Continue Captivity (cont),Continue Captivity (cont),Continue Captivity (cont),Continue Captivity (cont),Continue Captivity (cont),Continue Captivity (cont),Continue Captivity (cont),Continue Captivity (cont),Continue Captivity (cont),Continue Captivity (cont),Continue Captivity (cont),Continue Captivity (cont),Continue Captivity (cont),Continue Captivity (cont),Continue Captivity (cont),Continue Captivity (cont),Continue Captivity (cont),Continue Captivity (cont),Continue Captivity (cont),Continue Captivity (cont),Continue Captivity (cont),Continue Captivity (cont),Continue Captivity (cont),Continue Captivity (cont),Continue Captivity (cont),Continue Captivity (cont),Continue Captivity (cont),Continue Captivity (cont),Continue Captivity (cont),Continue Captivity (cont),Continue Captivity (cont),Continue Captivity (cont),Continue Captivity (cont),Continue Captivity (cont),Continue Captivity (cont),Continue Captivity (cont),Continue Captivity (cont),Continue Captivity (cont),Continue Captivity (cont),Continue Captivity (cont),Continue Captivity (cont),Continue Captivity (cont),Continue Captivity (cont),Continue Captivity (cont),Continue Captivity (cont),Continue Captivity (cont),Continue Captivity (cont),Continue Captivity (cont),Continue Captivity (cont),Continue Captivity (cont),Continue Captivity (cont),Continue Captivity (cont),Continue Captivity (cont),Continue Captivity (cont),Continue Captivity (cont),Continue Captivity (cont),Continue Captivity (cont),Continue Captivity (cont),Continue Captivity (cont),Continue Captivity (cont),Continue Captivity (cont),Continue Captivity (cont),Continue Captivity (cont),Continue Captivity (cont),Continue Captivity (cont),Continue Captivity (cont),Continue Captivity (cont),Continue Captivity (cont),Continue Captivity (cont),Continue Captivity (cont),Continue Captivity (cont),Victim Deceased (j=2),Continue Captivity (cont),Continue Captivity (cont),Continue Captivity (cont),Continue Captivity (cont),Continue Captivity (cont),Continue Captivity (cont),Continue Captivity (cont),Continue Captivity (cont),Continue Captivity (cont),Continue Captivity (cont),Continue Captivity (cont),Ransom Paid (j=1),Continue Captivity (cont),Continue Captivity (cont),Continue Captivity (cont),Continue Captivity (cont),Continue Captivity (cont),Continue Captivity (cont),Continue Captivity (cont),Continue Captivity (cont),Continue Captivity (cont),Continue Captivity (cont),Continue Captivity (cont),Continue Captivity (cont),Continue Captivity (cont),Continue Captivity (cont),Continue Captivity (cont),Continue Captivity (cont),Continue Captivity (cont),Continue Captivity (cont),Continue Captivity (cont),Continue Captivity (cont),Continue Captivity (cont),Continue Captivity (cont),Continue Captivity (cont),Continue Captivity (cont),Continue Captivity (cont),Continue Captivity (cont),Continue Captivity (cont),Continue Captivity (cont),Continue Captivity (cont),Continue Captivity (cont),Continue Captivity (cont),Continue Captivity (cont),Continue Captivity (cont),Continue Captivity (cont),Continue Captivity (cont),Continue Captivity (cont),Continue Captivity (cont),Continue Captivity (cont),Continue Captivity (cont),Continue Captivity (cont),Continue Captivity (cont),Continue Captivity (cont),Continue Captivity (cont),Continue Captivity (cont),Continue Captivity (cont),Continue Captivity (cont),Continue Captivity (cont),Continue Captivity (cont),Continue Captivity (cont),Continue Captivity (cont),Continue Captivity (cont),Continue Captivity (cont),Continue Captivity (cont),Continue Captivity (cont),Continue Captivity (cont),Continue Captivity (cont),Continue Captivity (cont),Continue Captivity (cont),Continue Captivity (cont),Continue Captivity (cont),Continue Captivity (cont),Continue Captivity (cont),Continue Captivity (cont),Continue Captivity (cont),Continue Captivity (cont),Continue Captivity (cont),Continue Captivity (cont),Continue Captivity (cont),Continue Captivity (cont),Continue Captivity (cont),Continue Captivity (cont),Continue Captivity (cont),Continue Captivity (cont),Continue Captivity (cont),Continue Captivity (cont),Continue Captivity (cont),Continue Captivity (cont),Continue Captivity (cont),Continue Captivity (cont),Continue Captivity (cont),Continue Captivity (cont),Continue Captivity (cont),Continue Captivity (cont),Continue Captivity (cont),Continue Captivity (cont),Continue Captivity (cont),Continue Captivity (cont),Continue Captivity (cont),Continue Captivity (cont),Continue Captivity (cont),Continue Captivity (cont),Continue Captivity (cont),Continue Captivity (cont),Continue Captivity (cont),Continue Captivity (cont),Continue Captivity (cont),Continue Captivity (cont),Continue Captivity (cont),Continue Captivity (cont),Continue Captivity (cont),Continue Captivity (cont),Continue Captivity (cont),Continue Captivity (cont),Continue Captivity (cont),Continue Captivity (cont),Continue Captivity (cont),Continue Captivity (cont),Continue Captivity (cont),Continue Captivity (cont),Continue Captivity (cont),Continue Captivity (cont),Continue Captivity (cont),Continue Captivity (cont),Continue Captivity (cont),Continue Captivity (cont),Continue Captivity (cont),Continue Captivity (cont),Continue Captivity (cont),Continue Captivity (cont),Continue Captivity (cont),Continue Captivity (cont),Continue Captivity (cont),Victim Deceased (j=2),Continue Captivity (cont),Continue Captivity (cont),Continue Captivity (cont),Continue Captivity (cont),Continue Captivity (cont),Continue Captivity (cont),Continue Captivity (cont),Continue Captivity (cont),Continue Captivity (cont),Continue Captivity (cont),Continue Captivity (cont),Continue Captivity (cont),Continue Captivity (cont),Continue Captivity (cont),Continue Captivity (cont),Continue Captivity (cont),Continue Captivity (cont),Continue Captivity (cont),Continue Captivity (cont),Continue Captivity (cont)
v (m draw),0.10610738867452196,0.12154193307610017,0.9362843568245136,0.9722409692372749,0.359330439919046,0.434080389673537,0.2465871846671548,0.18089159384188702,0.9381726408425617,0.7922711799396864,0.6608293185899491,0.4004842472640533,0.9866263025555633,0.06876587246930776,0.3694751812233431,0.18090884360301496,0.11360993199736846,0.4055565986255574,0.047138037045060255,0.6521656613868162,0.058311671184706704,0.6781763588325116,0.10951355636652016,0.9360067701903295,0.3809103612717025,0.196363712909571,0.46709632225735354,0.3864549833113786,0.25191043463668017,0.4580329716457524,0.3110076047565512,0.13479194509406078,0.3711702611846547,0.2563487214118645,0.10541072184950029,0.6241127538668771,0.6919898438739265,0.19812693922860736,0.19361531994300973,0.43499049827073355,0.6689778060398944,0.8997292025755923,0.3315793194305877,0.07884008291690559,0.3668473967316165,0.6767484204018492,0.48422694828524515,0.9638188526626614,0.34184461564267454,0.4926778056317007,0.8196725633449945,0.28368585524916345,0.8108585349139921,0.9028003269998761,0.07457346905477191,0.5926581770178813,0.9819627900120065,0.9864825310695897,0.7412154637274189,0.9521125571901001,0.27107439108168685,0.781370585679641,0.5238639885511002,0.641368007336889,0.297807662609349,0.18986482259417392,0.7955115999724608,0.9240961490645676,0.003856150883638554,0.44698794877554004,0.5469605884844584,0.4372247255245094,0.6582064890063638,0.9721663038292006,0.7936832992893099,0.13681834166361895,0.711125913735621,0.821308281353451,0.36801811187309674,0.737004439590574,0.12163714592785646,0.12308587483213329,0.9448267502618468,0.5974642385746204,0.7326823108387052,0.8811184919204476,0.45300205486924916,0.5406844541874416,0.7496902229985283,0.12269808123767534,0.6532904717497079,0.546229606750825,0.0887090800752186,0.708581667288706,0.33153088219090865,0.9919642208655017,0.756850215848107,0.4898803372904915,0.6426503737231064,0.781472361655151,0.27405331167815605,0.5450781879844022,0.326557093546461,0.423660643948775,0.8437958703762451,0.346471765932551,0.28365031255393325,0.9898676120844478,0.885713902897227,0.0873627478918183,0.4108808094040819,0.6106158105948891,0.009140369059856157,0.8290682441964027,0.7383700252074491,0.31887098498629796,0.8007647436967493,0.6344631064463937,0.20535204352507397,0.709845347050993,0.0591489053905061,0.3545338632962224,0.020957428829652902,0.7600716236747093,0.7958805726678625,0.41027188126165737,0.02291388124856697,0.6934343762246464,0.013815646630327971,0.22745215510523564,0.28479339073330223,0.005420811969014783,0.7280436412734105,0.11403008477848353,0.2229639932292532,0.652651170614663,0.7963283661699364,0.10691123111138534,0.6445470132655315,0.5606888531261917,0.6119356019065467,0.6118173886011352,0.735148883244229,0.1829786590237652,0.12084171804632415,0.7775688581714174,0.6978628174188978,0.8962433346704638,0.18547972973898808,0.9260627200214355,0.7465564889255374,0.03112377361913332,0.873228929103643,0.07894709691722046,0.23653735196463455,0.3169149993204966,0.4031602419117494,0.5781982398196318,0.4957291847631271,0.27970319271687394,0.560379152460275,0.43233511655144663,0.8910608717365034,0.13770639699287512,0.508227801809923,0.23128717689652045,0.9224239710315559,0.22767452029853985,0.4383138307535632,0.5892108700265616,0.30746004548155126,0.18733107079511857,0.119196701965956,0.28773273824879264,0.19564245287798354,0.47933424368796096,0.052175271092242514,0.9032850220441421,0.8102940265219732,0.6571839356176582,0.1746846584514795,0.9261135264296716,0.01274097482352654,0.20282656167222846,0.18539191353820683,0.04863440351688619,0.06544567891143416,0.937372038102613,0.0654909328567066,0.4857094190053588,0.6032574148651263,0.946907035307009,0.2838686463356932,0.38291650776640496,0.20867305630392796,0.037928496497811715,0.9088639112000867,0.8546671541391544,0.8665346298721409,0.9032947467489116,0.700163554305534,0.8601805319394604,0.5790680513257345,0.8572658384179516,0.7132252275185241,0.09202307564079626,0.7734400507171802,0.8863696113279871,0.6272625245058453,0.4769654911660769,0.9272203332517223,0.04299182240044308,0.3628865619425209,0.7285827235429202,0.7844601787959493,0.8724496143199294,0.5007990203593999,0.4569913625703864,0.7560441397764276,0.18014336705309852,0.5096860877643203,0.8630908607968998,0.39295265812073643,0.9185891977057018,0.8665825429715578,0.08195746248140634,0.38030878813672264,0.22483861258693427,0.41296464884195894,0.04037881721716907,0.9929262881393989,0.11874156300786087,0.41947364818441446,0.015953521028137407,0.8977493399849079,0.18679998263640352,0.26372757262182156,0.8254059016848957,0.21566864298735733,0.22596396807694308,0.6668730135968233,0.09984373318948614,0.11489854666070864,0.22858057282633926,0.5632560758411165,0.26611143476659394,0.09933175382570769,0.6602656540270662,0.8280944965785817,0.5263838545406748,0.20602425685714298
closes episode,False,False,False,False,False,False,False,False,False,False,False,False,False,False,False,False,False,False,False,False,False,False,False,False,False,False,False,False,False,False,False,False,False,False,False,False,False,False,False,False,False,False,False,False,False,False,False,False,False,False,False,False,False,False,False,False,False,False,False,False,False,False,False,False,False,False,False,False,False,False,False,False,False,False,False,False,False,False,False,False,False,False,False,False,False,False,False,False,False,False,False,False,False,False,False,True,False,False,False,False,False,False,False,False,False,False,False,True,False,False,False,False,False,False,False,False,False,False,False,False,False,False,False,False,False,False,False,False,False,False,False,False,False,False,False,False,False,False,False,False,False,False,False,False,False,False,False,False,False,False,False,False,False,False,False,False,False,False,False,False,False,False,False,False,False,False,False,False,False,False,False,False,False,False,False,False,False,False,False,False,False,False,False,False,False,False,False,False,False,False,False,False,False,False,False,False,False,False,False,False,False,False,False,False,False,False,False,False,False,False,False,False,False,False,False,False,False,False,False,False,False,False,False,False,False,False,False,False,False,False,True,False,False,False,False,False,False,False,False,False,False,False,False,False,False,False,False,False,False,False,False
μ_DC,0.15,0.1369064572844606,0.25,0.25,0.25,0.25,0.25,0.19251636745604772,0.1444399982062606,0.10586109335917575,0.1821173676777422,0.13679656461425224,0.10067379768423114,0.0725009207010765,0.12910745431903012,0.09523072807092,0.16266655890021148,0.25426318075252763,0.20193312752598486,0.15683047712369802,0.24410959812670163,0.3483577913982413,0.2907697426899246,0.23798842215301685,0.1905755222301644,0.1498332472330404,0.11562687469054243,0.08770130931002693,0.14502807762483302,0.2226816020844474,0.1800038239055366,0.14318650858585155,0.11197564018038851,0.17650696553184753,0.14098618235649735,0.21359930382663514,0.1739401501588648,0.2534119949815477,0.21046355255458715,0.17202198929353613,0.13842048426604403,0.10970215679628725,0.08568762758286134,0.06600867847234411,0.050190774814999214,0.03776822111456197,0.028047484862881118,0.04880054310884878,0.03682863235022859,0.027434047765876223,0.020260946060861696,0.03559632131427466,0.026686184116365603,0.019765667123399475,0.014527724286528447,0.010583082433411483,0.007661213999024663,0.005503291476145345,0.003924873204203145,0.002786431096188774,0.0019702225784093076,0.0037792743909755796,0.007043621559188652,0.005093283893763933,0.003664494732324997,0.006777178750500841,0.0049112696360258746,0.0035411328840728746,0.006528716140935532,0.004750733467239642,0.008589344398657718,0.015055636636546825,0.011245901961649664,0.019320876306026923,0.014616020612375677,0.010941452364459866,0.008137622175051925,0.006016071931421767,0.004414542752368447,0.003216331713849336,0.002332370750891693,0.00423806582174702,0.007508083785573465,0.005570151176907519,0.004109514481243766,0.0030105282064038126,0.0021950360000839567,0.003955230446803572,0.0029021462402513127,0.0021193000129365474,0.0015409152056591014,0.0011136658315928501,0.0020348452620226093,0.0036418951664468216,0.002685379294165126,0.001966721351924918,0.0005558168794118977,0.00042168053912467536,0.0003181107712676635,0.0005373115505760523,0.0008809261277776711,0.0006820681901060716,0.0005233710707687113,0.0008538919162913466,0.001354461394329845,0.0010661915631907807,0.0008335228308707454,0.0006480319853742202,0.0028444678238458945,0.004904227365805208,0.003684770888401409,0.0027537928111585354,0.002040004210025201,0.0035481417384182023,0.0026550626724837242,0.004549547705414659,0.003427711396199662,0.00256845476372668,0.004386959975575015,0.007300315959768705,0.005591926509173819,0.004257863266476782,0.0032177988946029594,0.005406429339572533,0.004123302457763315,0.0031210943468229745,0.002349237449227662,0.0017588448160077864,0.0030098533826255873,0.00502064021612337,0.0038411530273619464,0.0029216721277665492,0.002205897440525613,0.0016564006580043358,0.0012373598496030526,0.0009163439269580736,0.0006754611277666601,0.0004957685811489812,0.00036173394333488594,0.00026298448092957076,0.0001905707998642525,0.00013769409517128454,9.923052234523296e-05,7.134678457670138e-05,5.1086268488108514e-05,3.651294320804768e-05,2.6055568890715006e-05,1.8567485490573257e-05,1.3186772494231191e-05,2.4819663527143224e-05,4.649300431591415e-05,3.325240887411686e-05,2.3742903064551996e-05,1.6928220990201766e-05,1.202803153542785e-05,8.536744308881035e-06,6.052981548424865e-06,1.1436745622347292e-05,8.11863537002662e-06,5.757477198016508e-06,1.087400338234734e-05,7.72066437340856e-06,5.476177112911904e-06,3.880766417347245e-06,2.7480640779780774e-06,1.9446926794579513e-06,1.3754010998796785e-06,9.722909774768656e-07,6.870387956574418e-07,4.85299626934816e-07,3.426923334020818e-07,2.419265499077885e-07,1.7075117600815727e-07,3.2618842928269275e-07,2.3028688153694974e-07,1.6254300284993894e-07,3.104719281546104e-07,2.1920207744972724e-07,4.184057206823709e-07,7.973450515491944e-07,1.5160804981419648e-06,2.8737954710001564e-06,5.424314000856691e-06,3.852404698227475e-06,7.250286810785017e-06,5.167863598273159e-06,9.692433848858628e-06,6.920370471415824e-06,4.933972359802457e-06,3.5056888337503177e-06,2.4880990340462773e-06,1.76418499127025e-06,1.2498541157588267e-06,8.848358241495776e-07,6.260330881695202e-07,1.188916216949364e-06,8.41796229069735e-07,5.956439834894836e-07,1.1309198954259357e-06,8.008316512453132e-07,5.667184210438513e-07,4.008200641172159e-07,2.833490008945364e-07,2.002227949458406e-07,3.813836517997129e-07,7.247354289507212e-07,5.129815663073755e-07,3.6288315261364035e-07,2.565727276979928e-07,4.880401305501266e-07,3.4527380533966265e-07,2.4414307152351357e-07,4.643016716197489e-07,3.2851295491917346e-07,2.3231182237810827e-07,1.6420612862585414e-07,1.1602054880348601e-07,8.19468701078102e-08,5.786324153578892e-08,1.104122498767058e-07,7.799011529498568e-08,5.507205907793005e-08,1.0507372141313234e-07,7.422358053704831e-08,1.4149169530635386e-07,9.999204517555703e-08,7.063816065482635e-08,4.988563503227347e-08,9.515491511164243e-08,6.722518161175326e-08,4.7477862310937575e-08,4.686781561936887e-08,3.327567151132201e-08,2.360154786022106e-08,1.6725335058156912e-08,1.1843541555329785e-08,8.381193736520575e-09,5.927709560226432e-09,4.190431095837659e-09,7.973915134147205e-09,5.640182249784472e-09,3.987491332894709e-09,2.817874494142934e-09,1.99060415215738e-09,3.7943277649432305e-09,7.217369845801696e-09,1.3688831490667944e-08,9.698401517983867e-09,6.866259309478032e-09,4.8581376215907544e-09,3.4354736584780453e-09
μ_PAR,0.35,0.3441511761542438,0.25,0.25,0.25,0.25,0.25,0.23694847727666005,0.21903470814609,0.19798888329422082,0.2550457153794273,0.23588481314356424,0.21368971776327841,0.18983127013408244,0.252839846334108,0.22935084152219992,0.2921080171007282,0.33950869504666104,0.32925915655976035,0.31249366830738345,0.36078254241049995,0.3803672022344164,0.3851945358168372,0.38231355292108554,0.3719007409935761,0.35499272586671266,0.3327912947315647,0.3067860245914164,0.374175757107276,0.42155667942516967,0.41104428187391845,0.3941352051732269,0.3719627500483823,0.4296240752232393,0.41321504880332843,0.457707912501212,0.4482980380997552,0.47700149671939984,0.4754383822999726,0.46689399215367344,0.4518695685969388,0.4312218054279341,0.4060129779034643,0.3774466728616386,0.34671814482003466,0.3151935391829013,0.28340564582731975,0.3621227322581703,0.33015268321581936,0.2977713630668685,0.26626651709695426,0.34391132605456065,0.31147697270867636,0.27932817428271156,0.2485791241118411,0.21948811437790436,0.19258754023082517,0.16787508575081378,0.145442770860471,0.12543467051004892,0.10774257566173578,0.15244261701751063,0.20933869901875235,0.183477644014123,0.1600041094006834,0.2180326388746611,0.19151293544718898,0.1673702725559411,0.22685502767879095,0.19986883754723675,0.26566170813575507,0.34157425756343957,0.308232485409185,0.38802687028787375,0.3538346640210877,0.31999582406275856,0.28751795149294984,0.25679027388614173,0.22788491751757375,0.2010270442265344,0.17650419805115172,0.23578147134406643,0.30639956945123825,0.2746149201307254,0.2447630006452503,0.21685141450484474,0.19121656458741385,0.25303011562120187,0.22453498573222216,0.1982994332254776,0.1743701246964132,0.15258506649669062,0.2049618576164913,0.26908293978150344,0.23969692690753006,0.21230683113341597,0.433306293072445,0.3962625891619464,0.360341380901584,0.44499071486406366,0.5328314364676094,0.4956728387533161,0.4579835262726995,0.5457184307899767,0.6308151090962949,0.5959738675755512,0.5597916972588711,0.5229044915499571,0.28135413939454446,0.35544609363408025,0.32192143003687784,0.2900059512024053,0.25954030975694675,0.33076959461651484,0.29835659844973456,0.3746105112308044,0.3402140412080465,0.3072954685004813,0.3845906951571362,0.46791370529847787,0.43157708904172876,0.3956958124259,0.3604664845700611,0.4427978798461308,0.40664272932470263,0.3710316564765225,0.3366411742563189,0.30381141698458286,0.38095420653076134,0.4645960808780752,0.42800699614027266,0.39200675732459034,0.35676615031579273,0.32292373665759616,0.2907815479010958,0.26015216047896284,0.2316687196272246,0.20542067153490834,0.18126698543090364,0.15937634969891032,0.13967362887422108,0.12204997130997909,0.10637313230381942,0.09249651729828295,0.08018377428571587,0.06938418521479381,0.059943976408332524,0.05171653502583017,0.04451912339431126,0.061601105129952496,0.08473529023268277,0.07337213566925099,0.0634268590916286,0.054749737822260204,0.04715166643312955,0.040562669222390206,0.03486064084276149,0.04842314595243082,0.04166441998448285,0.03581346112899019,0.04972651860604798,0.042794211522333266,0.036790831677441585,0.031601768489974584,0.027123923017124286,0.023265285773950057,0.019944288309015474,0.01708902149793452,0.014636389762207802,0.012531250922126131,0.010725575926978892,0.009177650799403962,0.007851334215298971,0.011026376968618423,0.009435507137240102,0.008072277656663372,0.011335343229755811,0.009700380414048738,0.013612134677707192,0.01907038452440027,0.026657531511658804,0.03714822344842968,0.05154796657939391,0.04437418446401739,0.061395733284563554,0.05298163834489656,0.07305193270450276,0.06314799223016254,0.054507749636878815,0.04694254915749351,0.04038245624731735,0.03470571177874472,0.029802172324492657,0.025573081258010225,0.021930544425311935,0.030618781205275118,0.026276976254621328,0.022536524223200374,0.031456945101639794,0.02699962260072506,0.023158773644152957,0.019853150999222417,0.01701114092434761,0.014569915747422627,0.020402816190593275,0.02850309759579117,0.02445378507301384,0.020967318950018115,0.017968770060571675,0.0251274210865515,0.021547047971713133,0.01846716865678072,0.025819075170520244,0.022142400384006458,0.018979085168804147,0.016260170282244274,0.013925230954914275,0.011921519850724994,0.010203138435762696,0.014313070240921068,0.01225425376228142,0.01048842762785315,0.014711525488111797,0.012596133635716262,0.01765268745985093,0.015120881062963236,0.012947406767431622,0.011082830200935988,0.015541428109121302,0.013308326466443417,0.0113923778999331,0.0493863866497723,0.0425002154903798,0.03653730866329896,0.031383592694224687,0.026936501208185637,0.023104535412654104,0.01980660501455094,0.016971240682083315,0.023741656713179262,0.02035468161355579,0.017442257447284688,0.014940197909955754,0.012792380663391672,0.017926100860342468,0.025067699264762298,0.034953157639644225,0.03001594096947816,0.025757503499510767,0.022089462286862104,0.018933622676696023
μ_ELN,0.35,0.3610871359941079,0.25,0.25,0.25,0.25,0.25,0.27574338156452455,0.2969888514371539,0.31317235996950454,0.2858113933249659,0.30817775065289227,0.32556171568906705,0.3380753923605458,0.3193530963629465,0.33811328835156135,0.3049610732732734,0.2505660624831556,0.2824283212000102,0.31199699243580536,0.25467765002020276,0.18932129502000575,0.22227842909006157,0.25589800750987324,0.28949678023804265,0.3215417139507907,0.3513093674108215,0.37808121790296073,0.327067327219373,0.26038507712114706,0.29534954791309553,0.3296589285197721,0.3625327922801572,0.29627942504994204,0.33134534470618715,0.25913008490970163,0.2948055565434266,0.22122448269316902,0.255577442753136,0.29121245755389247,0.32737398720563016,0.36326507640214367,0.39813903933899264,0.43129922948743704,0.4621808306155309,0.49014541341435364,0.5152482887816152,0.4668496440439013,0.4965332687730038,0.5235725561385215,0.5473573155884368,0.5018848055544196,0.5302684544606535,0.5559618784452834,0.5784360454351022,0.5977948137939373,0.6139312813274382,0.6270383413140067,0.6372504852187458,0.6446823994161801,0.6495697007007151,0.6546416667094269,0.6396018528709864,0.6561358807330492,0.6697183680701116,0.6493001884221438,0.6675327404294249,0.6828152659577048,0.6570168492893824,0.6767583285708536,0.6385878965348811,0.5816047876321254,0.6122566709728927,0.5453583352079945,0.5788851992755176,0.6107291612906152,0.6401497640424,0.6669718006279336,0.6912622539586826,0.7129222544583678,0.7318181023568008,0.6940024152181833,0.6388377578117481,0.6679421236090797,0.6945007998444718,0.7186006397066615,0.7400298026602553,0.6943990145085873,0.7196465709188352,0.7422583160945032,0.7622615890030038,0.7798380348604533,0.7436500816443017,0.6915647727657637,0.7186566405639246,0.7433978549054507,0.5538430906357585,0.5895854168624762,0.6240935769904066,0.5441406825247624,0.45950972537456,0.49597909555851766,0.532856132202856,0.4477889299033353,0.3642696262213602,0.3988756492863251,0.43471051253857407,0.47115027097243234,0.7147941153751215,0.6389493635477116,0.6736192645535826,0.7063881988301398,0.7374857300638046,0.6650272183308338,0.6982668122922078,0.6203413771629708,0.6558053251903164,0.689526204473857,0.6106022903323612,0.5245055593693968,0.5625156011774124,0.5996937263822582,0.6359234745152227,0.5515313098998174,0.5889379110328014,0.6255173779115379,0.6606441015073135,0.6940269474704286,0.6157579864702776,0.530197279978642,0.5679429097736535,0.6048382223224534,0.6407686146252718,0.6751332121388215,0.7076658890804469,0.7385861046606187,0.767279106199556,0.793674443218019,0.8179284645517847,0.8398831033623778,0.8596224399340671,0.8772621008000716,0.8929394125982868,0.9068047449868377,0.9190970327970817,0.9298691254435371,0.9392762693774039,0.9474661158940749,0.9546217221096324,0.9377269792783388,0.9147269070580577,0.9260720128601976,0.9359944438413225,0.9446448801235364,0.9522128062525282,0.9587689003096075,0.9644355697470299,0.9510296428423236,0.9577603048906111,0.9635810007862717,0.9498022372430083,0.9567106373276953,0.9626881361708096,0.9678495268248832,0.9722980137282329,0.9761256554753047,0.9794140281819284,0.9822350179601924,0.984651674404885,0.9867190762087473,0.9884851752736085,0.9899915974284687,0.991274386659927,0.9882946753253832,0.9898498179114463,0.9911755768377194,0.9880806061574753,0.9896848150257576,0.9859106947724907,0.9805595865479863,0.9730556323540941,0.9626291049317499,0.9482780043383664,0.9554433977528975,0.9384604392808178,0.9468684127569648,0.9268280201256007,0.936727904225537,0.9453630623830033,0.9529222931774753,0.95947572008198,0.9651451982430529,0.9700409331296803,0.9742617186038103,0.9778954679344064,0.9692462273301277,0.9735809085372622,0.9773138134657726,0.9684269013934693,0.9728781166918581,0.9767124858384878,0.980011265297765,0.9828460693622946,0.9852797198258291,0.9794805579109933,0.9714064043282297,0.9754509452347049,0.9789323606756736,0.9819255833783548,0.9747906200890144,0.9783666558764218,0.9814419573181773,0.9741104142995533,0.9777833655055677,0.9809427468145826,0.9836575179188481,0.9859881003048949,0.9879872352256337,0.98970081298955,0.9856123802306493,0.9876672596231924,0.9894289523142444,0.9852243493588815,0.9873363541971676,0.9822949253108237,0.9848239602783201,0.9869945209982925,0.9888560374713772,0.9844111256863644,0.9866417212261894,0.988555037027194,0.9505989505569575,0.9574842766579267,0.9634463005972881,0.9685990945116062,0.9730452230074914,0.9768761827719384,0.9801730617217201,0.983007326587704,0.9762417637686727,0.9796278334142146,0.9825393108381664,0.9850403799534823,0.9871871605519794,0.9820580484201318,0.974920043220745,0.9650373860727526,0.9699740731207307,0.9742319572666496,0.9778994202482997,0.9810546553594149
μ_FARC,0.15000000000000002,0.1578552305671876,0.25,0.25,0.25,0.25,0.25,0.2947917737027676,0.3395364422104954,0.3829776633770989,0.27702552361786464,0.3191408715892912,0.3600747688634233,0.3995924168042952,0.29869960298391535,0.33730514205531864,0.24026435072578675,0.15566206171765573,0.18637939471424453,0.21867886213311302,0.14043020944259557,0.0819537113473367,0.10175729240317662,0.12380001741602449,0.14802695653821674,0.1736323129494563,0.20027246316707137,0.22743144819559602,0.15372883804851786,0.0953766413692359,0.11360234630744935,0.1330193577211495,0.15352881749107183,0.09758953419497114,0.1144534241339869,0.0695626987624512,0.08295625519795344,0.04836202560588351,0.058520622392304315,0.06987156099889798,0.08233595993138693,0.095810961373635,0.11016035517468181,0.12524541917858031,0.14091024974943525,0.15689282628818327,0.1732985805281839,0.12222708058907965,0.13648541566094824,0.15122203302873377,0.16611522125374728,0.11860754707674513,0.13156838871430465,0.1449442801486057,0.15845710616652822,0.17213398939474683,0.18581996444271193,0.19958328145903412,0.21338187071658002,0.2270964989775821,0.24071750105913983,0.18913644188208686,0.1440158265510727,0.15529319135906405,0.16661302779687998,0.1258899939526943,0.13604305448736023,0.14627332860228123,0.10959940689089094,0.1186221004146701,0.08716105093070606,0.061765318167888085,0.06826494165627257,0.04729391819810494,0.052664116091018974,0.05833356228216645,0.06419466228959823,0.07022185355450283,0.07643828577137511,0.08283436960124838,0.08934532884115595,0.06597804761600322,0.04725458895144013,0.051872805083287364,0.05662668502903396,0.06153741758209006,0.0665585967522469,0.04861563942340721,0.05291629710869138,0.05732295066708263,0.06182737109492391,0.06646323281126325,0.049353215477184444,0.035710392286286044,0.03896105323438008,0.042328592609208425,0.0122947994123846,0.01373031343645279,0.015246931336741619,0.010331291060597764,0.006777912030053014,0.007665997498060207,0.008636970453675702,0.005638747390396603,0.003560803288015135,0.004084291574933062,0.004664267371683985,0.005297205492236254,0.0010072774064882272,0.0007003154524030913,0.0007745345211382491,0.0008520571562963707,0.0009339559692234159,0.0006550453142332937,0.0007215265855739713,0.0004985639008102137,0.0005529222054375801,0.0006098722619350322,0.0004200545349275786,0.00028041937235676593,0.000315383271685183,0.00035259792536505125,0.00039224202011332583,0.00026438091447928964,0.000296057184732629,0.00032987126511652165,0.0003654867871398565,0.0004027907289808161,0.0002779536163355442,0.00018599892715951715,0.00020894105871197512,0.00023334822518958711,0.0002593376184098788,0.0002866505455779491,0.00031520316885405385,0.0003453909334603716,0.0003767130454526873,0.0004091166659237858,0.00044281607397674276,0.00047756245778225205,0.0005133603918476462,0.0005502337947779622,0.0005882245755484224,0.0006273909303027018,0.0006681066487144676,0.000710176398461134,0.0007536986453727242,0.0007987815946043169,0.0008459677235622298,0.0006470959281814428,0.0004913097049436372,0.0005225990616773761,0.0005549541639842996,0.0005884538332132265,0.0006234992828067662,0.0006598937236935417,0.0006977364286601883,0.0005357744596232385,0.0005671564895360264,0.0005997806075400161,0.0004603701475613323,0.00048743048559780314,0.0005155559746358476,0.0005448239187247942,0.0005753151905648682,0.0006071140580657378,0.0006403081079563064,0.0006749882508955722,0.0007112487941115589,0.0007491875694996814,0.0007889061070792726,0.0008305098455775251,0.000874108373597921,0.0006786215175690972,0.0007144446644320347,0.0007519829626144231,0.0005837401408406371,0.0006145853581163559,0.00047675214408142045,0.00036923158256192267,0.00028532005374889676,0.00021979782434947137,0.00016860476823889566,0.00017856537838686226,0.00013657714780780747,0.00014478103454045033,0.00011035473604753277,0.00011718317382909017,0.00012425400775815837,0.00013165197619739784,0.00013933557166857555,0.00014732579321101856,0.00015564469171123257,0.00016431530235533467,0.0001733616071935467,0.00013380254838032827,0.00014127341188741139,0.0001490666670434663,0.00011502258499548592,0.00012145987576542625,0.00012817379893830425,0.00013518288294846556,0.0001425063643568129,0.0001501642039534288,0.00011624451476164276,8.977334055021346e-05,9.475671071492143e-05,9.995749115575683e-05,0.00010538998834586765,8.147078430348327e-05,8.595087805960577e-05,9.062988197055615e-05,7.004622825479777e-05,7.390559747106315e-05,7.793570479080859e-05,8.21475927789005e-05,8.655271964196196e-05,9.116297677122794e-05,9.599071144570208e-05,7.44391161796739e-05,7.840862441088241e-05,8.256498584328105e-05,6.402007928522995e-05,6.743794353571973e-05,5.224573763012067e-05,5.50586666715428e-05,5.800159611515671e-05,6.108244205171297e-05,4.735104959932627e-05,4.9885082185535566e-05,5.253759501052891e-05,1.4615925454542737e-05,1.5474576021973004e-05,1.636713786498345e-05,1.7296068834062783e-05,1.8263940781457522e-05,1.9273434213639735e-05,2.032733601931374e-05,2.1428539781686903e-05,1.657154423293406e-05,1.7479332047428832e-05,1.8427727057615615e-05,1.9419318687646332e-05,2.0456794024830697e-05,1.584692519798803e-05,1.2250297122899826e-05,9.442598771747974e-06,9.976211389559536e-06,1.0532367580337611e-05,1.1112606700638853e-05,1.1718528415345218e-05
α_R^μ,0.3815,0.7146727138282958,0.5225,0.4575,0.4575,0.4575,0.45499999999999996,0.47246421592398696,0.4870108144527706,0.49879304366112287,0.470217369879042,0.48369197902244476,0.4967344112200974,0.5186390056861045,0.49741330716506726,0.5082065579521482,0.48353324076366216,0.4540679340942885,0.4676674527463447,0.4788949887551971,0.4470445429170139,0.4130609801792321,0.4281095893500172,0.4680684324535135,0.4787725014721781,0.4871024559400099,0.49340966993936264,0.49804323243056037,0.4772655472209607,0.47910889952542274,0.49129126676585333,0.5009066896939618,0.508213906608754,0.4933379876338802,0.5023359189271029,0.4844543900437699,0.495343682042776,0.4742097143492978,0.48694663675917915,0.4973770000182522,0.5054900259860112,0.5114138772343395,0.5153691262997065,0.5176524166125633,0.5185851918324774,0.5185024130323362,0.5177019966098855,0.5191177364495526,0.5185917104368185,0.5173627370792725,0.5157136486165438,0.5188980885257111,0.5172801597961457,0.5152345404683751,0.5130057516460826,0.5107491868462662,0.5086120244837915,0.506673286140852,0.5049934448900711,0.5036194141526993,0.5025621536712215,0.5028983688410806,0.5059414037195448,0.503391836061495,0.5011371500059585,0.5050406358881809,0.5021923132069974,0.4996488091856891,0.5044150685888544,0.5013007867804018,0.5077025316070971,0.5160654890130558,0.512002545675886,0.5212493485969247,0.517116890211197,0.5128117549123957,0.5085433260020107,0.504428969375652,0.5005287186180163,0.4969132701422116,0.49364936158422845,0.5005333137363007,0.5097403823323197,0.5051889375174258,0.5008755071102738,0.4968356504566357,0.4931445254510264,0.5012836981104564,0.497040999542149,0.4931469000704847,0.48962640729311574,0.48646947478845115,0.49325317631702814,0.50245107238581,0.49787494188674397,0.4936102178042844,0.5295663341133328,0.5231356561846902,0.5169101290411866,0.5313996353053596,0.5466207161938772,0.5401101922139967,0.533504900403493,0.5487881913594527,0.5636795275211862,0.5575592252620283,0.5511904517742974,0.5446894486118542,0.500016757615488,0.5127541996287036,0.507059404099729,0.5015768351593016,0.49629720845523484,0.5086722351055925,0.5030883345213619,0.5162713130871963,0.5103904544492358,0.5047050836605513,0.5181006535697691,0.5322926403567185,0.5262182095280703,0.5201249868642644,0.514070075403884,0.5282808957786461,0.522123847620713,0.5159891846692481,0.5100122854050455,0.5042675576589603,0.5177980102685151,0.5322977615495026,0.5260333997360811,0.5198050335954557,0.5136586220144782,0.507719175497087,0.502050719906444,0.49662833075661905,0.49157073485476677,0.48689913969260273,0.482592383463219,0.4786835958800424,0.4751616695362551,0.4720088501613689,0.469202723014231,0.4667179442120976,0.4645128210097571,0.4625787195397813,0.46088839856025154,0.45941579250681164,0.45812831726370135,0.4611720910441845,0.4653085824894097,0.46327117013870406,0.4614881176356235,0.45993276572498937,0.45857134228904173,0.457391360660384,0.4563709641466915,0.4587880867744668,0.45757680547419205,0.4565288377694304,0.45901228918883397,0.45776911376262275,0.456693048970568,0.4557635458698842,0.4549621082924605,0.45427222234041675,0.4536792436724397,0.4531702597061897,0.4527339394878982,0.4523603803948134,0.45204095799491734,0.4517681832021051,0.4515355692282399,0.45207966679593503,0.45179835136026575,0.45155824370635467,0.45212200157365307,0.45183205124010417,0.4525168165726141,0.4534841463527868,0.4548378911378889,0.4567166759913492,0.45930077408706416,0.4580113122072288,0.4610683952144756,0.45955556892374555,0.4631621805927179,0.46138117574573806,0.4598274583231872,0.4584671435890314,0.4572876773178115,0.4562671774012759,0.455385843814637,0.4546259198630991,0.45397159959262945,0.4555297919663442,0.45474940671851427,0.4540772828696866,0.4556780479318228,0.4548767202261918,0.45418637057382527,0.4535923845620556,0.4530818797531623,0.45264355376293497,0.45368867817278746,0.4551429301563536,0.45441480874761964,0.45378801348131387,0.4532490639346349,0.4545342099345465,0.4538904085339092,0.45333671262306713,0.45465711464119796,0.45399589015426933,0.4534270836048634,0.45293828697813826,0.4525186276270863,0.45215861426422355,0.45184998799496445,0.45258674430832346,0.4522167218272971,0.45189946120157565,0.45265700902905526,0.45227672532615726,0.4531847599432837,0.4527294398068152,0.45233863436929045,0.45200344750893423,0.4528040605147587,0.45240246452466676,0.4520579704662666,0.45889158317221246,0.45765219624448017,0.45657900058627693,0.45565146361875675,0.45485112397142663,0.4541615123921453,0.4535680331291803,0.4530578221869281,0.4542758160716078,0.4536662882740775,0.45314218514567667,0.45269195356758224,0.4523054919331109,0.45322891569992085,0.4545138989605646,0.4562928866429795,0.4554042634255322,0.4546378233074832,0.45397765766487613,0.45340969174820556
γ_R^μ,0.435,0.8175513528476914,0.6025,0.525,0.5225,0.52,0.52,0.5390506093333531,0.5545335911044578,0.5666120431576027,0.5431714842631904,0.5596393084682367,0.570240280174058,0.5686390056861046,0.5524701040917495,0.5627935747825922,0.5452175614476913,0.517648281896155,0.5374230021399304,0.5538944822197879,0.5331227971580639,0.5010977004026737,0.5243329336480377,0.5218915679827244,0.5399295237019854,0.5548520922333455,0.5667050605705721,0.5756539746437879,0.5684248805027611,0.5291088995254228,0.5412912667658534,0.550906689693962,0.5582139066087539,0.5433379876338802,0.552335918927103,0.5344543900437699,0.545343682042776,0.5242097143492978,0.5369466367591792,0.5473770000182522,0.5554900259860112,0.5614138772343394,0.5653691262997065,0.5676524166125633,0.5685851918324774,0.5685024130323363,0.5677019966098854,0.5691177364495527,0.5685917104368186,0.5673627370792725,0.5657136486165437,0.5688980885257111,0.5672801597961458,0.5652345404683752,0.5630057516460827,0.5607491868462662,0.5586120244837915,0.556673286140852,0.5549934448900712,0.5536194141526993,0.5525621536712215,0.5528983688410807,0.5559414037195447,0.553391836061495,0.5511371500059584,0.555040635888181,0.5521923132069975,0.5496488091856891,0.5544150685888545,0.5513007867804018,0.5577025316070972,0.5660654890130558,0.562002545675886,0.5712493485969247,0.5671168902111969,0.5628117549123958,0.5585433260020107,0.554428969375652,0.5505287186180163,0.5469132701422116,0.5436493615842285,0.5505333137363007,0.5597403823323196,0.5551889375174258,0.5508755071102739,0.5468356504566357,0.5431445254510263,0.5512836981104564,0.5470409995421489,0.5431469000704847,0.5396264072931158,0.5364694747884511,0.5432531763170282,0.55245107238581,0.547874941886744,0.5436102178042843,0.5795663341133327,0.5731356561846902,0.5669101290411867,0.5813996353053597,0.5966207161938772,0.5901101922139966,0.5835049004034929,0.5987881913594526,0.6136795275211862,0.6075592252620283,0.6011904517742975,0.5946894486118542,0.550016757615488,0.5627541996287035,0.557059404099729,0.5515768351593017,0.5462972084552349,0.5586722351055925,0.553088334521362,0.5662713130871964,0.5603904544492357,0.5547050836605514,0.5681006535697691,0.5822926403567185,0.5762182095280703,0.5701249868642644,0.564070075403884,0.578280895778646,0.5721238476207129,0.5659891846692482,0.5600122854050454,0.5542675576589601,0.5677980102685152,0.5822977615495026,0.5760333997360811,0.5698050335954559,0.5636586220144781,0.557719175497087,0.5520507199064439,0.546628330756619,0.5415707348547668,0.5368991396926027,0.532592383463219,0.5286835958800423,0.5251616695362552,0.5220088501613689,0.519202723014231,0.5167179442120976,0.5145128210097571,0.5125787195397813,0.5108883985602515,0.5094157925068116,0.5081283172637013,0.5111720910441845,0.5153085824894097,0.513271170138704,0.5114881176356235,0.5099327657249894,0.5085713422890417,0.507391360660384,0.5063709641466915,0.5087880867744669,0.507576805474192,0.5065288377694304,0.5090122891888339,0.5077691137626227,0.506693048970568,0.5057635458698841,0.5049621082924604,0.5042722223404168,0.5036792436724398,0.5031702597061897,0.5027339394878982,0.5023603803948135,0.5020409579949173,0.5017681832021051,0.5015355692282399,0.5020796667959351,0.5017983513602657,0.5015582437063547,0.502122001573653,0.5018320512401042,0.502516816572614,0.5034841463527867,0.5048378911378889,0.5067166759913492,0.5093007740870641,0.5080113122072287,0.5110683952144756,0.5095555689237455,0.5131621805927179,0.511381175745738,0.5098274583231872,0.5084671435890313,0.5072876773178115,0.5062671774012759,0.505385843814637,0.504625919863099,0.5039715995926295,0.5055297919663442,0.5047494067185142,0.5040772828696866,0.5056780479318228,0.5048767202261917,0.5041863705738253,0.5035923845620556,0.5030818797531623,0.5026435537629349,0.5036886781727874,0.5051429301563537,0.5044148087476197,0.5037880134813139,0.5032490639346349,0.5045342099345465,0.5038904085339092,0.5033367126230671,0.504657114641198,0.5039958901542694,0.5034270836048633,0.5029382869781382,0.5025186276270862,0.5021586142642236,0.5018499879949644,0.5025867443083234,0.502216721827297,0.5018994612015756,0.5026570090290553,0.5022767253261572,0.5031847599432837,0.5027294398068152,0.5023386343692904,0.5020034475089342,0.5028040605147587,0.5024024645246667,0.5020579704662667,0.5088915831722124,0.5076521962444801,0.5065790005862769,0.5056514636187568,0.5048511239714266,0.5041615123921454,0.5035680331291803,0.5030578221869281,0.5042758160716078,0.5036662882740774,0.5031421851456767,0.5026919535675822,0.5023054919331109,0.5032289156999208,0.5045138989605645,0.5062928866429796,0.5054042634255322,0.5046378233074832,0.5039776576648761,0.5034096917482055
α_N^μ,0.6950000000000001,0.8233138410580706,0.7175,0.7025,0.7,0.7,0.6975,0.7060100128484672,0.7115810868825941,0.7186633296682263,0.7028872536441477,0.7104831464608611,0.7172518727865841,0.7232379652634029,0.7093822424005873,0.7158746422195639,0.7011411607912317,0.6887764372087636,0.6959552907207234,0.7058760853450643,0.6892402978869426,0.6759576774103102,0.6822322699857607,0.6883627719927683,0.6942918055717066,0.6962831647499924,0.7116099290678756,0.7157527690538332,0.706171203296676,0.6934544382737095,0.7017901777435579,0.7062736690792046,0.7101985043569985,0.7015250209087961,0.7057562034590827,0.6966952836804711,0.7012367781250087,0.6918469167493335,0.6966340596871562,0.700960319042128,0.7047934452559342,0.7081325504433325,0.7109993847794827,0.713435869840311,0.7154936164541722,0.717219754594782,0.7186942369983942,0.7148525270411508,0.7164429343801828,0.7177954105055178,0.7189423316275707,0.7158098584829554,0.7170245707511654,0.7180639290379175,0.7189558741207919,0.7197432723701752,0.7204507522245414,0.7211075857828453,0.7217310339240134,0.7223305285443606,0.7229162785517335,0.7206033208251819,0.7185898161618224,0.719090107618718,0.7195642430106183,0.7177971082113312,0.7182261551152372,0.7186332558672661,0.7170956490072388,0.717454720049482,0.716155735188027,0.7149984448203741,0.7153709817407404,0.7143128769821814,0.7147099503835243,0.71502249111829,0.7152711504119041,0.7154773882234443,0.7156593091885076,0.7158303557509427,0.7159990713474802,0.7152329105120662,0.714675916763527,0.7147827743377808,0.7148680128097796,0.7149443322035127,0.7150205918834781,0.7145655600827019,0.7146009500887316,0.7146372118643153,0.7146809782811444,0.7147376457223708,0.7143137948238217,0.7141121594954847,0.7140764840013777,0.7140428258066022,0.7148922212134026,0.7146069735095296,0.714333949298726,0.7149127405466129,0.715579117353401,0.7152718214434255,0.7149593466783338,0.7156537324857905,0.7163507451159308,0.7160573340981831,0.7157477780580858,0.7154291019915738,0.7125794584818853,0.7130990539723805,0.7128894639375855,0.712667283088723,0.7124381004750281,0.712985634038035,0.7127541360465277,0.7133160785368071,0.7130870153827324,0.7128466028217288,0.7134282136807601,0.7139631264256258,0.7137723474030843,0.7135488016938796,0.713302497057246,0.713900554910228,0.7136688999067072,0.7134147006933387,0.7131497623369972,0.7128823692246941,0.7135224544078619,0.7141531967335263,0.7139064017116021,0.7136395677717285,0.7133600386400258,0.7130779298280544,0.7127998396524933,0.7125271567587668,0.7122679767357681,0.7120250856905305,0.7117986372636743,0.7115913431717852,0.7114033472283482,0.7112342419933215,0.711083219499581,0.7109492000410403,0.7108301344484441,0.7107256993777502,0.7106345191394627,0.7105552476814394,0.7104861709428718,0.7106458838813557,0.7108672690871424,0.710756526068889,0.710659642008809,0.7105752272477842,0.710501488825318,0.7104377677039777,0.7103828879317059,0.7105098765079433,0.7104441901607846,0.710387547893947,0.7105191962931002,0.7104515415730658,0.710393138497795,0.7103428708041942,0.7102997301832917,0.7102628140913748,0.7102313207483779,0.7102045423984262,0.710181857633448,0.7101627233577336,0.7101466667953904,0.7101332778076179,0.7101222016857152,0.7101441622267217,0.7101300542759059,0.710118305670397,0.7101425093921466,0.7101277111518385,0.7101599171134091,0.710209085689867,0.7102806897097541,0.7103821847461546,0.7105233674728059,0.7104522848730898,0.7106200611615549,0.7105365386488162,0.7107350678204625,0.7106366470439459,0.7105507967995206,0.7104756575215014,0.7104105425311531,0.7103542469889488,0.7103056789724188,0.7102638580941153,0.710227910921304,0.7103127590478501,0.7102697492535177,0.7102327590111857,0.7103202074882766,0.7102759891366303,0.7102379397545464,0.7102052505721332,0.7101772083925612,0.7101531873453925,0.7102098022492789,0.7102894471694425,0.7102492243881091,0.7102146347757426,0.7101849315427502,0.7102552989460675,0.7102197334962395,0.7101891787663592,0.7102616466329507,0.7102250864324182,0.7101936644057453,0.7101666926618484,0.7101435683434763,0.7101237651526588,0.7101068251336057,0.7101468416169933,0.7101264551698317,0.7101090070183647,0.7101503057514732,0.7101293258111759,0.7101791250123106,0.7101539517447586,0.7101323670836639,0.7101138774355483,0.7101577723180797,0.7101355707962556,0.7101165459109636,0.7104945899759889,0.7104257725561377,0.7103661890833715,0.7103146990578504,0.7102702770247667,0.7102320081877177,0.7101990818241753,0.7101707834147668,0.7102382443469518,0.7102044202187197,0.7101753435620766,0.7101503726632465,0.7101289464472748,0.7101800529754305,0.7102512887857667,0.7103500023374518,0.710300657250424,0.7102581009667481,0.7102214497673899,0.7101899218096404
γ_N^μ,0.665,0.767710778778289,0.685,0.67,0.67,0.6675,0.6675,0.6736405280757005,0.6815810868825942,0.6866834408352841,0.6703367964903534,0.6781242983294254,0.6851149756089514,0.6913396525620621,0.6768538439372462,0.6835811338043419,0.6651704698874916,0.6494806026829988,0.656545824377528,0.6602563686884109,0.6448089961905226,0.6307429893209335,0.6368244885530873,0.6418322297017647,0.6431347833418993,0.6527332374913253,0.6516424513839816,0.6573456075783484,0.6437206578702394,0.6303878535290438,0.6288892014166434,0.6342083220432188,0.6394712010070409,0.6269332656377058,0.6319399421726595,0.6203189698571681,0.6249938435651623,0.6144922923907241,0.618733056425096,0.6231156105972195,0.6275777043380971,0.6320572864267754,0.636495435981391,0.6408396846930148,0.6450453668080585,0.6490494278000338,0.6528827630983033,0.6429244882570375,0.646798527515299,0.6505245367067293,0.6540311987770762,0.6448201430269567,0.6483862741181715,0.6518051557835678,0.6550150320420243,0.6580334458002851,0.6608392479772183,0.663458061238992,0.6658961748421961,0.6681477602101327,0.670228052728163,0.6637906519594174,0.6569572961927149,0.6594544020427862,0.6617695058031546,0.6551881669441689,0.6576393361164018,0.6599136260180775,0.65353835953036,0.6559313580988135,0.6494744235251115,0.642624665887022,0.645384924634456,0.6384832919521128,0.641287126636116,0.6440082837268294,0.6465915394966908,0.649026827561133,0.6513244215327523,0.6534794766813873,0.6554773314757406,0.6501325297867365,0.6443232003566806,0.646708589053834,0.6489493267548176,0.6510556921039434,0.6530105050174058,0.6479048693866221,0.649999869954455,0.6519450965521323,0.6537424352784071,0.6554082290404597,0.6509942260054516,0.646063399459834,0.6481306277684216,0.6500672539064857,0.6348177930241673,0.637151632147705,0.6394213534777754,0.6339807625583519,0.628434093563825,0.6307416840444567,0.6330837066697337,0.6275832951166259,0.6222919927728371,0.6244421730306571,0.6266723150540159,0.6289446923326292,0.642961703628874,0.6383299182743591,0.640444149943195,0.6424389835039037,0.6443297579956269,0.6399158261559321,0.6419367059402075,0.6371943049827754,0.6393516451702019,0.6413994865672086,0.6366030053099708,0.6313607817613749,0.6336800973657805,0.6359423040479034,0.638142043955636,0.6330181195260799,0.635292296046828,0.6375115040522209,0.6396391746237824,0.6416588027466732,0.6369214160906878,0.6317356038549267,0.6340269138635046,0.6362621951660665,0.638435712819099,0.6405121292860944,0.6424761825597858,0.6443417402224478,0.6460722098453269,0.6476637363880284,0.6491260392838574,0.6504498096316357,0.6516402718309869,0.652704502559422,0.6536508493402715,0.6544884185844582,0.6552316541067882,0.655883740199548,0.6564540358751648,0.6569514372112333,0.6573870153951912,0.6563472448340933,0.6549465548250398,0.6556315936014525,0.656231335813736,0.6567548532413102,0.6572135827212859,0.6576117494677706,0.6579567188609168,0.657131200515378,0.6575391862643689,0.6578927163766125,0.6570477648736958,0.6574658497895018,0.6578282009234091,0.6581417211035988,0.6584126168371859,0.6586464252622132,0.658848054236928,0.6590218301044084,0.6591715490667517,0.6593005292505674,0.6594116614564902,0.6595074572871023,0.6595900938731398,0.6593858947930384,0.6594838622753254,0.659568289144543,0.6593607163783192,0.6594609806140591,0.6592166110969656,0.6588815593517112,0.658420399226623,0.6577862625371611,0.656918490393893,0.6573497403162702,0.6563252363803279,0.6568308229426363,0.6556238334745452,0.6562187696587207,0.6567378380845417,0.6571923822337775,0.657586607067255,0.6579278289640007,0.6582226648006211,0.6584770464088183,0.6586962525643378,0.6581721441927728,0.6584332032198565,0.6586581955617823,0.6581205444012597,0.6583884607687279,0.6586194004098029,0.6588182416762479,0.6589892843221239,0.6591363005316079,0.6587839376339056,0.6582960402992568,0.6585393648268438,0.6587489288567276,0.6589292305697317,0.6584980186464977,0.658713166061257,0.6588982944408854,0.6584557215816129,0.6586766030877463,0.6588666918042614,0.6590301269780696,0.6591705355514361,0.659291083661581,0.6593945264145961,0.6591464176906973,0.6592702271387627,0.659376469485573,0.6591217814703655,0.6592489467000182,0.6589444846347076,0.6590965932435257,0.6592272100546294,0.6593393019680367,0.6590708212745315,0.6592049869897519,0.6593201311594258,0.6570378361663702,0.657451067628845,0.6578089052917286,0.6581181938251381,0.6583850874558803,0.65861507634514,0.6588130261384315,0.6589832252216253,0.6585766599673922,0.6587799422052154,0.6589547541750578,0.659104947252281,0.6592338889765299,0.6589255429295972,0.6584967949875232,0.6579034704284289,0.6581997411007564,0.6584552865064592,0.6586754097566063,0.6588648026615495
L_C(voice),1.0,1.0,1.0,1.0,1.0,1.0,1.0,1.0,1.0,1.0,1.0,1.0,1.0,1.0,1.0,1.0,1.0,1.0,1.0,1.0,1.0,1.0,1.0,1.0,1.0,1.0,1.0,1.0,1.0,1.0,1.0,1.0,1.0,1.0,1.0,1.0,1.0,1.0,1.0,1.0,1.0,1.0,1.0,1.0,1.0,1.0,1.0,1.0,1.0,1.0,1.0,1.0,1.0,1.0,1.0,1.0,1.0,1.0,1.0,1.0,1.0,1.0,1.0,1.0,1.0,1.0,1.0,1.0,1.0,1.0,1.0,1.0,1.0,1.0,1.0,1.0,1.0,1.0,1.0,1.0,1.0,1.0,1.0,1.0,1.0,1.0,1.0,1.0,1.0,1.0,1.0,1.0,1.0,1.0,1.0,1.0,1.0,1.0,1.0,1.0,1.0,1.0,1.0,1.0,1.0,1.0,1.0,1.0,1.0,1.0,1.0,1.0,1.0,1.0,1.0,1.0,1.0,1.0,1.0,1.0,1.0,1.0,1.0,1.0,1.0,1.0,1.0,1.0,1.0,1.0,1.0,1.0,1.0,1.0,1.0,1.0,1.0,1.0,1.0,1.0,1.0,1.0,1.0,1.0,1.0,1.0,1.0,1.0,1.0,1.0,1.0,1.0,1.0,1.0,1.0,1.0,1.0,1.0,1.0,1.0,1.0,1.0,1.0,1.0,1.0,1.0,1.0,1.0,1.0,1.0,1.0,1.0,1.0,1.0,1.0,1.0,1.0,1.0,1.0,1.0,1.0,1.0,1.0,1.0,1.0,1.0,1.0,1.0,1.0,1.0,1.0,1.0,1.0,1.0,1.0,1.0,1.0,1.0,1.0,1.0,1.0,1.0,1.0,1.0,1.0,1.0,1.0,1.0,1.0,1.0,1.0,1.0,1.0,1.0,1.0,1.0,1.0,1.0,1.0,1.0,1.0,1.0,1.0,1.0,1.0,1.0,1.0,1.0,1.0,1.0,1.0,1.0,1.0,1.0,1.0,1.0,1.0,1.0,1.0,1.0,1.0,1.0,1.0,1.0,1.0,1.0,1.0,1.0,1.0,1.0,1.0
V_τ (signal),Ignored,Ignored,Ignored,Ignored,Ignored,Ignored,Ignored,Ignored,Ignored,Ignored,Ignored,Ignored,Ignored,Ignored,Ignored,Ignored,Ignored,Ignored,Ignored,Ignored,Ignored,Ignored,Ignored,Ignored,Ignored,Ignored,Ignored,Ignored,Ignored,Ignored,Ignored,Ignored,Ignored,Ignored,Ignored,Ignored,Ignored,Ignored,Ignored,Ignored,Ignored,Ignored,Ignored,Ignored,Ignored,Ignored,Ignored,Ignored,Ignored,Ignored,Ignored,Ignored,Ignored,Ignored,Ignored,Ignored,Ignored,Ignored,Ignored,Ignored,Ignored,Ignored,Ignored,Ignored,Ignored,Ignored,Ignored,Ignored,Ignored,Ignored,Ignored,Ignored,Ignored,Ignored,Ignored,Ignored,Ignored,Ignored,Ignored,Ignored,Ignored,Ignored,Ignored,Ignored,Ignored,Ignored,Ignored,Ignored,Ignored,Ignored,Ignored,Ignored,Ignored,Ignored,Ignored,Ignored,Ignored,Ignored,Ignored,Ignored,Ignored,Ignored,Ignored,Ignored,Ignored,Ignored,Ignored,Ignored,Ignored,Ignored,Ignored,Ignored,Ignored,Ignored,Ignored,Ignored,Ignored,Ignored,Ignored,Ignored,Ignored,Ignored,Ignored,Ignored,Ignored,Ignored,Ignored,Ignored,Ignored,Ignored,Ignored,Ignored,Ignored,Ignored,Ignored,Ignored,Ignored,Ignored,Ignored,Ignored,Ignored,Ignored,Ignored,Ignored,Ignored,Ignored,Ignored,Ignored,Ignored,Ignored,Ignored,Ignored,Ignored,Ignored,Ignored,Ignored,Ignored,Ignored,Ignored,Ignored,Ignored,Ignored,Ignored,Ignored,Ignored,Ignored,Ignored,Ignored,Ignored,Ignored,Ignored,Ignored,Ignored,Ignored,Ignored,Ignored,Ignored,Ignored,Ignored,Ignored,Ignored,Ignored,Ignored,Ignored,Ignored,Ignored,Ignored,Ignored,Ignored,Ignored,Ignored,Ignored,Ignored,Ignored,Ignored,Ignored,Ignored,Ignored,Ignored,Ignored,Ignored,Ignored,Ignored,Ignored,Ignored,Ignored,Ignored,Ignored,Ignored,Ignored,Ignored,Ignored,Ignored,Ignored,Ignored,Ignored,Ignored,Ignored,Ignored,Ignored,Ignored,Ignored,Ignored,Ignored,Ignored,Ignored,Ignored,Ignored,Ignored,Ignored,Ignored,Ignored,Ignored,Ignored,Ignored,Ignored,Ignored,Ignored,Ignored,Ignored,Ignored,Ignored,Ignored,Ignored,Ignored,Ignored,Ignored,Ignored,Ignored,Ignored,Ignored
d (detection),False,False,False,False,False,False,False,False,False,True,False,False,False,True,False,True,True,False,False,True,True,False,False,False,False,False,False,True,True,False,False,False,True,False,True,False,True,False,False,False,False,False,False,False,False,False,True,False,False,False,True,False,False,False,False,False,False,False,False,False,True,True,False,False,True,False,False,True,False,True,True,False,True,False,False,False,False,False,False,False,True,True,False,False,False,False,True,False,False,False,False,True,True,False,False,False,False,False,True,True,False,False,True,True,False,False,False,True,True,False,False,False,True,False,True,False,False,True,True,False,False,False,True,False,False,False,False,True,True,False,False,False,False,False,False,False,False,False,False,False,False,False,False,False,False,False,False,False,True,True,False,False,False,False,False,False,True,False,False,True,False,False,False,False,False,False,False,False,False,False,False,False,True,False,False,True,False,True,True,True,True,True,False,True,False,True,False,False,False,False,False,False,False,False,True,False,False,True,False,False,False,False,False,True,True,False,False,False,True,False,False,True,False,False,False,False,False,False,True,False,False,True,False,True,False,False,False,True,False,False,True,False,False,False,False,False,False,False,True,False,False,False,False,True,True,True,False,False,False,False,False
p_det,0.14185106490048782,0.36123682485115804,0.2535060166623378,0.2535060166623378,0.2516182783929358,0.2516182783929358,0.2516182783929358,0.2535060166623378,0.25540308417252405,0.2573094546973142,0.2535060166623378,0.2535060166623378,0.2573094546973142,0.2573094546973142,0.2535060166623378,0.2535060166623378,0.24973989440488234,0.24416110090520296,0.2460112835510519,0.24787088856042985,0.24232036099629517,0.23685498427314458,0.23685498427314458,0.24048908305088898,0.24048908305088898,0.24232036099629511,0.24416110090520296,0.2460112835510519,0.23866728515708963,0.23505219623623524,0.23505219623623524,0.23685498427314458,0.23866728515708963,0.23325893577145726,0.23505219623623524,0.23147521650098238,0.23325893577145726,0.22793645057321624,0.22970105095339813,0.23147521650098238,0.23325893577145726,0.23505219623623524,0.23685498427314458,0.23866728515708963,0.23866728515708963,0.24232036099629511,0.24232036099629511,0.23866728515708963,0.24232036099629511,0.24232036099629511,0.24416110090520296,0.23866728515708963,0.24232036099629511,0.24232036099629511,0.24416110090520296,0.24416110090520296,0.2460112835510519,0.24787088856042985,0.24787088856042985,0.24787088856042985,0.24973989440488234,0.24787088856042985,0.24416110090520296,0.24416110090520296,0.24787088856042985,0.24416110090520296,0.24416110090520296,0.24416110090520296,0.24232036099629511,0.24416110090520296,0.24048908305088898,0.23866728515708963,0.23866728515708963,0.23505219623623524,0.23866728515708963,0.23866728515708963,0.23866728515708963,0.24048908305088898,0.24232036099629511,0.24232036099629511,0.24416110090520296,0.24048908305088898,0.23866728515708963,0.23866728515708963,0.24048908305088898,0.24048908305088898,0.24232036099629511,0.24048908305088898,0.24048908305088898,0.24048908305088898,0.24232036099629511,0.24416110090520296,0.24048908305088898,0.23866728515708963,0.24048908305088898,0.24048908305088898,0.23505219623623524,0.23505219623623524,0.23505219623623524,0.23325893577145726,0.22970105095339813,0.23325893577145726,0.23325893577145726,0.22970105095339813,0.22793645057321632,0.22970105095339813,0.22970105095339813,0.22970105095339813,0.23866728515708963,0.23505219623623524,0.23505219623623524,0.23866728515708963,0.23866728515708963,0.23505219623623524,0.23866728515708963,0.23505219623623524,0.23505219623623524,0.23866728515708963,0.23505219623623524,0.23325893577145726,0.23325893577145726,0.23505219623623524,0.23505219623623524,0.23325893577145726,0.23505219623623524,0.23505219623623524,0.23505219623623524,0.23866728515708963,0.23505219623623524,0.23325893577145726,0.23325893577145726,0.23505219623623524,0.23505219623623524,0.23505219623623524,0.23866728515708963,0.23866728515708963,0.23866728515708963,0.24048908305088898,0.24048908305088898,0.24048908305088898,0.24048908305088898,0.24048908305088898,0.24048908305088898,0.24232036099629517,0.24232036099629517,0.24232036099629517,0.24232036099629517,0.24416110090520296,0.24416110090520296,0.24232036099629517,0.24232036099629517,0.24232036099629517,0.24232036099629517,0.24416110090520296,0.24416110090520296,0.24416110090520296,0.24416110090520296,0.24416110090520296,0.24416110090520296,0.24416110090520296,0.24416110090520296,0.24416110090520296,0.24416110090520296,0.24416110090520296,0.24416110090520296,0.24416110090520296,0.24416110090520296,0.24416110090520296,0.24416110090520296,0.24416110090520296,0.24416110090520296,0.24416110090520296,0.24416110090520296,0.24416110090520296,0.24416110090520296,0.24416110090520296,0.24416110090520296,0.24416110090520296,0.24416110090520296,0.24416110090520296,0.24416110090520296,0.24416110090520296,0.24416110090520296,0.24416110090520296,0.24232036099629517,0.24416110090520296,0.24232036099629517,0.24232036099629517,0.24416110090520296,0.24416110090520296,0.24416110090520296,0.24416110090520296,0.24416110090520296,0.24416110090520296,0.24416110090520296,0.24416110090520296,0.24416110090520296,0.24416110090520296,0.24416110090520296,0.24416110090520296,0.24416110090520296,0.24416110090520296,0.24416110090520296,0.24416110090520296,0.24416110090520296,0.24416110090520296,0.24416110090520296,0.24416110090520296,0.24416110090520296,0.24416110090520296,0.24416110090520296,0.24416110090520296,0.24416110090520296,0.24416110090520296,0.24416110090520296,0.24416110090520296,0.24416110090520296,0.24416110090520296,0.24416110090520296,0.24416110090520296,0.24416110090520296,0.24416110090520296,0.24416110090520296,0.24416110090520296,0.24416110090520296,0.24416110090520296,0.24416110090520296,0.24416110090520296,0.24416110090520296,0.24416110090520296,0.24416110090520296,0.24416110090520296,0.24416110090520296,0.24416110090520296,0.24416110090520296,0.24416110090520296,0.24416110090520296,0.24416110090520296,0.24416110090520296,0.24416110090520296,0.24416110090520296,0.24416110090520296,0.24416110090520296,0.24416110090520296,0.24416110090520296,0.24416110090520296,0.24416110090520296,0.24416110090520296,0.24416110090520296,0.24416110090520296,0.24416110090520296
ι = max_θ μ_τ(θ),0.35,0.3610871359941079,0.25,0.25,0.25,0.25,0.25,0.2947917737027676,0.3395364422104954,0.3829776633770989,0.2858113933249659,0.3191408715892912,0.3600747688634233,0.3995924168042952,0.3193530963629465,0.33811328835156135,0.3049610732732734,0.33950869504666104,0.32925915655976035,0.31249366830738345,0.36078254241049995,0.3803672022344164,0.3851945358168372,0.38231355292108554,0.3719007409935761,0.35499272586671266,0.3513093674108215,0.37808121790296073,0.374175757107276,0.42155667942516967,0.41104428187391845,0.3941352051732269,0.3719627500483823,0.4296240752232393,0.41321504880332843,0.457707912501212,0.4482980380997552,0.47700149671939984,0.4754383822999726,0.46689399215367344,0.4518695685969388,0.4312218054279341,0.4060129779034643,0.43129922948743704,0.4621808306155309,0.49014541341435364,0.5152482887816152,0.4668496440439013,0.4965332687730038,0.5235725561385215,0.5473573155884368,0.5018848055544196,0.5302684544606535,0.5559618784452834,0.5784360454351022,0.5977948137939373,0.6139312813274382,0.6270383413140067,0.6372504852187458,0.6446823994161801,0.6495697007007151,0.6546416667094269,0.6396018528709864,0.6561358807330492,0.6697183680701116,0.6493001884221438,0.6675327404294249,0.6828152659577048,0.6570168492893824,0.6767583285708536,0.6385878965348811,0.5816047876321254,0.6122566709728927,0.5453583352079945,0.5788851992755176,0.6107291612906152,0.6401497640424,0.6669718006279336,0.6912622539586826,0.7129222544583678,0.7318181023568008,0.6940024152181833,0.6388377578117481,0.6679421236090797,0.6945007998444718,0.7186006397066615,0.7400298026602553,0.6943990145085873,0.7196465709188352,0.7422583160945032,0.7622615890030038,0.7798380348604533,0.7436500816443017,0.6915647727657637,0.7186566405639246,0.7433978549054507,0.5538430906357585,0.5895854168624762,0.6240935769904066,0.5441406825247624,0.5328314364676094,0.49597909555851766,0.532856132202856,0.5457184307899767,0.6308151090962949,0.5959738675755512,0.5597916972588711,0.5229044915499571,0.7147941153751215,0.6389493635477116,0.6736192645535826,0.7063881988301398,0.7374857300638046,0.6650272183308338,0.6982668122922078,0.6203413771629708,0.6558053251903164,0.689526204473857,0.6106022903323612,0.5245055593693968,0.5625156011774124,0.5996937263822582,0.6359234745152227,0.5515313098998174,0.5889379110328014,0.6255173779115379,0.6606441015073135,0.6940269474704286,0.6157579864702776,0.530197279978642,0.5679429097736535,0.6048382223224534,0.6407686146252718,0.6751332121388215,0.7076658890804469,0.7385861046606187,0.767279106199556,0.793674443218019,0.8179284645517847,0.8398831033623778,0.8596224399340671,0.8772621008000716,0.8929394125982868,0.9068047449868377,0.9190970327970817,0.9298691254435371,0.9392762693774039,0.9474661158940749,0.9546217221096324,0.9377269792783388,0.9147269070580577,0.9260720128601976,0.9359944438413225,0.9446448801235364,0.9522128062525282,0.9587689003096075,0.9644355697470299,0.9510296428423236,0.9577603048906111,0.9635810007862717,0.9498022372430083,0.9567106373276953,0.9626881361708096,0.9678495268248832,0.9722980137282329,0.9761256554753047,0.9794140281819284,0.9822350179601924,0.984651674404885,0.9867190762087473,0.9884851752736085,0.9899915974284687,0.991274386659927,0.9882946753253832,0.9898498179114463,0.9911755768377194,0.9880806061574753,0.9896848150257576,0.9859106947724907,0.9805595865479863,0.9730556323540941,0.9626291049317499,0.9482780043383664,0.9554433977528975,0.9384604392808178,0.9468684127569648,0.9268280201256007,0.936727904225537,0.9453630623830033,0.9529222931774753,0.95947572008198,0.9651451982430529,0.9700409331296803,0.9742617186038103,0.9778954679344064,0.9692462273301277,0.9735809085372622,0.9773138134657726,0.9684269013934693,0.9728781166918581,0.9767124858384878,0.980011265297765,0.9828460693622946,0.9852797198258291,0.9794805579109933,0.9714064043282297,0.9754509452347049,0.9789323606756736,0.9819255833783548,0.9747906200890144,0.9783666558764218,0.9814419573181773,0.9741104142995533,0.9777833655055677,0.9809427468145826,0.9836575179188481,0.9859881003048949,0.9879872352256337,0.98970081298955,0.9856123802306493,0.9876672596231924,0.9894289523142444,0.9852243493588815,0.9873363541971676,0.9822949253108237,0.9848239602783201,0.9869945209982925,0.9888560374713772,0.9844111256863644,0.9866417212261894,0.988555037027194,0.9505989505569575,0.9574842766579267,0.9634463005972881,0.9685990945116062,0.9730452230074914,0.9768761827719384,0.9801730617217201,0.983007326587704,0.9762417637686727,0.9796278334142146,0.9825393108381664,0.9850403799534823,0.9871871605519794,0.9820580484201318,0.974920043220745,0.9650373860727526,0.9699740731207307,0.9742319572666496,0.9778994202482997,0.9810546553594149
M_t,0.0,0.0011111111111111111,0.0044444444444444444,0.010000000000000002,0.017777777777777778,0.027777777777777776,0.04000000000000001,0.05444444444444445,0.07111111111111111,0.09,0.1111111111111111,0.13444444444444442,0.16000000000000003,0.1877777777777778,0.2177777777777778,0.25,0.28444444444444444,0.32111111111111107,0.36,0.4011111111111111,0.4444444444444444,0.48999999999999994,0.5377777777777777,0.5877777777777778,0.6400000000000001,0.6944444444444445,0.7511111111111112,0.81,0.8711111111111112,0.9344444444444444,1.0,1.0,1.0,1.0,1.0,1.0,1.0,1.0,1.0,1.0,1.0,1.0,1.0,1.0,1.0,1.0,1.0,1.0,1.0,1.0,1.0,1.0,1.0,1.0,1.0,1.0,1.0,1.0,1.0,1.0,1.0,1.0,1.0,1.0,1.0,1.0,1.0,1.0,1.0,1.0,1.0,1.0,1.0,1.0,1.0,1.0,1.0,1.0,1.0,1.0,1.0,1.0,1.0,1.0,1.0,1.0,1.0,1.0,1.0,1.0,1.0,1.0,1.0,1.0,1.0,1.0,1.0,1.0,1.0,1.0,1.0,1.0,1.0,1.0,1.0,1.0,1.0,1.0,1.0,1.0,1.0,1.0,1.0,1.0,1.0,1.0,1.0,1.0,1.0,1.0,1.0,1.0,1.0,1.0,1.0,1.0,1.0,1.0,1.0,1.0,1.0,1.0,1.0,1.0,1.0,1.0,1.0,1.0,1.0,1.0,1.0,1.0,1.0,1.0,1.0,1.0,1.0,1.0,1.0,1.0,1.0,1.0,1.0,1.0,1.0,1.0,1.0,1.0,1.0,1.0,1.0,1.0,1.0,1.0,1.0,1.0,1.0,1.0,1.0,1.0,1.0,1.0,1.0,1.0,1.0,1.0,1.0,1.0,1.0,1.0,1.0,1.0,1.0,1.0,1.0,1.0,1.0,1.0,1.0,1.0,1.0,1.0,1.0,1.0,1.0,1.0,1.0,1.0,1.0,1.0,1.0,1.0,1.0,1.0,1.0,1.0,1.0,1.0,1.0,1.0,1.0,1.0,1.0,1.0,1.0,1.0,1.0,1.0,1.0,1.0,1.0,1.0,1.0,1.0,1.0,1.0,1.0,1.0,1.0,1.0,1.0,1.0,1.0,1.0,1.0,1.0,1.0,1.0,1.0,1.0,1.0,1.0,1.0,1.0,1.0,1.0,1.0,1.0,1.0,1.0,1.0
M_t^S,3.0,2.899163609360107,3.003569093868556,2.91480021184908,2.8286548467751853,2.745055462003318,2.663926812444057,2.561691063726752,2.4239379382607296,2.264729858654279,2.3386635983049127,2.2164370326638507,2.1,2.1,2.1,2.1,2.1,2.1,2.1,2.1,2.1,2.1,2.1,2.1,2.1,2.1,2.1,2.1,2.1,2.1,2.1,2.1,2.1,2.1,2.1,2.1,2.1,2.1,2.1,2.1,2.1,2.1,2.1,2.1,2.1,2.1,2.1,2.1,2.1,2.1,2.1,2.1,2.1,2.1,2.1,2.1,2.1,2.1,2.1,2.1,2.1,2.1,2.1,2.1,2.1,2.1,2.1,2.1,2.1,2.1,2.1,2.1,2.1,2.1,2.1,2.1,2.1,2.1,2.1,2.1,2.1,2.1,2.1,2.1,2.1,2.1,2.1,2.1,2.1,2.1,2.1,2.1,2.1,2.1,2.1,2.1,2.1,2.1,2.1,2.1,2.1,2.1,2.1,2.1,2.1,2.1,2.1,2.1,2.1,2.1,2.1,2.1,2.1,2.1,2.1,2.1,2.1,2.1,2.1,2.1,2.1,2.1,2.1,2.1,2.1,2.1,2.1,2.1,2.1,2.1,2.1,2.1,2.1,2.1,2.1,2.1,2.1,2.1,2.1,2.1,2.1,2.1,2.1,2.1,2.1,2.1,2.1,2.1,2.1,2.1,2.1,2.1,2.1,2.1,2.1,2.1,2.1,2.1,2.1,2.1,2.1,2.1,2.1,2.1,2.1,2.1,2.1,2.1,2.1,2.1,2.1,2.1,2.1,2.1,2.1,2.1,2.1,2.1,2.1,2.1,2.1,2.1,2.1,2.1,2.1,2.1,2.1,2.1,2.1,2.1,2.1,2.1,2.1,2.1,2.1,2.1,2.1,2.1,2.1,2.1,2.1,2.1,2.1,2.1,2.1,2.1,2.1,2.1,2.1,2.1,2.1,2.1,2.1,2.1,2.1,2.1,2.1,2.1,2.1,2.1,2.1,2.1,2.1,2.1,2.1,2.1,2.1,2.1,2.1,2.1,2.1,2.1,2.1,2.1,2.1,2.1,2.1,2.1,2.1,2.1,2.1,2.1,2.1,2.1,2.1,2.1,2.1,2.1,2.1,2.1,2.1
M_t^F,3.0,2.913695727426841,3.0337554651107785,2.9588517757926667,2.8857974651532214,2.814546871870174,2.745055462003318,2.7,2.7,2.7,2.7,2.7,2.7,2.7,2.7,2.7,2.7,2.7,2.7,2.7,2.7,2.7,2.7,2.7,2.7,2.7,2.7,2.7,2.7,2.7,2.7,2.7,2.7,2.7,2.7,2.7,2.7,2.7,2.7,2.7,2.7,2.7,2.7,2.7,2.7,2.7,2.7,2.7,2.7,2.7,2.7,2.7,2.7,2.7,2.7,2.7,2.7,2.7,2.7,2.7,2.7,2.7,2.7,2.7,2.7,2.7,2.7,2.7,2.7,2.7,2.7,2.7,2.7,2.7,2.7,2.7,2.7,2.7,2.7,2.7,2.7,2.7,2.7,2.7,2.7,2.7,2.7,2.7,2.7,2.7,2.7,2.7,2.7,2.7,2.7,2.7,2.7,2.7,2.7,2.7,2.7,2.7,2.7,2.7,2.7,2.7,2.7,2.7,2.7,2.7,2.7,2.7,2.7,2.7,2.7,2.7,2.7,2.7,2.7,2.7,2.7,2.7,2.7,2.7,2.7,2.7,2.7,2.7,2.7,2.7,2.7,2.7,2.7,2.7,2.7,2.7,2.7,2.7,2.7,2.7,2.7,2.7,2.7,2.7,2.7,2.7,2.7,2.7,2.7,2.7,2.7,2.7,2.7,2.7,2.7,2.7,2.7,2.7,2.7,2.7,2.7,2.7,2.7,2.7,2.7,2.7,2.7,2.7,2.7,2.7,2.7,2.7,2.7,2.7,2.7,2.7,2.7,2.7,2.7,2.7,2.7,2.7,2.7,2.7,2.7,2.7,2.7,2.7,2.7,2.7,2.7,2.7,2.7,2.7,2.7,2.7,2.7,2.7,2.7,2.7,2.7,2.7,2.7,2.7,2.7,2.7,2.7,2.7,2.7,2.7,2.7,2.7,2.7,2.7,2.7,2.7,2.7,2.7,2.7,2.7,2.7,2.7,2.7,2.7,2.7,2.7,2.7,2.7,2.7,2.7,2.7,2.7,2.7,2.7,2.7,2.7,2.7,2.7,2.7,2.7,2.7,2.7,2.7,2.7,2.7,2.7,2.7,2.7,2.7,2.7,2.7
M_t^K,3.3000000000000003,3.3000000000000003,3.3000000000000003,3.3000000000000003,3.3000000000000003,3.3000000000000003,3.3000000000000003,3.3000000000000003,3.3000000000000003,3.3000000000000003,3.3000000000000003,3.3000000000000003,3.3000000000000003,3.3000000000000003,3.3000000000000003,3.3000000000000003,3.3000000000000003,3.3000000000000003,3.3000000000000003,3.3000000000000003,3.3000000000000003,3.3000000000000003,3.3000000000000003,3.3000000000000003,3.3000000000000003,3.3000000000000003,3.3000000000000003,3.3000000000000003,3.3000000000000003,3.3000000000000003,3.3000000000000003,3.3000000000000003,3.3000000000000003,3.3000000000000003,3.3000000000000003,3.3000000000000003,3.3000000000000003,3.3000000000000003,3.3000000000000003,3.3000000000000003,3.3000000000000003,3.3000000000000003,3.3000000000000003,3.3000000000000003,3.3000000000000003,3.3000000000000003,3.3000000000000003,3.3000000000000003,3.3000000000000003,3.3000000000000003,3.3000000000000003,3.3000000000000003,3.3000000000000003,3.3000000000000003,3.3000000000000003,3.3000000000000003,3.3000000000000003,3.3000000000000003,3.3000000000000003,3.3000000000000003,3.3000000000000003,3.3000000000000003,3.3000000000000003,3.3000000000000003,3.3000000000000003,3.3000000000000003,3.3000000000000003,3.3000000000000003,3.3000000000000003,3.3000000000000003,3.3000000000000003,3.3000000000000003,3.3000000000000003,3.3000000000000003,3.3000000000000003,3.3000000000000003,3.3000000000000003,3.3000000000000003,3.3000000000000003,3.3000000000000003,3.3000000000000003,3.3000000000000003,3.3000000000000003,3.3000000000000003,3.3000000000000003,3.3000000000000003,3.3000000000000003,3.3000000000000003,3.3000000000000003,3.3000000000000003,3.3000000000000003,3.3000000000000003,3.3000000000000003,3.3000000000000003,3.3000000000000003,3.3000000000000003,3.3000000000000003,3.3000000000000003,3.3000000000000003,3.3000000000000003,3.3000000000000003,3.3000000000000003,3.3000000000000003,3.3000000000000003,3.3000000000000003,3.3000000000000003,3.3000000000000003,3.3000000000000003,3.3000000000000003,3.3000000000000003,3.3000000000000003,3.3000000000000003,3.3000000000000003,3.3000000000000003,3.3000000000000003,3.3000000000000003,3.3000000000000003,3.3000000000000003,3.3000000000000003,3.3000000000000003,3.3000000000000003,3.3000000000000003,3.3000000000000003,3.3000000000000003,3.3000000000000003,3.3000000000000003,3.3000000000000003,3.3000000000000003,3.3000000000000003,3.3000000000000003,3.3000000000000003,3.3000000000000003,3.3000000000000003,3.3000000000000003,3.3000000000000003,3.3000000000000003,3.3000000000000003,3.3000000000000003,3.3000000000000003,3.3000000000000003,3.3000000000000003,3.3000000000000003,3.3000000000000003,3.3000000000000003,3.3000000000000003,3.3000000000000003,3.3000000000000003,3.3000000000000003,3.3000000000000003,3.3000000000000003,3.3000000000000003,3.3000000000000003,3.3000000000000003,3.3000000000000003,3.3000000000000003,3.3000000000000003,3.3000000000000003,3.3000000000000003,3.3000000000000003,3.3000000000000003,3.3000000000000003,3.3000000000000003,3.3000000000000003,3.3000000000000003,3.3000000000000003,3.3000000000000003,3.3000000000000003,3.3000000000000003,3.3000000000000003,3.3000000000000003,3.3000000000000003,3.3000000000000003,3.3000000000000003,3.3000000000000003,3.3000000000000003,3.3000000000000003,3.3000000000000003,3.3000000000000003,3.3000000000000003,3.3000000000000003,3.3000000000000003,3.3000000000000003,3.3000000000000003,3.3000000000000003,3.3000000000000003,3.3000000000000003,3.3000000000000003,3.3000000000000003,3.3000000000000003,3.3000000000000003,3.3000000000000003,3.3000000000000003,3.3000000000000003,3.3000000000000003,3.3000000000000003,3.3000000000000003,3.3000000000000003,3.3000000000000003,3.3000000000000003,3.3000000000000003,3.3000000000000003,3.3000000000000003,3.3000000000000003,3.3000000000000003,3.3000000000000003,3.3000000000000003,3.3000000000000003,3.3000000000000003,3.3000000000000003,3.3000000000000003,3.3000000000000003,3.3000000000000003,3.3000000000000003,3.3000000000000003,3.3000000000000003,3.3000000000000003,3.3000000000000003,3.3000000000000003,3.3000000000000003,3.3000000000000003,3.3000000000000003,3.3000000000000003,3.3000000000000003,3.3000000000000003,3.3000000000000003,3.3000000000000003,3.3000000000000003,3.3000000000000003,3.3000000000000003,3.3000000000000003,3.3000000000000003,3.3000000000000003,3.3000000000000003,3.3000000000000003,3.3000000000000003,3.3000000000000003,3.3000000000000003,3.3000000000000003,3.3000000000000003,3.3000000000000003,3.3000000000000003,3.3000000000000003,3.3000000000000003,3.3000000000000003,3.3000000000000003,3.3000000000000003,3.3000000000000003,3.3000000000000003,3.3000000000000003,3.3000000000000003,3.3000000000000003
