,0,1,2,3,4,5,6,7,8,9,10,11,12,13,14,15,16,17,18,19,20,21,22,23,24,25,26,27,28,29,30,31,32,33,34,35,36,37,38,39,40,41,42,43,44,45,46,47,48,49,50,51,52,53,54,55,56,57,58,59,60,61,62,63,64,65,66,67,68,69,70,71,72,73,74,75,76,77,78,79,80,81,82,83,84,85,86,87,88,89,90,91,92,93,94,95,96,97,98,99,100,101,102,103,104,105,106,107,108,109,110,111,112,113,114,115,116,117,118,119,120,121,122,123,124,125,126,127,128,129,130,131,132,133,134,135,136,137,138,139,140,141,142,143,144,145,146,147,148,149,150,151,152,153,154,155,156,157,158,159,160,161,162,163,164,165,166,167,168,169,170,171,172,173,174,175,176,177,178,179,180,181,182,183,184,185,186,187,188,189,190,191,192,193,194,195,196,197,198,199,200,201,202,203,204,205,206,207,208,209,210,211,212,213,214,215,216,217,218,219,220,221,222,223,224,225,226,227,228,229,230,231,232,233,234,235,236,237,238,239,240,241,242,243,244,245,246,247,248,249,250,251,252,253,254,255,256,257,258,259,260,261,262,263,264,265,266,267,268,269,270,271,272,273,274,275,276,277,278,279,280,281,282,283,284,285,286,287,288,289,290,291,292,293,294,295,296,297,298,299,300,301,302,303,304,305,306,307,308,309,310,311,312,313,314,315,316,317,318,319,320,321,322,323,324,325,326,327,328,329,330,331,332,333,334,335,336,337,338,339,340,341,342,343,344,345,346,347,348,349,350,351,352,353,354,355,356,357,358,359,360,361,362,363,364,365,366,367,368,369,370,371,372,373,374,375,376,377,378,379,380,381,382,383,384,385,386,387,388,389,390,391,392,393,394,395,396,397,398,399,400
a_F*,Cooperate,Cooperate,Cooperate,Cooperate,Cooperate,Cooperate,Cooperate,Cooperate,Cooperate,Cooperate,Cooperate,Cooperate,Cooperate,Cooperate,Cooperate,Cooperate,Cooperate,Cooperate,Cooperate,Cooperate,Cooperate,Cooperate,Cooperate,Cooperate,Cooperate,Cooperate,Cooperate,Cooperate,Cooperate,Cooperate,Cooperate,Cooperate,Cooperate,Cooperate,Cooperate,Cooperate,Cooperate,Cooperate,Cooperate,Cooperate,Cooperate,Cooperate,Cooperate,Cooperate,Cooperate,Cooperate,Cooperate,Cooperate,Cooperate,Cooperate,Cooperate,Cooperate,Cooperate,Cooperate,Cooperate,Cooperate,Cooperate,Cooperate,Cooperate,Cooperate,Cooperate,Cooperate,Cooperate,Cooperate,Cooperate,Cooperate,Cooperate,Cooperate,Cooperate,Cooperate,Cooperate,Cooperate,Cooperate,Cooperate,Cooperate,Cooperate,Cooperate,Cooperate,Cooperate,Cooperate,Cooperate,Cooperate,Cooperate,Cooperate,Cooperate,Cooperate,Cooperate,Cooperate,Cooperate,Cooperate,Cooperate,Cooperate,Cooperate,Cooperate,Cooperate,Cooperate,Cooperate,Cooperate,Cooperate,Cooperate,Cooperate,Cooperate,Cooperate,Cooperate,Cooperate,Cooperate,Cooperate,Cooperate,Cooperate,Cooperate,Cooperate,Cooperate,Cooperate,Cooperate,Cooperate,Cooperate,Cooperate,Cooperate,Cooperate,Cooperate,Cooperate,Cooperate,Cooperate,Cooperate,Cooperate,Cooperate,Cooperate,Cooperate,Cooperate,Cooperate,Cooperate,Cooperate,Cooperate,Cooperate,Cooperate,Cooperate,Cooperate,Cooperate,Cooperate,Cooperate,Cooperate,Cooperate,Cooperate,Cooperate,Cooperate,Cooperate,Cooperate,Cooperate,Cooperate,Cooperate,Cooperate,Cooperate,Cooperate,Cooperate,Cooperate,Cooperate,Cooperate,Cooperate,Cooperate,Cooperate,Cooperate,Cooperate,Cooperate,Cooperate,Cooperate,Cooperate,Cooperate,Cooperate,Cooperate,Cooperate,Cooperate,Cooperate,Cooperate,Cooperate,Cooperate,Cooperate,Cooperate,Cooperate,Cooperate,Cooperate,Cooperate,Cooperate,Cooperate,Cooperate,Cooperate,Cooperate,Cooperate,Cooperate,Cooperate,Cooperate,Cooperate,Cooperate,Cooperate,Cooperate,Cooperate,Cooperate,Cooperate,Cooperate,Cooperate,Cooperate,Cooperate,Cooperate,Cooperate,Cooperate,Cooperate,Cooperate,Cooperate,Cooperate,Cooperate,Cooperate,Cooperate,Cooperate,Cooperate,Cooperate,Cooperate,Cooperate,Cooperate,Cooperate,Cooperate,Cooperate,Cooperate,Cooperate,Cooperate,Cooperate,Cooperate,Cooperate,Cooperate,Cooperate,Cooperate,Cooperate,Cooperate,Cooperate,Cooperate,Cooperate,Cooperate,Cooperate,Cooperate,Cooperate,Cooperate,Cooperate,Cooperate,Cooperate,Cooperate,Cooperate,Cooperate,Cooperate,Cooperate,Cooperate,Cooperate,Cooperate,Cooperate,Cooperate,Cooperate,Cooperate,Cooperate,Cooperate,Cooperate,Cooperate,Cooperate,Cooperate,Cooperate,Cooperate,Cooperate,Cooperate,Cooperate,Cooperate,Cooperate,Cooperate,Cooperate,Cooperate,Cooperate,Cooperate,Cooperate,Cooperate,Cooperate,Cooperate,Cooperate,Cooperate,Cooperate,Cooperate,Cooperate,Cooperate,Cooperate,Cooperate,Cooperate,Cooperate,Cooperate,Cooperate,Cooperate,Cooperate,Cooperate,Cooperate,Cooperate,Cooperate,Cooperate,Cooperate,Cooperate,Cooperate,Cooperate,Cooperate,Cooperate,Cooperate,Cooperate,Cooperate,Cooperate,Cooperate,Cooperate,Cooperate,Cooperate,Cooperate,Cooperate,Cooperate,Cooperate,Cooperate,Cooperate,Cooperate,Cooperate,Cooperate,Cooperate,Cooperate,Cooperate,Cooperate,Cooperate,Cooperate,Cooperate,Cooperate,Cooperate,Cooperate,Cooperate,Cooperate,Cooperate,Cooperate,Cooperate,Cooperate,Cooperate,Cooperate,Cooperate,Cooperate,Cooperate,Cooperate,Cooperate,Cooperate,Cooperate,Cooperate,Cooperate,Cooperate,Cooperate,Cooperate,Cooperate,Cooperate,Cooperate,Cooperate,Cooperate,Cooperate,Cooperate,Cooperate,Cooperate,Cooperate,Cooperate,Cooperate,Cooperate,Cooperate,Cooperate,Cooperate,Cooperate,Cooperate,Cooperate,Cooperate,Cooperate,Cooperate,Cooperate,Cooperate,Cooperate,Cooperate,Cooperate,Cooperate,Cooperate,Cooperate,Cooperate,Cooperate,Cooperate,Cooperate,Cooperate,Cooperate,Cooperate,Cooperate,Cooperate,Cooperate,Cooperate,Cooperate,Cooperate,Cooperate,Cooperate,Cooperate,Cooperate,Cooperate,Cooperate,Cooperate,Cooperate,Cooperate,Cooperate
ã_F,Cooperate,Cooperate,Cooperate,Cooperate,Cooperate,Cooperate,Cooperate,Cooperate,Collude,Cooperate,Collude,Cooperate,Cooperate,Cooperate,Collude,Collude,Collude,Cooperate,Cooperate,Cooperate,Collude,Cooperate,Cooperate,Cooperate,Collude,Collude,Collude,Cooperate,Collude,Cooperate,Collude,Cooperate,Collude,Collude,Cooperate,Cooperate,Collude,Cooperate,Collude,Cooperate,Collude,Cooperate,Cooperate,Cooperate,Collude,Cooperate,Collude,Cooperate,Cooperate,Collude,Collude,Cooperate,Collude,Cooperate,Cooperate,Collude,Cooperate,Cooperate,Cooperate,Collude,Collude,Cooperate,Cooperate,Cooperate,Cooperate,Cooperate,Collude,Cooperate,Collude,Cooperate,Collude,Cooperate,Collude,Cooperate,Cooperate,Collude,Collude,Cooperate,Collude,Cooperate,Collude,Collude,Collude,Collude,Cooperate,Cooperate,Cooperate,Collude,Collude,Cooperate,Cooperate,Collude,Collude,Cooperate,Collude,Cooperate,Cooperate,Collude,Collude,Cooperate,Cooperate,Cooperate,Cooperate,Cooperate,Cooperate,Cooperate,Collude,Collude,Collude,Cooperate,Cooperate,Collude,Collude,Cooperate,Cooperate,Cooperate,Cooperate,Collude,Cooperate,Cooperate,Cooperate,Cooperate,Collude,Collude,Cooperate,Cooperate,Cooperate,Cooperate,Collude,Cooperate,Collude,Collude,Collude,Cooperate,Cooperate,Cooperate,Collude,Collude,Cooperate,Cooperate,Cooperate,Collude,Collude,Collude,Cooperate,Cooperate,Cooperate,Cooperate,Cooperate,Cooperate,Collude,Cooperate,Collude,Cooperate,Collude,Cooperate,Cooperate,Cooperate,Cooperate,Collude,Cooperate,Cooperate,Cooperate,Cooperate,Collude,Cooperate,Cooperate,Cooperate,Cooperate,Collude,Collude,Cooperate,Collude,Collude,Cooperate,Cooperate,Cooperate,Collude,Cooperate,Collude,Collude,Cooperate,Cooperate,Cooperate,Cooperate,Cooperate,Cooperate,Collude,Collude,Cooperate,Collude,Cooperate,Cooperate,Cooperate,Cooperate,Cooperate,Cooperate,Collude,Cooperate,Collude,Collude,Cooperate,Cooperate,Collude,Cooperate,Cooperate,Collude,Cooperate,Collude,Cooperate,Collude,Cooperate,Collude,Cooperate,Collude,Cooperate,Cooperate,Cooperate,Collude,Collude,Cooperate,Collude,Cooperate,Collude,Cooperate,Collude,Cooperate,Cooperate,Cooperate,Collude,Cooperate,Collude,Collude,Cooperate,Cooperate,Cooperate,Collude,Cooperate,Cooperate,Cooperate,Cooperate,Collude,Cooperate,Collude,Cooperate,Collude,Collude,Collude,Cooperate,Cooperate,Collude,Collude,Collude,Collude,Cooperate,Cooperate,Collude,Cooperate,Cooperate,Collude,Collude,Collude,Collude,Collude,Cooperate,Collude,Cooperate,Cooperate,Collude,Collude,Collude,Cooperate,Cooperate,Cooperate,Collude,Collude,Cooperate,Collude,Cooperate,Collude,Cooperate,Collude,Cooperate,Cooperate,Cooperate,Cooperate,Cooperate,Collude,Cooperate,Cooperate,Collude,Cooperate,Cooperate,Cooperate,Collude,Collude,Collude,Cooperate,Collude,Cooperate,Cooperate,Cooperate,Cooperate,Cooperate,Collude,Cooperate,Cooperate,Cooperate,Cooperate,Cooperate,Collude,Collude,Cooperate,Cooperate,Cooperate,Cooperate,Cooperate,Collude,Cooperate,Collude,Collude,Cooperate,Cooperate,Cooperate,Cooperate,Collude,Cooperate,Cooperate,Cooperate,Cooperate,Collude,Collude,Collude,Cooperate,Cooperate,Cooperate,Cooperate,Cooperate,Cooperate,Collude,Cooperate,Cooperate,Cooperate,Collude,Collude,Cooperate,Cooperate,Collude,Cooperate,Collude,Collude,Cooperate,Cooperate,Collude,Collude,Cooperate,Cooperate,Cooperate,Collude,Cooperate,Cooperate,Cooperate,Cooperate,Cooperate,Cooperate,Collude,Cooperate,Collude,Cooperate,Cooperate,Collude,Cooperate,Cooperate,Collude,Cooperate,Cooperate,Cooperate,Cooperate,Cooperate,Cooperate,Collude,Cooperate,Collude,Cooperate,Collude,Cooperate,Cooperate,Collude,Cooperate,Collude,Collude,Collude,Collude,Collude,Cooperate,Collude,Collude,Cooperate,Collude,Cooperate,Cooperate
a_K*(FARC),Continue,Continue,Continue,Continue,Continue,Continue,Continue,Continue,Continue,Continue,Continue,Continue,Continue,Continue,Continue,Continue,Continue,Continue,Continue,Continue,Continue,Continue,Continue,Continue,Continue,Continue,Continue,Continue,Continue,Continue,Continue,Continue,Continue,Continue,Continue,Continue,Continue,Continue,Continue,Continue,Continue,Continue,Continue,Continue,Continue,Continue,Continue,Continue,Continue,Continue,Continue,Continue,Continue,Continue,Continue,Continue,Continue,Continue,Continue,Continue,Continue,Continue,Continue,Continue,Continue,Continue,Continue,Continue,Continue,Continue,Continue,Continue,Continue,Continue,Continue,Continue,Continue,Continue,Continue,Continue,Continue,Continue,Continue,Continue,Continue,Continue,Continue,Continue,Continue,Continue,Continue,Continue,Continue,Continue,Continue,Continue,Continue,Continue,Continue,Continue,Continue,Continue,Continue,Continue,Continue,Continue,Continue,Continue,Continue,Continue,Continue,Continue,Continue,Continue,Continue,Continue,Continue,Continue,Continue,Continue,Continue,Continue,Continue,Continue,Continue,Continue,Continue,Continue,Continue,Continue,Continue,Continue,Continue,Continue,Continue,Continue,Continue,Continue,Continue,Continue,Continue,Continue,Continue,Continue,Continue,Continue,Continue,Continue,Continue,Continue,Continue,Continue,Continue,Continue,Continue,Continue,Continue,Continue,Continue,Continue,Continue,Continue,Continue,Continue,Continue,Continue,Continue,Continue,Continue,Continue,Continue,Continue,Continue,Continue,Continue,Continue,Continue,Continue,Continue,Continue,Continue,Continue,Continue,Continue,Continue,Continue,Continue,Continue,Continue,Continue,Continue,Continue,Continue,Continue,Continue,Continue,Continue,Continue,Continue,Continue,Continue,Continue,Continue,Continue,Continue,Continue,Continue,Continue,Continue,Continue,Continue,Continue,Continue,Continue,Continue,Continue,Continue,Continue,Continue,Continue,Continue,Continue,Continue,Continue,Continue,Continue,Continue,Continue,Continue,Continue,Continue,Continue,Continue,Continue,Continue,Continue,Continue,Continue,Continue,Continue,Continue,Continue,Continue,Continue,Continue,Continue,Continue,Continue,Continue,Continue,Continue,Continue,Continue,Continue,Continue,Continue,Continue,Continue,Continue,Continue,Continue,Continue,Continue,Continue,Continue,Continue,Continue,Continue,Continue,Continue,Continue,Continue,Continue,Continue,Continue,Continue,Continue,Continue,Continue,Continue,Continue,Continue,Continue,Continue,Continue,Continue,Continue,Continue,Continue,Continue,Continue,Continue,Continue,Continue,Continue,Continue,Continue,Continue,Continue,Continue,Continue,Continue,Continue,Continue,Continue,Continue,Continue,Continue,Continue,Continue,Continue,Continue,Continue,Continue,Continue,Continue,Continue,Continue,Continue,Continue,Continue,Continue,Continue,Continue,Continue,Continue,Continue,Continue,Continue,Continue,Continue,Continue,Continue,Continue,Continue,Continue,Continue,Continue,Continue,Continue,Continue,Continue,Continue,Continue,Continue,Continue,Continue,Continue,Continue,Continue,Continue,Continue,Continue,Continue,Continue,Continue,Continue,Continue,Continue,Continue,Continue,Continue,Continue,Continue,Continue,Continue,Continue,Continue,Continue,Continue,Continue,Continue,Continue,Continue,Continue,Continue,Continue,Continue,Continue,Continue,Continue,Continue,Continue,Continue,Continue,Continue,Continue,Continue,Continue,Continue,Continue,Continue,Continue,Continue,Continue,Continue,Continue,Continue,Continue,Continue,Continue
ã_K(FARC),Continue,Release,Release,Kill,Continue,Continue,Continue,Continue,Continue,Kill,Kill,Release,Release,Release,Continue,Release,Release,Release,Release,Continue,Continue,Kill,Kill,Continue,Continue,Continue,Release,Continue,Continue,Release,Release,Kill,Kill,Continue,Continue,Continue,Continue,Kill,Continue,Continue,Release,Continue,Continue,Continue,Kill,Kill,Release,Release,Continue,Release,Release,Continue,Continue,Continue,Kill,Kill,Continue,Kill,Continue,Continue,Kill,Kill,Kill,Continue,Kill,Continue,Continue,Release,Release,Release,Continue,Continue,Release,Release,Release,Continue,Continue,Release,Continue,Continue,Release,Release,Continue,Continue,Kill,Continue,Kill,Continue,Kill,Continue,Continue,Release,Release,Release,Continue,Continue,Continue,Continue,Kill,Continue,Release,Continue,Continue,Continue,Release,Continue,Kill,Release,Release,Continue,Release,Release,Continue,Kill,Continue,Release,Kill,Release,Kill,Continue,Kill,Continue,Kill,Release,Release,Continue,Continue,Continue,Kill,Continue,Continue,Kill,Continue,Kill,Release,Continue,Continue,Release,Continue,Continue,Kill,Kill,Release,Kill,Continue,Release,Kill,Continue,Continue,Continue,Kill,Kill,Kill,Kill,Kill,Continue,Continue,Kill,Release,Continue,Release,Release,Release,Continue,Continue,Release,Continue,Kill,Continue,Release,Release,Release,Continue,Continue,Continue,Release,Continue,Continue,Continue,Release,Continue,Kill,Continue,Kill,Kill,Release,Kill,Kill,Release,Release,Kill,Continue,Kill,Release,Release,Continue,Continue,Kill,Continue,Continue,Release,Kill,Continue,Continue,Kill,Release,Continue,Continue,Continue,Continue,Release,Continue,Release,Continue,Release,Kill,Release,Continue,Continue,Continue,Release,Release,Release,Kill,Continue,Kill,Kill,Release,Continue,Release,Kill,Release,Release,Continue,Continue,Release,Continue,Continue,Kill,Release,Kill,Release,Release,Continue,Release,Kill,Continue,Continue,Release,Release,Release,Release,Kill,Release,Release,Release,Continue,Continue,Continue,Continue,Release,Continue,Continue,Kill,Continue,Kill,Release,Release,Continue,Release,Kill,Release,Continue,Continue,Continue,Kill,Release,Release,Continue,Continue,Kill,Release,Continue,Continue,Release,Release,Kill,Continue,Continue,Kill,Release,Kill,Kill,Kill,Release,Kill,Release,Release,Continue,Kill,Kill,Continue,Release,Kill,Continue,Kill,Kill,Continue,Release,Release,Kill,Kill,Release,Release,Continue,Continue,Release,Kill,Continue,Continue,Release,Continue,Kill,Kill,Continue,Continue,Continue,Continue,Release,Continue,Continue,Release,Continue,Continue,Kill,Continue,Kill,Kill,Kill,Continue,Release,Release,Continue,Release,Release,Continue,Continue,Release,Release,Kill,Continue,Kill,Continue,Kill,Kill,Continue,Continue,Kill,Continue,Kill,Continue,Continue,Kill,Release,Continue,Continue,Release,Kill,Continue,Kill,Release,Continue,Continue,Kill,Kill,Kill,Continue,Release,Release,Continue,Release,Kill,Continue,Continue,Kill,Release,Release,Kill,Release,Continue,Continue,Release,Continue,Kill,Continue,Kill,Release,Kill,Kill,Kill,Continue
a_S*,Negotiate,Negotiate,Negotiate,Negotiate,Negotiate,Negotiate,Negotiate,Negotiate,Negotiate,Negotiate,Negotiate,Negotiate,Negotiate,Negotiate,Negotiate,Negotiate,Negotiate,Negotiate,Negotiate,Negotiate,Negotiate,Negotiate,Negotiate,Negotiate,Negotiate,Negotiate,Negotiate,Negotiate,Negotiate,Negotiate,Negotiate,Negotiate,Negotiate,Negotiate,Negotiate,Negotiate,Negotiate,Negotiate,Negotiate,Negotiate,Negotiate,Negotiate,Negotiate,Negotiate,Negotiate,Negotiate,Negotiate,Negotiate,Negotiate,Negotiate,Negotiate,Negotiate,Negotiate,Negotiate,Negotiate,Negotiate,Negotiate,Negotiate,Negotiate,Negotiate,Negotiate,Negotiate,Negotiate,Negotiate,Negotiate,Negotiate,Negotiate,Negotiate,Negotiate,Negotiate,Negotiate,Negotiate,Negotiate,Negotiate,Negotiate,Negotiate,Negotiate,Negotiate,Negotiate,Negotiate,Negotiate,Negotiate,Negotiate,Negotiate,Negotiate,Negotiate,Negotiate,Negotiate,Negotiate,Negotiate,Negotiate,Negotiate,Negotiate,Negotiate,Negotiate,Negotiate,Negotiate,Negotiate,Negotiate,Negotiate,Negotiate,Negotiate,Negotiate,Negotiate,Negotiate,Negotiate,Negotiate,Negotiate,Negotiate,Negotiate,Negotiate,Negotiate,Negotiate,Negotiate,Negotiate,Negotiate,Negotiate,Negotiate,Negotiate,Negotiate,Negotiate,Negotiate,Negotiate,Negotiate,Negotiate,Negotiate,Negotiate,Negotiate,Negotiate,Negotiate,Negotiate,Negotiate,Negotiate,Negotiate,Negotiate,Negotiate,Negotiate,Negotiate,Negotiate,Negotiate,Negotiate,Negotiate,Negotiate,Negotiate,Negotiate,Negotiate,Negotiate,Negotiate,Negotiate,Negotiate,Negotiate,Negotiate,Negotiate,Negotiate,Negotiate,Negotiate,Negotiate,Negotiate,Negotiate,Negotiate,Negotiate,Negotiate,Negotiate,Negotiate,Negotiate,Negotiate,Negotiate,Negotiate,Negotiate,Negotiate,Negotiate,Negotiate,Negotiate,Negotiate,Negotiate,Negotiate,Negotiate,Negotiate,Negotiate,Negotiate,Negotiate,Negotiate,Negotiate,Negotiate,Negotiate,Negotiate,Negotiate,Negotiate,Negotiate,Negotiate,Negotiate,Negotiate,Negotiate,Negotiate,Negotiate,Negotiate,Negotiate,Negotiate,Negotiate,Negotiate,Negotiate,Negotiate,Negotiate,Negotiate,Negotiate,Negotiate,Negotiate,Negotiate,Negotiate,Negotiate,Negotiate,Negotiate,Negotiate,Negotiate,Negotiate,Negotiate,Negotiate,Negotiate,Negotiate,Negotiate,Negotiate,Negotiate,Negotiate,Negotiate,Negotiate,Negotiate,Negotiate,Negotiate,Negotiate,Negotiate,Negotiate,Negotiate,Negotiate,Negotiate,Negotiate,Negotiate,Negotiate,Negotiate,Negotiate,Negotiate,Negotiate,Negotiate,Negotiate,Negotiate,Negotiate,Negotiate,Negotiate,Negotiate,Negotiate,Negotiate,Negotiate,Negotiate,Negotiate,Negotiate,Negotiate,Negotiate,Negotiate,Negotiate,Negotiate,Negotiate,Negotiate,Negotiate,Negotiate,Negotiate,Negotiate,Negotiate,Negotiate,Negotiate,Negotiate,Negotiate,Negotiate,Negotiate,Negotiate,Negotiate,Negotiate,Negotiate,Negotiate,Negotiate,Negotiate,Negotiate,Negotiate,Negotiate,Negotiate,Negotiate,Negotiate,Negotiate,Negotiate,Negotiate,Negotiate,Negotiate,Negotiate,Negotiate,Negotiate,Negotiate,Negotiate,Negotiate,Negotiate,Negotiate,Negotiate,Negotiate,Negotiate,Negotiate,Negotiate,Negotiate,Negotiate,Negotiate,Negotiate,Negotiate,Negotiate,Negotiate,Negotiate,Negotiate,Negotiate,Negotiate,Negotiate,Negotiate,Negotiate,Negotiate,Negotiate,Negotiate,Negotiate,Negotiate,Negotiate,Negotiate,Negotiate,Negotiate,Negotiate,Negotiate,Negotiate,Negotiate,Negotiate,Negotiate,Negotiate,Negotiate,Negotiate,Negotiate,Negotiate,Negotiate,Negotiate,Negotiate,Negotiate,Negotiate,Negotiate,Negotiate,Negotiate,Negotiate,Negotiate,Negotiate,Negotiate,Negotiate,Negotiate,Negotiate,Negotiate,Negotiate,Negotiate,Negotiate,Negotiate,Negotiate,Negotiate,Negotiate,Negotiate,Negotiate,Negotiate,Negotiate,Negotiate,Negotiate,Negotiate,Negotiate,Negotiate,Negotiate,Negotiate,Negotiate,Negotiate,Negotiate,Negotiate,Negotiate,Negotiate,Negotiate,Negotiate,Negotiate,Negotiate,Negotiate,Negotiate,Negotiate,Negotiate,Negotiate,Negotiate,Negotiate,Negotiate,Negotiate,Negotiate,Negotiate,Negotiate,Negotiate,Negotiate,Negotiate,Negotiate,Negotiate,Negotiate,Negotiate,Negotiate
ã_S,Negotiate,Negotiate,Negotiate,Rescue,Rescue,Rescue,Rescue,Rescue,Rescue,Negotiate,Rescue,Negotiate,Negotiate,Negotiate,Rescue,Negotiate,Negotiate,Rescue,Negotiate,Rescue,Rescue,Negotiate,Negotiate,Negotiate,Negotiate,Negotiate,Negotiate,Rescue,Negotiate,Negotiate,Negotiate,Negotiate,Negotiate,Negotiate,Negotiate,Rescue,Rescue,Rescue,Rescue,Negotiate,Negotiate,Negotiate,Negotiate,Negotiate,Negotiate,Negotiate,Rescue,Rescue,Negotiate,Negotiate,Negotiate,Negotiate,Negotiate,Negotiate,Negotiate,Negotiate,Negotiate,Negotiate,Rescue,Negotiate,Negotiate,Rescue,Negotiate,Negotiate,Negotiate,Negotiate,Rescue,Negotiate,Negotiate,Negotiate,Rescue,Rescue,Negotiate,Negotiate,Negotiate,Negotiate,Negotiate,Negotiate,Negotiate,Negotiate,Rescue,Negotiate,Rescue,Negotiate,Rescue,Negotiate,Negotiate,Rescue,Negotiate,Negotiate,Negotiate,Rescue,Rescue,Negotiate,Negotiate,Negotiate,Negotiate,Negotiate,Negotiate,Rescue,Rescue,Negotiate,Rescue,Negotiate,Rescue,Negotiate,Negotiate,Rescue,Negotiate,Negotiate,Rescue,Rescue,Rescue,Negotiate,Negotiate,Rescue,Negotiate,Negotiate,Rescue,Rescue,Rescue,Rescue,Rescue,Negotiate,Negotiate,Negotiate,Rescue,Negotiate,Negotiate,Negotiate,Negotiate,Rescue,Negotiate,Negotiate,Negotiate,Negotiate,Negotiate,Negotiate,Rescue,Negotiate,Negotiate,Negotiate,Negotiate,Rescue,Negotiate,Negotiate,Negotiate,Negotiate,Negotiate,Negotiate,Rescue,Rescue,Negotiate,Negotiate,Rescue,Rescue,Negotiate,Negotiate,Negotiate,Negotiate,Negotiate,Negotiate,Negotiate,Negotiate,Negotiate,Negotiate,Negotiate,Negotiate,Negotiate,Rescue,Negotiate,Rescue,Rescue,Negotiate,Negotiate,Negotiate,Negotiate,Negotiate,Rescue,Negotiate,Rescue,Rescue,Rescue,Negotiate,Rescue,Negotiate,Negotiate,Negotiate,Rescue,Negotiate,Negotiate,Negotiate,Rescue,Rescue,Rescue,Rescue,Negotiate,Negotiate,Negotiate,Rescue,Negotiate,Negotiate,Negotiate,Negotiate,Rescue,Negotiate,Rescue,Negotiate,Negotiate,Negotiate,Negotiate,Negotiate,Rescue,Rescue,Negotiate,Rescue,Negotiate,Negotiate,Negotiate,Rescue,Rescue,Rescue,Negotiate,Negotiate,Negotiate,Rescue,Negotiate,Negotiate,Rescue,Negotiate,Negotiate,Negotiate,Rescue,Rescue,Negotiate,Rescue,Negotiate,Negotiate,Rescue,Negotiate,Rescue,Negotiate,Rescue,Negotiate,Rescue,Rescue,Negotiate,Negotiate,Negotiate,Negotiate,Negotiate,Negotiate,Rescue,Negotiate,Negotiate,Negotiate,Negotiate,Rescue,Rescue,Rescue,Negotiate,Negotiate,Rescue,Rescue,Negotiate,Negotiate,Rescue,Rescue,Negotiate,Negotiate,Negotiate,Rescue,Negotiate,Negotiate,Negotiate,Negotiate,Rescue,Negotiate,Negotiate,Negotiate,Rescue,Rescue,Rescue,Rescue,Negotiate,Negotiate,Negotiate,Rescue,Rescue,Rescue,Negotiate,Negotiate,Negotiate,Negotiate,Negotiate,Rescue,Negotiate,Rescue,Rescue,Negotiate,Rescue,Negotiate,Negotiate,Rescue,Negotiate,Rescue,Negotiate,Rescue,Rescue,Negotiate,Negotiate,Negotiate,Rescue,Negotiate,Rescue,Rescue,Negotiate,Rescue,Negotiate,Rescue,Negotiate,Negotiate,Rescue,Rescue,Negotiate,Negotiate,Negotiate,Negotiate,Negotiate,Negotiate,Negotiate,Negotiate,Negotiate,Negotiate,Negotiate,Negotiate,Negotiate,Negotiate,Rescue,Negotiate,Rescue,Rescue,Negotiate,Negotiate,Negotiate,Negotiate,Rescue,Rescue,Negotiate,Rescue,Negotiate,Negotiate,Negotiate,Negotiate,Negotiate,Negotiate,Negotiate,Rescue,Negotiate,Negotiate,Rescue,Negotiate,Negotiate,Negotiate,Negotiate,Negotiate,Negotiate,Negotiate,Rescue,Negotiate,Negotiate,Rescue,Rescue,Negotiate,Negotiate,Negotiate,Rescue,Rescue,Negotiate,Negotiate,Rescue,Rescue,Rescue,Negotiate,Negotiate,Rescue,Rescue,Rescue,Negotiate,Negotiate,Rescue,Negotiate,Negotiate,Negotiate,Negotiate,Negotiate,Rescue,Rescue,Negotiate,Negotiate,Negotiate
α_t*,0.2,0.72,0.74,0.93,0.75,0.73,0.71,0.72,0.73,0.75,0.75,0.75,0.75,0.75,0.75,0.75,0.75,0.75,0.75,0.74,0.74,0.74,0.74,0.74,0.74,0.74,0.74,0.74,0.74,0.73,0.73,0.73,0.74,0.74,0.74,0.74,0.74,0.74,0.74,0.74,0.74,0.74,0.75,0.75,0.75,0.75,0.75,0.75,0.75,0.75,0.75,0.75,0.75,0.75,0.75,0.75,0.75,0.75,0.75,0.75,0.75,0.75,0.75,0.75,0.75,0.76,0.75,0.75,0.75,0.76,0.76,0.75,0.75,0.76,0.76,0.75,0.75,0.75,0.75,0.75,0.75,0.75,0.75,0.75,0.75,0.75,0.75,0.76,0.76,0.75,0.75,0.76,0.76,0.76,0.76,0.76,0.76,0.76,0.76,0.76,0.76,0.76,0.76,0.76,0.76,0.76,0.76,0.76,0.76,0.76,0.76,0.76,0.76,0.76,0.76,0.76,0.76,0.76,0.76,0.76,0.76,0.76,0.76,0.76,0.76,0.76,0.76,0.76,0.76,0.76,0.76,0.76,0.76,0.76,0.76,0.76,0.76,0.76,0.76,0.76,0.76,0.76,0.76,0.76,0.76,0.76,0.76,0.76,0.76,0.76,0.76,0.76,0.76,0.76,0.76,0.76,0.76,0.76,0.76,0.76,0.76,0.76,0.76,0.76,0.76,0.76,0.76,0.76,0.76,0.76,0.76,0.76,0.76,0.76,0.76,0.76,0.76,0.76,0.76,0.76,0.76,0.76,0.76,0.76,0.76,0.76,0.76,0.76,0.76,0.76,0.76,0.76,0.76,0.76,0.76,0.76,0.76,0.76,0.76,0.76,0.76,0.76,0.76,0.76,0.76,0.76,0.76,0.76,0.76,0.76,0.76,0.76,0.76,0.76,0.76,0.76,0.76,0.76,0.76,0.76,0.76,0.76,0.76,0.76,0.76,0.76,0.76,0.76,0.76,0.76,0.76,0.76,0.76,0.76,0.76,0.76,0.76,0.76,0.76,0.76,0.76,0.76,0.76,0.76,0.76,0.76,0.76,0.76,0.76,0.76,0.76,0.76,0.76,0.76,0.76,0.76,0.76,0.76,0.76,0.76,0.76,0.76,0.76,0.76,0.76,0.76,0.76,0.76,0.76,0.76,0.76,0.76,0.76,0.76,0.76,0.76,0.76,0.76,0.76,0.76,0.76,0.76,0.76,0.76,0.76,0.76,0.76,0.76,0.76,0.76,0.76,0.76,0.76,0.76,0.76,0.76,0.76,0.76,0.76,0.76,0.76,0.76,0.76,0.76,0.76,0.76,0.76,0.76,0.76,0.76,0.76,0.76,0.76,0.76,0.76,0.76,0.76,0.76,0.76,0.76,0.76,0.76,0.76,0.76,0.76,0.76,0.76,0.76,0.76,0.76,0.76,0.76,0.76,0.76,0.76,0.76,0.76,0.76,0.76,0.76,0.76,0.76,0.76,0.76,0.76,0.76,0.76,0.76,0.76,0.76,0.76,0.76,0.76,0.76,0.76,0.76,0.76,0.76,0.76,0.76,0.76,0.76,0.76,0.76,0.76,0.76,0.76,0.76,0.76,0.76,0.76,0.76,0.76,0.76,0.76,0.76,0.76,0.76,0.76,0.76,0.76,0.76,0.76,0.76,0.76,0.76,0.76,0.76,0.76,0.76,0.76,0.76,0.76,0.76,0.76,0.76,0.76,0.76,0.76,0.76,0.76
γ_t*,0.1,0.68,0.6900000000000001,0.89,0.71,0.6900000000000001,0.67,0.68,0.6900000000000001,0.7000000000000001,0.7000000000000001,0.7000000000000001,0.71,0.71,0.71,0.71,0.7000000000000001,0.7000000000000001,0.7000000000000001,0.6900000000000001,0.6900000000000001,0.68,0.68,0.68,0.68,0.68,0.68,0.68,0.68,0.67,0.68,0.68,0.68,0.6900000000000001,0.6900000000000001,0.6900000000000001,0.6900000000000001,0.6900000000000001,0.7000000000000001,0.7000000000000001,0.7000000000000001,0.7000000000000001,0.7000000000000001,0.7000000000000001,0.7000000000000001,0.7000000000000001,0.7000000000000001,0.71,0.71,0.71,0.71,0.71,0.71,0.71,0.71,0.71,0.71,0.71,0.71,0.71,0.71,0.71,0.71,0.71,0.71,0.71,0.71,0.71,0.71,0.71,0.71,0.71,0.71,0.71,0.71,0.71,0.71,0.71,0.71,0.71,0.71,0.71,0.71,0.71,0.71,0.71,0.71,0.71,0.71,0.71,0.71,0.71,0.71,0.71,0.71,0.71,0.71,0.72,0.72,0.72,0.71,0.72,0.72,0.72,0.72,0.72,0.72,0.72,0.72,0.72,0.72,0.72,0.72,0.72,0.72,0.72,0.72,0.72,0.72,0.72,0.72,0.72,0.72,0.72,0.72,0.72,0.72,0.72,0.72,0.72,0.72,0.72,0.72,0.72,0.72,0.72,0.72,0.72,0.72,0.72,0.72,0.72,0.72,0.72,0.72,0.72,0.72,0.72,0.72,0.72,0.72,0.72,0.72,0.72,0.72,0.72,0.72,0.72,0.72,0.72,0.72,0.72,0.72,0.72,0.72,0.72,0.72,0.72,0.72,0.72,0.72,0.72,0.72,0.72,0.72,0.72,0.72,0.72,0.72,0.72,0.72,0.72,0.72,0.72,0.72,0.72,0.72,0.72,0.72,0.72,0.72,0.72,0.72,0.72,0.72,0.72,0.72,0.72,0.72,0.72,0.72,0.72,0.72,0.72,0.72,0.72,0.72,0.72,0.72,0.72,0.72,0.72,0.72,0.72,0.72,0.72,0.72,0.72,0.72,0.72,0.72,0.72,0.72,0.72,0.72,0.72,0.72,0.72,0.72,0.72,0.72,0.72,0.72,0.72,0.72,0.72,0.72,0.72,0.72,0.72,0.72,0.72,0.72,0.72,0.72,0.72,0.72,0.72,0.72,0.72,0.72,0.72,0.72,0.72,0.72,0.72,0.72,0.72,0.72,0.72,0.72,0.72,0.72,0.72,0.72,0.72,0.72,0.72,0.72,0.72,0.72,0.72,0.72,0.72,0.72,0.72,0.72,0.72,0.72,0.72,0.72,0.72,0.72,0.72,0.72,0.72,0.72,0.72,0.72,0.72,0.72,0.72,0.72,0.72,0.72,0.72,0.72,0.72,0.72,0.72,0.72,0.72,0.72,0.72,0.72,0.72,0.72,0.72,0.72,0.72,0.72,0.72,0.72,0.72,0.72,0.72,0.72,0.72,0.72,0.72,0.72,0.72,0.72,0.72,0.72,0.72,0.72,0.72,0.72,0.72,0.72,0.72,0.72,0.72,0.72,0.72,0.72,0.72,0.72,0.72,0.72,0.72,0.72,0.72,0.72,0.72,0.72,0.72,0.72,0.72,0.72,0.72,0.72,0.72,0.72,0.72,0.72,0.72,0.72,0.72,0.72,0.72,0.72,0.72,0.72,0.72,0.72,0.72,0.72,0.72,0.72,0.72,0.72,0.72,0.72,0.72,0.72,0.72,0.72,0.72,0.72,0.72,0.72,0.72,0.72,0.72,0.72,0.72,0.72,0.72,0.72,0.72,0.72,0.72,0.72,0.72,0.72,0.72,0.72,0.72,0.72
γ_R(DC)*,0.23,0.23,0.8200000000000001,0.23,0.23,0.23,0.23,0.23,0.23,0.23,0.23,0.23,0.23,0.23,0.23,0.23,0.24,0.25,0.26,0.28,0.28,0.3,0.33,0.28,0.28,0.27,0.24,0.26,0.26,0.26,0.26,0.26,0.26,0.26,0.26,0.26,0.26,0.26,0.26,0.26,0.26,0.26,0.26,0.26,0.26,0.26,0.26,0.26,0.26,0.26,0.26,0.26,0.26,0.26,0.26,0.26,0.26,0.26,0.26,0.26,0.26,0.26,0.26,0.26,0.26,0.26,0.26,0.26,0.26,0.26,0.26,0.26,0.26,0.26,0.26,0.26,0.26,0.26,0.26,0.26,0.26,0.26,0.26,0.26,0.26,0.26,0.26,0.26,0.26,0.26,0.26,0.26,0.26,0.26,0.26,0.26,0.26,0.26,0.26,0.26,0.26,0.26,0.26,0.26,0.26,0.26,0.26,0.26,0.26,0.26,0.26,0.26,0.26,0.26,0.26,0.26,0.26,0.26,0.26,0.26,0.26,0.26,0.26,0.26,0.26,0.26,0.26,0.26,0.26,0.26,0.26,0.26,0.26,0.26,0.26,0.26,0.26,0.26,0.26,0.26,0.26,0.26,0.26,0.26,0.26,0.26,0.26,0.26,0.26,0.26,0.26,0.26,0.26,0.26,0.26,0.26,0.26,0.26,0.26,0.26,0.26,0.26,0.26,0.26,0.26,0.26,0.26,0.26,0.26,0.26,0.26,0.26,0.26,0.26,0.26,0.26,0.26,0.26,0.26,0.26,0.26,0.26,0.26,0.26,0.26,0.26,0.26,0.26,0.26,0.26,0.26,0.26,0.26,0.26,0.26,0.26,0.26,0.26,0.26,0.26,0.26,0.26,0.26,0.26,0.26,0.26,0.26,0.26,0.26,0.26,0.26,0.26,0.26,0.26,0.26,0.26,0.26,0.26,0.26,0.26,0.26,0.26,0.26,0.26,0.26,0.26,0.26,0.26,0.26,0.26,0.26,0.26,0.26,0.26,0.26,0.26,0.26,0.26,0.26,0.26,0.26,0.26,0.26,0.26,0.26,0.26,0.26,0.26,0.26,0.26,0.26,0.26,0.26,0.26,0.26,0.26,0.26,0.26,0.26,0.26,0.26,0.26,0.26,0.26,0.26,0.26,0.26,0.26,0.26,0.26,0.26,0.26,0.26,0.26,0.26,0.26,0.26,0.26,0.26,0.26,0.26,0.26,0.26,0.26,0.26,0.26,0.26,0.26,0.26,0.26,0.26,0.26,0.26,0.26,0.26,0.26,0.26,0.26,0.26,0.26,0.26,0.26,0.26,0.26,0.26,0.26,0.26,0.26,0.26,0.26,0.26,0.26,0.26,0.26,0.26,0.26,0.26,0.26,0.26,0.26,0.26,0.26,0.26,0.26,0.26,0.26,0.26,0.26,0.26,0.26,0.26,0.26,0.26,0.26,0.26,0.26,0.26,0.26,0.26,0.26,0.26,0.26,0.26,0.26,0.26,0.26,0.26,0.26,0.26,0.26,0.26,0.26,0.26,0.26,0.26,0.26,0.26,0.26,0.26,0.26,0.26,0.26,0.26,0.26,0.26,0.26,0.26,0.26,0.26,0.26,0.26,0.26,0.26,0.26,0.26,0.26,0.26,0.26,0.26,0.26,0.26,0.26,0.26,0.26,0.26,0.26,0.26,0.26,0.26,0.26,0.26,0.26,0.26,0.26,0.26,0.26,0.26,0.26,0.26,0.26,0.26
γ_R(PAR)*,0.37,0.37,0.37,0.37,0.37,0.37,0.37,0.37,0.37,1.0,1.0,1.0,1.0,1.0,1.0,1.0,1.0,1.0,1.0,1.0,1.0,1.0,1.0,1.0,1.0,1.0,1.0,1.0,1.0,1.0,1.0,1.0,1.0,1.0,1.0,1.0,1.0,1.0,1.0,1.0,1.0,1.0,1.0,1.0,1.0,1.0,1.0,1.0,1.0,1.0,1.0,1.0,1.0,1.0,1.0,1.0,1.0,1.0,1.0,1.0,1.0,1.0,1.0,1.0,1.0,1.0,1.0,1.0,1.0,1.0,1.0,1.0,1.0,1.0,1.0,1.0,1.0,1.0,1.0,1.0,1.0,1.0,1.0,1.0,1.0,1.0,1.0,1.0,1.0,1.0,1.0,1.0,1.0,1.0,1.0,1.0,1.0,1.0,1.0,1.0,1.0,1.0,1.0,1.0,1.0,1.0,1.0,1.0,1.0,1.0,1.0,1.0,1.0,1.0,1.0,1.0,1.0,1.0,1.0,1.0,1.0,1.0,1.0,1.0,1.0,1.0,1.0,1.0,1.0,1.0,1.0,1.0,1.0,1.0,1.0,1.0,1.0,1.0,1.0,1.0,1.0,1.0,1.0,1.0,1.0,1.0,1.0,1.0,1.0,1.0,1.0,1.0,1.0,1.0,1.0,1.0,1.0,1.0,1.0,1.0,1.0,1.0,1.0,1.0,1.0,1.0,1.0,1.0,1.0,1.0,1.0,1.0,1.0,1.0,1.0,1.0,1.0,1.0,1.0,1.0,1.0,1.0,1.0,1.0,1.0,1.0,1.0,1.0,1.0,1.0,1.0,1.0,1.0,1.0,1.0,1.0,1.0,1.0,1.0,1.0,1.0,1.0,1.0,1.0,1.0,1.0,1.0,1.0,1.0,1.0,1.0,1.0,1.0,1.0,1.0,1.0,1.0,1.0,1.0,1.0,1.0,1.0,1.0,1.0,1.0,1.0,1.0,1.0,1.0,1.0,1.0,1.0,1.0,1.0,1.0,1.0,1.0,1.0,1.0,1.0,1.0,1.0,1.0,1.0,1.0,1.0,1.0,1.0,1.0,1.0,1.0,1.0,1.0,1.0,1.0,1.0,1.0,1.0,1.0,1.0,1.0,1.0,1.0,1.0,1.0,1.0,1.0,1.0,1.0,1.0,1.0,1.0,1.0,1.0,1.0,1.0,1.0,1.0,1.0,1.0,1.0,1.0,1.0,1.0,1.0,1.0,1.0,1.0,1.0,1.0,1.0,1.0,1.0,1.0,1.0,1.0,1.0,1.0,1.0,1.0,1.0,1.0,1.0,1.0,1.0,1.0,1.0,1.0,1.0,1.0,1.0,1.0,1.0,1.0,1.0,1.0,1.0,1.0,1.0,1.0,1.0,1.0,1.0,1.0,1.0,1.0,1.0,1.0,1.0,1.0,1.0,1.0,1.0,1.0,1.0,1.0,1.0,1.0,1.0,1.0,1.0,1.0,1.0,1.0,1.0,1.0,1.0,1.0,1.0,1.0,1.0,1.0,1.0,1.0,1.0,1.0,1.0,1.0,1.0,1.0,1.0,1.0,1.0,1.0,1.0,1.0,1.0,1.0,1.0,1.0,1.0,1.0,1.0,1.0,1.0,1.0,1.0,1.0,1.0,1.0,1.0,1.0,1.0,1.0,1.0,1.0,1.0,1.0,1.0,1.0,1.0,1.0,1.0,1.0,1.0,1.0,1.0,1.0,1.0,1.0,1.0
γ_R(ELN)*,0.5,0.5,0.99,0.5,0.5,0.5,0.5,0.5,0.5,0.5,0.5,0.5,0.5,0.5,0.5,0.5,0.5,0.5,0.5,0.5,0.5,0.5,0.5,0.5,0.51,0.5,0.52,0.52,0.51,0.51,0.51,0.51,0.51,0.51,0.51,0.51,0.51,0.51,0.51,0.51,0.51,0.51,0.51,0.51,0.51,0.51,0.51,0.51,0.51,0.51,0.51,0.51,0.51,0.51,0.51,0.51,0.51,0.51,0.51,0.51,0.51,0.51,0.51,0.51,0.51,0.51,0.51,0.51,0.51,0.51,0.51,0.51,0.51,0.51,0.51,0.51,0.51,0.51,0.51,0.51,0.51,0.51,0.51,0.51,0.51,0.51,0.51,0.51,0.51,0.51,0.51,0.51,0.51,0.51,0.51,0.51,0.51,0.51,0.51,0.51,0.51,0.51,0.51,0.51,0.51,0.51,0.51,0.51,0.51,0.51,0.51,0.51,0.51,0.51,0.51,0.51,0.51,0.51,0.51,0.51,0.51,0.51,0.51,0.51,0.51,0.51,0.51,0.51,0.51,0.51,0.51,0.51,0.51,0.51,0.51,0.51,0.51,0.51,0.51,0.51,0.51,0.51,0.51,0.51,0.51,0.51,0.51,0.51,0.51,0.51,0.51,0.51,0.51,0.51,0.51,0.51,0.51,0.51,0.51,0.51,0.51,0.51,0.51,0.51,0.51,0.51,0.51,0.51,0.51,0.51,0.51,0.51,0.51,0.51,0.51,0.51,0.51,0.51,0.51,0.51,0.51,0.51,0.51,0.51,0.51,0.51,0.51,0.51,0.51,0.51,0.51,0.51,0.51,0.51,0.51,0.51,0.51,0.51,0.51,0.51,0.51,0.51,0.51,0.51,0.51,0.51,0.51,0.51,0.51,0.51,0.51,0.51,0.51,0.51,0.51,0.51,0.51,0.51,0.51,0.51,0.51,0.51,0.51,0.51,0.51,0.51,0.51,0.51,0.51,0.51,0.51,0.51,0.51,0.51,0.51,0.51,0.51,0.51,0.51,0.51,0.51,0.51,0.51,0.51,0.51,0.51,0.51,0.51,0.51,0.51,0.51,0.51,0.51,0.51,0.51,0.51,0.51,0.51,0.51,0.51,0.51,0.51,0.51,0.51,0.51,0.51,0.51,0.51,0.51,0.51,0.51,0.51,0.51,0.51,0.51,0.51,0.51,0.51,0.51,0.51,0.51,0.51,0.51,0.51,0.51,0.51,0.51,0.51,0.51,0.51,0.51,0.51,0.51,0.51,0.51,0.51,0.51,0.51,0.51,0.51,0.51,0.51,0.51,0.51,0.51,0.51,0.51,0.51,0.51,0.51,0.51,0.51,0.51,0.51,0.51,0.51,0.51,0.51,0.51,0.51,0.51,0.51,0.51,0.51,0.51,0.51,0.51,0.51,0.51,0.51,0.51,0.51,0.51,0.51,0.51,0.51,0.51,0.51,0.51,0.51,0.51,0.51,0.51,0.51,0.51,0.51,0.51,0.51,0.51,0.51,0.51,0.51,0.51,0.51,0.51,0.51,0.51,0.51,0.51,0.51,0.51,0.51,0.51,0.51,0.51,0.51,0.51,0.51,0.51,0.51,0.51,0.51,0.51,0.51,0.51,0.51,0.51,0.51,0.51,0.51,0.51,0.51,0.51,0.51,0.51,0.51,0.51,0.51,0.51,0.51,0.51,0.51,0.51,0.51,0.51,0.51,0.51,0.51,0.51,0.51,0.51
γ_R(FARC)*,0.64,0.64,0.64,0.64,0.64,0.64,0.64,0.64,0.64,0.64,0.64,0.64,0.64,0.64,0.64,0.64,0.64,0.64,0.64,0.64,0.64,0.64,0.64,0.64,0.64,0.64,0.64,0.64,0.64,0.64,0.64,0.64,0.64,0.64,0.64,0.64,0.64,0.64,0.64,0.64,0.64,0.64,0.64,0.64,0.64,0.64,0.64,0.64,0.64,0.64,0.64,0.64,0.64,0.64,0.64,0.64,0.64,0.64,0.64,0.64,0.64,0.64,0.64,0.64,0.64,0.64,0.64,0.64,0.64,0.64,0.64,0.64,0.64,0.64,0.64,0.64,0.64,0.64,0.64,0.64,0.64,0.64,0.64,0.64,0.64,0.64,0.64,0.64,0.64,0.64,0.64,0.64,0.64,0.64,0.64,0.64,0.64,0.64,0.64,0.64,0.64,0.64,0.64,0.64,0.64,0.64,0.64,0.64,0.64,0.64,0.64,0.64,0.64,0.64,0.64,0.64,0.64,0.64,0.64,0.64,0.64,0.64,0.64,0.64,0.64,0.64,0.64,0.64,0.64,0.64,0.64,0.64,0.64,0.64,0.64,0.64,0.64,0.64,0.64,0.64,0.64,0.64,0.64,0.64,0.64,0.64,0.64,0.64,0.64,0.64,0.64,0.64,0.64,0.64,0.64,0.64,0.64,0.64,0.64,0.64,0.64,0.64,0.64,0.64,0.64,0.64,0.64,0.64,0.64,0.64,0.64,0.64,0.64,0.64,0.64,0.64,0.64,0.64,0.64,0.64,0.64,0.64,0.64,0.64,0.64,0.64,0.64,0.64,0.64,0.64,0.64,0.64,0.64,0.64,0.64,0.64,0.64,0.64,0.64,0.64,0.64,0.64,0.64,0.64,0.64,0.64,0.64,0.64,0.64,0.64,0.64,0.64,0.64,0.64,0.64,0.64,0.64,0.64,0.64,0.64,0.64,0.64,0.64,0.64,0.64,0.64,0.64,0.64,0.64,0.64,0.64,0.64,0.64,0.64,0.64,0.64,0.64,0.64,0.64,0.64,0.64,0.64,0.64,0.64,0.64,0.64,0.64,0.64,0.64,0.64,0.64,0.64,0.64,0.64,0.64,0.64,0.64,0.64,0.64,0.64,0.64,0.64,0.64,0.64,0.64,0.64,0.64,0.64,0.64,0.64,0.64,0.64,0.64,0.64,0.64,0.64,0.64,0.64,0.64,0.64,0.64,0.64,0.64,0.64,0.64,0.64,0.64,0.64,0.64,0.64,0.64,0.64,0.64,0.64,0.64,0.64,0.64,0.64,0.64,0.64,0.64,0.64,0.64,0.64,0.64,0.64,0.64,0.64,0.64,0.64,0.64,0.64,0.64,0.64,0.64,0.64,0.64,0.64,0.64,0.64,0.64,0.64,0.64,0.64,0.64,0.64,0.64,0.64,0.64,0.64,0.64,0.64,0.64,0.64,0.64,0.64,0.64,0.64,0.64,0.64,0.64,0.64,0.64,0.64,0.64,0.64,0.64,0.64,0.64,0.64,0.64,0.64,0.64,0.64,0.64,0.64,0.64,0.64,0.64,0.64,0.64,0.64,0.64,0.64,0.64,0.64,0.64,0.64,0.64,0.64,0.64,0.64,0.64,0.64,0.64,0.64,0.64,0.64,0.64,0.64,0.64,0.64,0.64,0.64,0.64,0.64,0.64,0.64,0.64,0.64,0.64,0.64,0.64,0.64,0.64,0.64,0.64,0.64,0.64,0.64,0.64
α_R(DC)*,0.18,0.18,0.64,0.18,0.18,0.18,0.18,0.18,0.18,0.18,0.18,0.18,0.18,0.18,0.18,0.18,0.22,0.29,0.35000000000000003,0.4,0.45,0.49,0.52,0.5700000000000001,0.6,0.63,0.66,0.68,0.7000000000000001,0.7000000000000001,0.7000000000000001,0.7000000000000001,0.7000000000000001,0.7000000000000001,0.7000000000000001,0.7000000000000001,0.7000000000000001,0.7000000000000001,0.7000000000000001,0.7000000000000001,0.7000000000000001,0.7000000000000001,0.7000000000000001,0.7000000000000001,0.7000000000000001,0.7000000000000001,0.7000000000000001,0.7000000000000001,0.7000000000000001,0.7000000000000001,0.7000000000000001,0.7000000000000001,0.7000000000000001,0.7000000000000001,0.7000000000000001,0.7000000000000001,0.7000000000000001,0.7000000000000001,0.7000000000000001,0.7000000000000001,0.7000000000000001,0.7000000000000001,0.7000000000000001,0.7000000000000001,0.7000000000000001,0.7000000000000001,0.7000000000000001,0.7000000000000001,0.7000000000000001,0.7000000000000001,0.7000000000000001,0.7000000000000001,0.7000000000000001,0.7000000000000001,0.7000000000000001,0.7000000000000001,0.7000000000000001,0.7000000000000001,0.7000000000000001,0.7000000000000001,0.7000000000000001,0.7000000000000001,0.7000000000000001,0.7000000000000001,0.7000000000000001,0.7000000000000001,0.7000000000000001,0.7000000000000001,0.7000000000000001,0.7000000000000001,0.7000000000000001,0.7000000000000001,0.7000000000000001,0.7000000000000001,0.7000000000000001,0.7000000000000001,0.7000000000000001,0.7000000000000001,0.7000000000000001,0.7000000000000001,0.7000000000000001,0.7000000000000001,0.7000000000000001,0.7000000000000001,0.7000000000000001,0.7000000000000001,0.7000000000000001,0.7000000000000001,0.7000000000000001,0.7000000000000001,0.7000000000000001,0.7000000000000001,0.7000000000000001,0.7000000000000001,0.7000000000000001,0.7000000000000001,0.7000000000000001,0.7000000000000001,0.7000000000000001,0.7000000000000001,0.7000000000000001,0.7000000000000001,0.7000000000000001,0.7000000000000001,0.7000000000000001,0.7000000000000001,0.7000000000000001,0.7000000000000001,0.7000000000000001,0.7000000000000001,0.7000000000000001,0.7000000000000001,0.7000000000000001,0.7000000000000001,0.7000000000000001,0.7000000000000001,0.7000000000000001,0.7000000000000001,0.7000000000000001,0.7000000000000001,0.7000000000000001,0.7000000000000001,0.7000000000000001,0.7000000000000001,0.7000000000000001,0.7000000000000001,0.7000000000000001,0.7000000000000001,0.7000000000000001,0.7000000000000001,0.7000000000000001,0.7000000000000001,0.7000000000000001,0.7000000000000001,0.7000000000000001,0.7000000000000001,0.7000000000000001,0.7000000000000001,0.7000000000000001,0.7000000000000001,0.7000000000000001,0.7000000000000001,0.7000000000000001,0.7000000000000001,0.7000000000000001,0.7000000000000001,0.7000000000000001,0.7000000000000001,0.7000000000000001,0.7000000000000001,0.7000000000000001,0.7000000000000001,0.7000000000000001,0.7000000000000001,0.7000000000000001,0.7000000000000001,0.7000000000000001,0.7000000000000001,0.7000000000000001,0.7000000000000001,0.7000000000000001,0.7000000000000001,0.7000000000000001,0.7000000000000001,0.7000000000000001,0.7000000000000001,0.7000000000000001,0.7000000000000001,0.7000000000000001,0.7000000000000001,0.7000000000000001,0.7000000000000001,0.7000000000000001,0.7000000000000001,0.7000000000000001,0.7000000000000001,0.7000000000000001,0.7000000000000001,0.7000000000000001,0.7000000000000001,0.7000000000000001,0.7000000000000001,0.7000000000000001,0.7000000000000001,0.7000000000000001,0.7000000000000001,0.7000000000000001,0.7000000000000001,0.7000000000000001,0.7000000000000001,0.7000000000000001,0.7000000000000001,0.7000000000000001,0.7000000000000001,0.7000000000000001,0.7000000000000001,0.7000000000000001,0.7000000000000001,0.7000000000000001,0.7000000000000001,0.7000000000000001,0.7000000000000001,0.7000000000000001,0.7000000000000001,0.7000000000000001,0.7000000000000001,0.7000000000000001,0.7000000000000001,0.7000000000000001,0.7000000000000001,0.7000000000000001,0.7000000000000001,0.7000000000000001,0.7000000000000001,0.7000000000000001,0.7000000000000001,0.7000000000000001,0.7000000000000001,0.7000000000000001,0.7000000000000001,0.7000000000000001,0.7000000000000001,0.7000000000000001,0.7000000000000001,0.7000000000000001,0.7000000000000001,0.7000000000000001,0.7000000000000001,0.7000000000000001,0.7000000000000001,0.7000000000000001,0.7000000000000001,0.7000000000000001,0.7000000000000001,0.7000000000000001,0.7000000000000001,0.7000000000000001,0.7000000000000001,0.7000000000000001,0.7000000000000001,0.7000000000000001,0.7000000000000001,0.7000000000000001,0.7000000000000001,0.7000000000000001,0.7000000000000001,0.7000000000000001,0.7000000000000001,0.7000000000000001,0.7000000000000001,0.7000000000000001,0.7000000000000001,0.7000000000000001,0.7000000000000001,0.7000000000000001,0.7000000000000001,0.7000000000000001,0.7000000000000001,0.7000000000000001,0.7000000000000001,0.7000000000000001,0.7000000000000001,0.7000000000000001,0.7000000000000001,0.7000000000000001,0.7000000000000001,0.7000000000000001,0.7000000000000001,0.7000000000000001,0.7000000000000001,0.7000000000000001,0.7000000000000001,0.7000000000000001,0.7000000000000001,0.7000000000000001,0.7000000000000001,0.7000000000000001,0.7000000000000001,0.7000000000000001,0.7000000000000001,0.7000000000000001,0.7000000000000001,0.7000000000000001,0.7000000000000001,0.7000000000000001,0.7000000000000001,0.7000000000000001,0.7000000000000001,0.7000000000000001,0.7000000000000001,0.7000000000000001,0.7000000000000001,0.7000000000000001,0.7000000000000001,0.7000000000000001,0.7000000000000001,0.7000000000000001,0.7000000000000001,0.7000000000000001,0.7000000000000001,0.7000000000000001,0.7000000000000001,0.7000000000000001,0.7000000000000001,0.7000000000000001,0.7000000000000001,0.7000000000000001,0.7000000000000001,0.7000000000000001,0.7000000000000001,0.7000000000000001,0.7000000000000001,0.7000000000000001,0.7000000000000001,0.7000000000000001,0.7000000000000001,0.7000000000000001,0.7000000000000001,0.7000000000000001,0.7000000000000001,0.7000000000000001,0.7000000000000001,0.7000000000000001,0.7000000000000001,0.7000000000000001,0.7000000000000001,0.7000000000000001,0.7000000000000001,0.7000000000000001,0.7000000000000001,0.7000000000000001,0.7000000000000001,0.7000000000000001,0.7000000000000001,0.7000000000000001,0.7000000000000001,0.7000000000000001,0.7000000000000001,0.7000000000000001,0.7000000000000001,0.7000000000000001,0.7000000000000001,0.7000000000000001,0.7000000000000001,0.7000000000000001,0.7000000000000001,0.7000000000000001,0.7000000000000001,0.7000000000000001,0.7000000000000001,0.7000000000000001,0.7000000000000001,0.7000000000000001,0.7000000000000001,0.7000000000000001,0.7000000000000001,0.7000000000000001,0.7000000000000001,0.7000000000000001,0.7000000000000001,0.7000000000000001,0.7000000000000001,0.7000000000000001,0.7000000000000001,0.7000000000000001,0.7000000000000001,0.7000000000000001,0.7000000000000001,0.7000000000000001,0.7000000000000001,0.7000000000000001,0.7000000000000001,0.7000000000000001,0.7000000000000001,0.7000000000000001,0.7000000000000001,0.7000000000000001,0.7000000000000001,0.7000000000000001,0.7000000000000001,0.7000000000000001
α_R(PAR)*,0.31,0.31,0.31,0.31,0.31,0.31,0.31,0.31,0.31,1.0,1.0,1.0,1.0,1.0,1.0,1.0,1.0,1.0,1.0,1.0,1.0,1.0,1.0,1.0,1.0,1.0,1.0,1.0,1.0,1.0,1.0,1.0,1.0,1.0,1.0,1.0,1.0,1.0,1.0,1.0,1.0,1.0,1.0,1.0,1.0,1.0,1.0,1.0,1.0,1.0,1.0,1.0,1.0,1.0,1.0,1.0,1.0,1.0,1.0,1.0,1.0,1.0,1.0,1.0,1.0,1.0,1.0,1.0,1.0,1.0,1.0,1.0,1.0,1.0,1.0,1.0,1.0,1.0,1.0,1.0,1.0,1.0,1.0,1.0,1.0,1.0,1.0,1.0,1.0,1.0,1.0,1.0,1.0,1.0,1.0,1.0,1.0,1.0,1.0,1.0,1.0,1.0,1.0,1.0,1.0,1.0,1.0,1.0,1.0,1.0,1.0,1.0,1.0,1.0,1.0,1.0,1.0,1.0,1.0,1.0,1.0,1.0,1.0,1.0,1.0,1.0,1.0,1.0,1.0,1.0,1.0,1.0,1.0,1.0,1.0,1.0,1.0,1.0,1.0,1.0,1.0,1.0,1.0,1.0,1.0,1.0,1.0,1.0,1.0,1.0,1.0,1.0,1.0,1.0,1.0,1.0,1.0,1.0,1.0,1.0,1.0,1.0,1.0,1.0,1.0,1.0,1.0,1.0,1.0,1.0,1.0,1.0,1.0,1.0,1.0,1.0,1.0,1.0,1.0,1.0,1.0,1.0,1.0,1.0,1.0,1.0,1.0,1.0,1.0,1.0,1.0,1.0,1.0,1.0,1.0,1.0,1.0,1.0,1.0,1.0,1.0,1.0,1.0,1.0,1.0,1.0,1.0,1.0,1.0,1.0,1.0,1.0,1.0,1.0,1.0,1.0,1.0,1.0,1.0,1.0,1.0,1.0,1.0,1.0,1.0,1.0,1.0,1.0,1.0,1.0,1.0,1.0,1.0,1.0,1.0,1.0,1.0,1.0,1.0,1.0,1.0,1.0,1.0,1.0,1.0,1.0,1.0,1.0,1.0,1.0,1.0,1.0,1.0,1.0,1.0,1.0,1.0,1.0,1.0,1.0,1.0,1.0,1.0,1.0,1.0,1.0,1.0,1.0,1.0,1.0,1.0,1.0,1.0,1.0,1.0,1.0,1.0,1.0,1.0,1.0,1.0,1.0,1.0,1.0,1.0,1.0,1.0,1.0,1.0,1.0,1.0,1.0,1.0,1.0,1.0,1.0,1.0,1.0,1.0,1.0,1.0,1.0,1.0,1.0,1.0,1.0,1.0,1.0,1.0,1.0,1.0,1.0,1.0,1.0,1.0,1.0,1.0,1.0,1.0,1.0,1.0,1.0,1.0,1.0,1.0,1.0,1.0,1.0,1.0,1.0,1.0,1.0,1.0,1.0,1.0,1.0,1.0,1.0,1.0,1.0,1.0,1.0,1.0,1.0,1.0,1.0,1.0,1.0,1.0,1.0,1.0,1.0,1.0,1.0,1.0,1.0,1.0,1.0,1.0,1.0,1.0,1.0,1.0,1.0,1.0,1.0,1.0,1.0,1.0,1.0,1.0,1.0,1.0,1.0,1.0,1.0,1.0,1.0,1.0,1.0,1.0,1.0,1.0,1.0,1.0,1.0,1.0,1.0,1.0,1.0,1.0,1.0,1.0,1.0,1.0,1.0,1.0,1.0,1.0,1.0,1.0
α_R(ELN)*,0.45,0.45,0.89,0.45,0.45,0.45,0.45,0.45,0.45,0.45,0.45,0.45,0.45,0.45,0.45,0.45,0.45,0.45,0.45,0.45,0.45,0.45,0.45,0.45,0.45,0.49,0.52,0.55,0.58,0.58,0.58,0.58,0.58,0.58,0.58,0.58,0.58,0.58,0.58,0.58,0.58,0.58,0.58,0.58,0.58,0.58,0.58,0.58,0.58,0.58,0.58,0.58,0.58,0.58,0.58,0.58,0.58,0.58,0.58,0.58,0.58,0.58,0.58,0.58,0.58,0.58,0.58,0.58,0.58,0.58,0.58,0.58,0.58,0.58,0.58,0.58,0.58,0.58,0.58,0.58,0.58,0.58,0.58,0.58,0.58,0.58,0.58,0.58,0.58,0.58,0.58,0.58,0.58,0.58,0.58,0.58,0.58,0.58,0.58,0.58,0.58,0.58,0.58,0.58,0.58,0.58,0.58,0.58,0.58,0.58,0.58,0.58,0.58,0.58,0.58,0.58,0.58,0.58,0.58,0.58,0.58,0.58,0.58,0.58,0.58,0.58,0.58,0.58,0.58,0.58,0.58,0.58,0.58,0.58,0.58,0.58,0.58,0.58,0.58,0.58,0.58,0.58,0.58,0.58,0.58,0.58,0.58,0.58,0.58,0.58,0.58,0.58,0.58,0.58,0.58,0.58,0.58,0.58,0.58,0.58,0.58,0.58,0.58,0.58,0.58,0.58,0.58,0.58,0.58,0.58,0.58,0.58,0.58,0.58,0.58,0.58,0.58,0.58,0.58,0.58,0.58,0.58,0.58,0.58,0.58,0.58,0.58,0.58,0.58,0.58,0.58,0.58,0.58,0.58,0.58,0.58,0.58,0.58,0.58,0.58,0.58,0.58,0.58,0.58,0.58,0.58,0.58,0.58,0.58,0.58,0.58,0.58,0.58,0.58,0.58,0.58,0.58,0.58,0.58,0.58,0.58,0.58,0.58,0.58,0.58,0.58,0.58,0.58,0.58,0.58,0.58,0.58,0.58,0.58,0.58,0.58,0.58,0.58,0.58,0.58,0.58,0.58,0.58,0.58,0.58,0.58,0.58,0.58,0.58,0.58,0.58,0.58,0.58,0.58,0.58,0.58,0.58,0.58,0.58,0.58,0.58,0.58,0.58,0.58,0.58,0.58,0.58,0.58,0.58,0.58,0.58,0.58,0.58,0.58,0.58,0.58,0.58,0.58,0.58,0.58,0.58,0.58,0.58,0.58,0.58,0.58,0.58,0.58,0.58,0.58,0.58,0.58,0.58,0.58,0.58,0.58,0.58,0.58,0.58,0.58,0.58,0.58,0.58,0.58,0.58,0.58,0.58,0.58,0.58,0.58,0.58,0.58,0.58,0.58,0.58,0.58,0.58,0.58,0.58,0.58,0.58,0.58,0.58,0.58,0.58,0.58,0.58,0.58,0.58,0.58,0.58,0.58,0.58,0.58,0.58,0.58,0.58,0.58,0.58,0.58,0.58,0.58,0.58,0.58,0.58,0.58,0.58,0.58,0.58,0.58,0.58,0.58,0.58,0.58,0.58,0.58,0.58,0.58,0.58,0.58,0.58,0.58,0.58,0.58,0.58,0.58,0.58,0.58,0.58,0.58,0.58,0.58,0.58,0.58,0.58,0.58,0.58,0.58,0.58,0.58,0.58,0.58,0.58,0.58,0.58,0.58,0.58,0.58,0.58,0.58,0.58,0.58,0.58,0.58,0.58,0.58,0.58,0.58,0.58,0.58,0.58
α_R(FARC)*,0.59,0.59,0.59,0.59,0.59,0.59,0.59,0.59,0.59,0.59,0.59,0.59,0.59,0.59,0.59,0.59,0.59,0.59,0.59,0.59,0.59,0.59,0.59,0.59,0.59,0.59,0.59,0.59,0.59,0.59,0.59,0.59,0.59,0.59,0.59,0.59,0.59,0.59,0.59,0.59,0.59,0.59,0.59,0.59,0.59,0.59,0.59,0.59,0.59,0.59,0.59,0.59,0.59,0.59,0.59,0.59,0.59,0.59,0.59,0.59,0.59,0.59,0.59,0.59,0.59,0.59,0.59,0.59,0.59,0.59,0.59,0.59,0.59,0.59,0.59,0.59,0.59,0.59,0.59,0.59,0.59,0.59,0.59,0.59,0.59,0.59,0.59,0.59,0.59,0.59,0.59,0.59,0.59,0.59,0.59,0.59,0.59,0.59,0.59,0.59,0.59,0.59,0.59,0.59,0.59,0.59,0.59,0.59,0.59,0.59,0.59,0.59,0.59,0.59,0.59,0.59,0.59,0.59,0.59,0.59,0.59,0.59,0.59,0.59,0.59,0.59,0.59,0.59,0.59,0.59,0.59,0.59,0.59,0.59,0.59,0.59,0.59,0.59,0.59,0.59,0.59,0.59,0.59,0.59,0.59,0.59,0.59,0.59,0.59,0.59,0.59,0.59,0.59,0.59,0.59,0.59,0.59,0.59,0.59,0.59,0.59,0.59,0.59,0.59,0.59,0.59,0.59,0.59,0.59,0.59,0.59,0.59,0.59,0.59,0.59,0.59,0.59,0.59,0.59,0.59,0.59,0.59,0.59,0.59,0.59,0.59,0.59,0.59,0.59,0.59,0.59,0.59,0.59,0.59,0.59,0.59,0.59,0.59,0.59,0.59,0.59,0.59,0.59,0.59,0.59,0.59,0.59,0.59,0.59,0.59,0.59,0.59,0.59,0.59,0.59,0.59,0.59,0.59,0.59,0.59,0.59,0.59,0.59,0.59,0.59,0.59,0.59,0.59,0.59,0.59,0.59,0.59,0.59,0.59,0.59,0.59,0.59,0.59,0.59,0.59,0.59,0.59,0.59,0.59,0.59,0.59,0.59,0.59,0.59,0.59,0.59,0.59,0.59,0.59,0.59,0.59,0.59,0.59,0.59,0.59,0.59,0.59,0.59,0.59,0.59,0.59,0.59,0.59,0.59,0.59,0.59,0.59,0.59,0.59,0.59,0.59,0.59,0.59,0.59,0.59,0.59,0.59,0.59,0.59,0.59,0.59,0.59,0.59,0.59,0.59,0.59,0.59,0.59,0.59,0.59,0.59,0.59,0.59,0.59,0.59,0.59,0.59,0.59,0.59,0.59,0.59,0.59,0.59,0.59,0.59,0.59,0.59,0.59,0.59,0.59,0.59,0.59,0.59,0.59,0.59,0.59,0.59,0.59,0.59,0.59,0.59,0.59,0.59,0.59,0.59,0.59,0.59,0.59,0.59,0.59,0.59,0.59,0.59,0.59,0.59,0.59,0.59,0.59,0.59,0.59,0.59,0.59,0.59,0.59,0.59,0.59,0.59,0.59,0.59,0.59,0.59,0.59,0.59,0.59,0.59,0.59,0.59,0.59,0.59,0.59,0.59,0.59,0.59,0.59,0.59,0.59,0.59,0.59,0.59,0.59,0.59,0.59,0.59,0.59,0.59,0.59,0.59,0.59,0.59,0.59,0.59,0.59,0.59,0.59,0.59,0.59,0.59,0.59,0.59,0.59,0.59,0.59,0.59,0.59,0.59,0.59
γ_N(DC)*,0.59,0.59,0.6900000000000001,0.59,0.59,0.59,0.59,0.59,0.59,0.59,0.59,0.59,0.59,0.59,0.59,0.59,0.59,0.58,0.58,0.58,0.58,0.58,0.58,0.58,0.5700000000000001,0.5700000000000001,0.5700000000000001,0.5700000000000001,0.5700000000000001,0.5700000000000001,0.5700000000000001,0.5700000000000001,0.5700000000000001,0.5700000000000001,0.5700000000000001,0.5700000000000001,0.5700000000000001,0.5700000000000001,0.5700000000000001,0.5700000000000001,0.5700000000000001,0.5700000000000001,0.5700000000000001,0.5700000000000001,0.5700000000000001,0.5700000000000001,0.5700000000000001,0.5700000000000001,0.5700000000000001,0.5700000000000001,0.5700000000000001,0.5700000000000001,0.5700000000000001,0.5700000000000001,0.5700000000000001,0.5700000000000001,0.5700000000000001,0.5700000000000001,0.5700000000000001,0.5700000000000001,0.5700000000000001,0.5700000000000001,0.5700000000000001,0.5700000000000001,0.5700000000000001,0.5700000000000001,0.5700000000000001,0.5700000000000001,0.5700000000000001,0.5700000000000001,0.5700000000000001,0.5700000000000001,0.5700000000000001,0.5700000000000001,0.5700000000000001,0.5700000000000001,0.5700000000000001,0.5700000000000001,0.5700000000000001,0.5700000000000001,0.5700000000000001,0.5700000000000001,0.5700000000000001,0.5700000000000001,0.5700000000000001,0.5700000000000001,0.5700000000000001,0.5700000000000001,0.5700000000000001,0.5700000000000001,0.5700000000000001,0.5700000000000001,0.5700000000000001,0.5700000000000001,0.5700000000000001,0.5700000000000001,0.5700000000000001,0.5700000000000001,0.5700000000000001,0.5700000000000001,0.5700000000000001,0.5700000000000001,0.5700000000000001,0.5700000000000001,0.5700000000000001,0.5700000000000001,0.5700000000000001,0.5700000000000001,0.5700000000000001,0.5700000000000001,0.5700000000000001,0.5700000000000001,0.5700000000000001,0.5700000000000001,0.5700000000000001,0.5700000000000001,0.5700000000000001,0.5700000000000001,0.5700000000000001,0.5700000000000001,0.5700000000000001,0.5700000000000001,0.5700000000000001,0.5700000000000001,0.5700000000000001,0.5700000000000001,0.5700000000000001,0.5700000000000001,0.5700000000000001,0.5700000000000001,0.5700000000000001,0.5700000000000001,0.5700000000000001,0.5700000000000001,0.5700000000000001,0.5700000000000001,0.5700000000000001,0.5700000000000001,0.5700000000000001,0.5700000000000001,0.5700000000000001,0.5700000000000001,0.5700000000000001,0.5700000000000001,0.5700000000000001,0.5700000000000001,0.5700000000000001,0.5700000000000001,0.5700000000000001,0.5700000000000001,0.5700000000000001,0.5700000000000001,0.5700000000000001,0.5700000000000001,0.5700000000000001,0.5700000000000001,0.5700000000000001,0.5700000000000001,0.5700000000000001,0.5700000000000001,0.5700000000000001,0.5700000000000001,0.5700000000000001,0.5700000000000001,0.5700000000000001,0.5700000000000001,0.5700000000000001,0.5700000000000001,0.5700000000000001,0.5700000000000001,0.5700000000000001,0.5700000000000001,0.5700000000000001,0.5700000000000001,0.5700000000000001,0.5700000000000001,0.5700000000000001,0.5700000000000001,0.5700000000000001,0.5700000000000001,0.5700000000000001,0.5700000000000001,0.5700000000000001,0.5700000000000001,0.5700000000000001,0.5700000000000001,0.5700000000000001,0.5700000000000001,0.5700000000000001,0.5700000000000001,0.5700000000000001,0.5700000000000001,0.5700000000000001,0.5700000000000001,0.5700000000000001,0.5700000000000001,0.5700000000000001,0.5700000000000001,0.5700000000000001,0.5700000000000001,0.5700000000000001,0.5700000000000001,0.5700000000000001,0.5700000000000001,0.5700000000000001,0.5700000000000001,0.5700000000000001,0.5700000000000001,0.5700000000000001,0.5700000000000001,0.5700000000000001,0.5700000000000001,0.5700000000000001,0.5700000000000001,0.5700000000000001,0.5700000000000001,0.5700000000000001,0.5700000000000001,0.5700000000000001,0.5700000000000001,0.5700000000000001,0.5700000000000001,0.5700000000000001,0.5700000000000001,0.5700000000000001,0.5700000000000001,0.5700000000000001,0.5700000000000001,0.5700000000000001,0.5700000000000001,0.5700000000000001,0.5700000000000001,0.5700000000000001,0.5700000000000001,0.5700000000000001,0.5700000000000001,0.5700000000000001,0.5700000000000001,0.5700000000000001,0.5700000000000001,0.5700000000000001,0.5700000000000001,0.5700000000000001,0.5700000000000001,0.5700000000000001,0.5700000000000001,0.5700000000000001,0.5700000000000001,0.5700000000000001,0.5700000000000001,0.5700000000000001,0.5700000000000001,0.5700000000000001,0.5700000000000001,0.5700000000000001,0.5700000000000001,0.5700000000000001,0.5700000000000001,0.5700000000000001,0.5700000000000001,0.5700000000000001,0.5700000000000001,0.5700000000000001,0.5700000000000001,0.5700000000000001,0.5700000000000001,0.5700000000000001,0.5700000000000001,0.5700000000000001,0.5700000000000001,0.5700000000000001,0.5700000000000001,0.5700000000000001,0.5700000000000001,0.5700000000000001,0.5700000000000001,0.5700000000000001,0.5700000000000001,0.5700000000000001,0.5700000000000001,0.5700000000000001,0.5700000000000001,0.5700000000000001,0.5700000000000001,0.5700000000000001,0.5700000000000001,0.5700000000000001,0.5700000000000001,0.5700000000000001,0.5700000000000001,0.5700000000000001,0.5700000000000001,0.5700000000000001,0.5700000000000001,0.5700000000000001,0.5700000000000001,0.5700000000000001,0.5700000000000001,0.5700000000000001,0.5700000000000001,0.5700000000000001,0.5700000000000001,0.5700000000000001,0.5700000000000001,0.5700000000000001,0.5700000000000001,0.5700000000000001,0.5700000000000001,0.5700000000000001,0.5700000000000001,0.5700000000000001,0.5700000000000001,0.5700000000000001,0.5700000000000001,0.5700000000000001,0.5700000000000001,0.5700000000000001,0.5700000000000001,0.5700000000000001,0.5700000000000001,0.5700000000000001,0.5700000000000001,0.5700000000000001,0.5700000000000001,0.5700000000000001,0.5700000000000001,0.5700000000000001,0.5700000000000001,0.5700000000000001,0.5700000000000001,0.5700000000000001,0.5700000000000001,0.5700000000000001,0.5700000000000001,0.5700000000000001,0.5700000000000001,0.5700000000000001,0.5700000000000001,0.5700000000000001,0.5700000000000001,0.5700000000000001,0.5700000000000001,0.5700000000000001,0.5700000000000001,0.5700000000000001,0.5700000000000001,0.5700000000000001,0.5700000000000001,0.5700000000000001,0.5700000000000001,0.5700000000000001,0.5700000000000001,0.5700000000000001,0.5700000000000001,0.5700000000000001,0.5700000000000001,0.5700000000000001,0.5700000000000001,0.5700000000000001,0.5700000000000001,0.5700000000000001,0.5700000000000001,0.5700000000000001,0.5700000000000001,0.5700000000000001,0.5700000000000001,0.5700000000000001,0.5700000000000001,0.5700000000000001,0.5700000000000001,0.5700000000000001,0.5700000000000001,0.5700000000000001,0.5700000000000001,0.5700000000000001,0.5700000000000001,0.5700000000000001,0.5700000000000001,0.5700000000000001,0.5700000000000001,0.5700000000000001,0.5700000000000001,0.5700000000000001,0.5700000000000001,0.5700000000000001,0.5700000000000001,0.5700000000000001,0.5700000000000001,0.5700000000000001,0.5700000000000001,0.5700000000000001,0.5700000000000001,0.5700000000000001,0.5700000000000001,0.5700000000000001,0.5700000000000001,0.5700000000000001,0.5700000000000001,0.5700000000000001,0.5700000000000001,0.5700000000000001
γ_N(PAR)*,0.64,0.64,0.64,0.64,0.64,0.64,0.64,0.63,0.63,1.0,1.0,1.0,1.0,1.0,1.0,1.0,1.0,1.0,1.0,1.0,1.0,1.0,1.0,1.0,1.0,1.0,1.0,1.0,1.0,1.0,1.0,1.0,1.0,1.0,1.0,1.0,1.0,1.0,1.0,1.0,1.0,1.0,1.0,1.0,1.0,1.0,1.0,1.0,1.0,1.0,1.0,1.0,1.0,1.0,1.0,1.0,1.0,1.0,1.0,1.0,1.0,1.0,1.0,1.0,1.0,1.0,1.0,1.0,1.0,1.0,1.0,1.0,1.0,1.0,1.0,1.0,1.0,1.0,1.0,1.0,1.0,1.0,1.0,1.0,1.0,1.0,1.0,1.0,1.0,1.0,1.0,1.0,1.0,1.0,1.0,1.0,1.0,1.0,1.0,1.0,1.0,1.0,1.0,1.0,1.0,1.0,1.0,1.0,1.0,1.0,1.0,1.0,1.0,1.0,1.0,1.0,1.0,1.0,1.0,1.0,1.0,1.0,1.0,1.0,1.0,1.0,1.0,1.0,1.0,1.0,1.0,1.0,1.0,1.0,1.0,1.0,1.0,1.0,1.0,1.0,1.0,1.0,1.0,1.0,1.0,1.0,1.0,1.0,1.0,1.0,1.0,1.0,1.0,1.0,1.0,1.0,1.0,1.0,1.0,1.0,1.0,1.0,1.0,1.0,1.0,1.0,1.0,1.0,1.0,1.0,1.0,1.0,1.0,1.0,1.0,1.0,1.0,1.0,1.0,1.0,1.0,1.0,1.0,1.0,1.0,1.0,1.0,1.0,1.0,1.0,1.0,1.0,1.0,1.0,1.0,1.0,1.0,1.0,1.0,1.0,1.0,1.0,1.0,1.0,1.0,1.0,1.0,1.0,1.0,1.0,1.0,1.0,1.0,1.0,1.0,1.0,1.0,1.0,1.0,1.0,1.0,1.0,1.0,1.0,1.0,1.0,1.0,1.0,1.0,1.0,1.0,1.0,1.0,1.0,1.0,1.0,1.0,1.0,1.0,1.0,1.0,1.0,1.0,1.0,1.0,1.0,1.0,1.0,1.0,1.0,1.0,1.0,1.0,1.0,1.0,1.0,1.0,1.0,1.0,1.0,1.0,1.0,1.0,1.0,1.0,1.0,1.0,1.0,1.0,1.0,1.0,1.0,1.0,1.0,1.0,1.0,1.0,1.0,1.0,1.0,1.0,1.0,1.0,1.0,1.0,1.0,1.0,1.0,1.0,1.0,1.0,1.0,1.0,1.0,1.0,1.0,1.0,1.0,1.0,1.0,1.0,1.0,1.0,1.0,1.0,1.0,1.0,1.0,1.0,1.0,1.0,1.0,1.0,1.0,1.0,1.0,1.0,1.0,1.0,1.0,1.0,1.0,1.0,1.0,1.0,1.0,1.0,1.0,1.0,1.0,1.0,1.0,1.0,1.0,1.0,1.0,1.0,1.0,1.0,1.0,1.0,1.0,1.0,1.0,1.0,1.0,1.0,1.0,1.0,1.0,1.0,1.0,1.0,1.0,1.0,1.0,1.0,1.0,1.0,1.0,1.0,1.0,1.0,1.0,1.0,1.0,1.0,1.0,1.0,1.0,1.0,1.0,1.0,1.0,1.0,1.0,1.0,1.0,1.0,1.0,1.0,1.0,1.0,1.0,1.0,1.0,1.0,1.0,1.0,1.0,1.0,1.0,1.0,1.0,1.0,1.0,1.0,1.0,1.0,1.0,1.0
γ_N(ELN)*,0.6900000000000001,0.6900000000000001,0.92,0.6900000000000001,0.6900000000000001,0.6900000000000001,0.6900000000000001,0.6900000000000001,0.6900000000000001,0.6900000000000001,0.6900000000000001,0.68,0.68,0.68,0.68,0.68,0.67,0.67,0.67,0.67,0.66,0.66,0.66,0.66,0.65,0.65,0.65,0.64,0.64,0.64,0.64,0.64,0.64,0.64,0.64,0.64,0.64,0.64,0.64,0.64,0.64,0.64,0.64,0.64,0.64,0.64,0.64,0.64,0.64,0.64,0.64,0.64,0.64,0.64,0.64,0.64,0.64,0.64,0.64,0.64,0.64,0.64,0.64,0.64,0.64,0.64,0.64,0.64,0.64,0.64,0.64,0.64,0.64,0.64,0.64,0.64,0.64,0.64,0.64,0.64,0.64,0.64,0.64,0.64,0.64,0.64,0.64,0.64,0.64,0.64,0.64,0.64,0.64,0.64,0.64,0.64,0.64,0.64,0.64,0.64,0.64,0.64,0.64,0.64,0.64,0.64,0.64,0.64,0.64,0.64,0.64,0.64,0.64,0.64,0.64,0.64,0.64,0.64,0.64,0.64,0.64,0.64,0.64,0.64,0.64,0.64,0.64,0.64,0.64,0.64,0.64,0.64,0.64,0.64,0.64,0.64,0.64,0.64,0.64,0.64,0.64,0.64,0.64,0.64,0.64,0.64,0.64,0.64,0.64,0.64,0.64,0.64,0.64,0.64,0.64,0.64,0.64,0.64,0.64,0.64,0.64,0.64,0.64,0.64,0.64,0.64,0.64,0.64,0.64,0.64,0.64,0.64,0.64,0.64,0.64,0.64,0.64,0.64,0.64,0.64,0.64,0.64,0.64,0.64,0.64,0.64,0.64,0.64,0.64,0.64,0.64,0.64,0.64,0.64,0.64,0.64,0.64,0.64,0.64,0.64,0.64,0.64,0.64,0.64,0.64,0.64,0.64,0.64,0.64,0.64,0.64,0.64,0.64,0.64,0.64,0.64,0.64,0.64,0.64,0.64,0.64,0.64,0.64,0.64,0.64,0.64,0.64,0.64,0.64,0.64,0.64,0.64,0.64,0.64,0.64,0.64,0.64,0.64,0.64,0.64,0.64,0.64,0.64,0.64,0.64,0.64,0.64,0.64,0.64,0.64,0.64,0.64,0.64,0.64,0.64,0.64,0.64,0.64,0.64,0.64,0.64,0.64,0.64,0.64,0.64,0.64,0.64,0.64,0.64,0.64,0.64,0.64,0.64,0.64,0.64,0.64,0.64,0.64,0.64,0.64,0.64,0.64,0.64,0.64,0.64,0.64,0.64,0.64,0.64,0.64,0.64,0.64,0.64,0.64,0.64,0.64,0.64,0.64,0.64,0.64,0.64,0.64,0.64,0.64,0.64,0.64,0.64,0.64,0.64,0.64,0.64,0.64,0.64,0.64,0.64,0.64,0.64,0.64,0.64,0.64,0.64,0.64,0.64,0.64,0.64,0.64,0.64,0.64,0.64,0.64,0.64,0.64,0.64,0.64,0.64,0.64,0.64,0.64,0.64,0.64,0.64,0.64,0.64,0.64,0.64,0.64,0.64,0.64,0.64,0.64,0.64,0.64,0.64,0.64,0.64,0.64,0.64,0.64,0.64,0.64,0.64,0.64,0.64,0.64,0.64,0.64,0.64,0.64,0.64,0.64,0.64,0.64,0.64,0.64,0.64,0.64,0.64,0.64,0.64,0.64,0.64,0.64,0.64,0.64,0.64,0.64,0.64,0.64,0.64,0.64,0.64,0.64,0.64,0.64,0.64,0.64,0.64,0.64,0.64,0.64,0.64
γ_N(FARC)*,0.74,0.74,0.74,0.74,0.74,0.74,0.74,0.74,0.74,0.74,0.74,0.74,0.74,0.74,0.74,0.74,0.73,0.73,0.73,0.73,0.73,0.73,0.73,0.73,0.73,0.72,0.72,0.72,0.72,0.72,0.72,0.72,0.72,0.72,0.72,0.72,0.72,0.72,0.72,0.72,0.72,0.72,0.72,0.72,0.72,0.72,0.72,0.72,0.72,0.72,0.72,0.72,0.72,0.72,0.72,0.72,0.72,0.72,0.72,0.72,0.72,0.72,0.72,0.72,0.72,0.72,0.72,0.72,0.72,0.72,0.72,0.72,0.72,0.72,0.72,0.72,0.72,0.72,0.72,0.72,0.72,0.72,0.72,0.72,0.72,0.72,0.72,0.72,0.72,0.72,0.72,0.72,0.72,0.72,0.72,0.72,0.72,0.72,0.72,0.72,0.72,0.72,0.72,0.72,0.72,0.72,0.72,0.72,0.72,0.72,0.72,0.72,0.72,0.72,0.72,0.72,0.72,0.72,0.72,0.72,0.72,0.72,0.72,0.72,0.72,0.72,0.72,0.72,0.72,0.72,0.72,0.72,0.72,0.72,0.72,0.72,0.72,0.72,0.72,0.72,0.72,0.72,0.72,0.72,0.72,0.72,0.72,0.72,0.72,0.72,0.72,0.72,0.72,0.72,0.72,0.72,0.72,0.72,0.72,0.72,0.72,0.72,0.72,0.72,0.72,0.72,0.72,0.72,0.72,0.72,0.72,0.72,0.72,0.72,0.72,0.72,0.72,0.72,0.72,0.72,0.72,0.72,0.72,0.72,0.72,0.72,0.72,0.72,0.72,0.72,0.72,0.72,0.72,0.72,0.72,0.72,0.72,0.72,0.72,0.72,0.72,0.72,0.72,0.72,0.72,0.72,0.72,0.72,0.72,0.72,0.72,0.72,0.72,0.72,0.72,0.72,0.72,0.72,0.72,0.72,0.72,0.72,0.72,0.72,0.72,0.72,0.72,0.72,0.72,0.72,0.72,0.72,0.72,0.72,0.72,0.72,0.72,0.72,0.72,0.72,0.72,0.72,0.72,0.72,0.72,0.72,0.72,0.72,0.72,0.72,0.72,0.72,0.72,0.72,0.72,0.72,0.72,0.72,0.72,0.72,0.72,0.72,0.72,0.72,0.72,0.72,0.72,0.72,0.72,0.72,0.72,0.72,0.72,0.72,0.72,0.72,0.72,0.72,0.72,0.72,0.72,0.72,0.72,0.72,0.72,0.72,0.72,0.72,0.72,0.72,0.72,0.72,0.72,0.72,0.72,0.72,0.72,0.72,0.72,0.72,0.72,0.72,0.72,0.72,0.72,0.72,0.72,0.72,0.72,0.72,0.72,0.72,0.72,0.72,0.72,0.72,0.72,0.72,0.72,0.72,0.72,0.72,0.72,0.72,0.72,0.72,0.72,0.72,0.72,0.72,0.72,0.72,0.72,0.72,0.72,0.72,0.72,0.72,0.72,0.72,0.72,0.72,0.72,0.72,0.72,0.72,0.72,0.72,0.72,0.72,0.72,0.72,0.72,0.72,0.72,0.72,0.72,0.72,0.72,0.72,0.72,0.72,0.72,0.72,0.72,0.72,0.72,0.72,0.72,0.72,0.72,0.72,0.72,0.72,0.72,0.72,0.72,0.72,0.72,0.72,0.72,0.72,0.72,0.72,0.72,0.72,0.72,0.72,0.72,0.72,0.72,0.72,0.72,0.72,0.72,0.72,0.72,0.72,0.72,0.72,0.72
α_N(DC)*,0.62,0.62,0.78,0.62,0.62,0.62,0.62,0.62,0.62,0.62,0.62,0.62,0.62,0.62,0.62,0.62,0.62,0.62,0.62,0.62,0.61,0.61,0.61,0.61,0.61,0.61,0.61,0.62,0.64,0.64,0.64,0.64,0.64,0.64,0.64,0.64,0.64,0.64,0.64,0.64,0.64,0.64,0.64,0.64,0.64,0.64,0.64,0.64,0.64,0.64,0.64,0.64,0.64,0.64,0.64,0.64,0.64,0.64,0.64,0.64,0.64,0.64,0.64,0.64,0.64,0.64,0.64,0.64,0.64,0.64,0.64,0.64,0.64,0.64,0.64,0.64,0.64,0.64,0.64,0.64,0.64,0.64,0.64,0.64,0.64,0.64,0.64,0.64,0.64,0.64,0.64,0.64,0.64,0.64,0.64,0.64,0.64,0.64,0.64,0.64,0.64,0.64,0.64,0.64,0.64,0.64,0.64,0.64,0.64,0.64,0.64,0.64,0.64,0.64,0.64,0.64,0.64,0.64,0.64,0.64,0.64,0.64,0.64,0.64,0.64,0.64,0.64,0.64,0.64,0.64,0.64,0.64,0.64,0.64,0.64,0.64,0.64,0.64,0.64,0.64,0.64,0.64,0.64,0.64,0.64,0.64,0.64,0.64,0.64,0.64,0.64,0.64,0.64,0.64,0.64,0.64,0.64,0.64,0.64,0.64,0.64,0.64,0.64,0.64,0.64,0.64,0.64,0.64,0.64,0.64,0.64,0.64,0.64,0.64,0.64,0.64,0.64,0.64,0.64,0.64,0.64,0.64,0.64,0.64,0.64,0.64,0.64,0.64,0.64,0.64,0.64,0.64,0.64,0.64,0.64,0.64,0.64,0.64,0.64,0.64,0.64,0.64,0.64,0.64,0.64,0.64,0.64,0.64,0.64,0.64,0.64,0.64,0.64,0.64,0.64,0.64,0.64,0.64,0.64,0.64,0.64,0.64,0.64,0.64,0.64,0.64,0.64,0.64,0.64,0.64,0.64,0.64,0.64,0.64,0.64,0.64,0.64,0.64,0.64,0.64,0.64,0.64,0.64,0.64,0.64,0.64,0.64,0.64,0.64,0.64,0.64,0.64,0.64,0.64,0.64,0.64,0.64,0.64,0.64,0.64,0.64,0.64,0.64,0.64,0.64,0.64,0.64,0.64,0.64,0.64,0.64,0.64,0.64,0.64,0.64,0.64,0.64,0.64,0.64,0.64,0.64,0.64,0.64,0.64,0.64,0.64,0.64,0.64,0.64,0.64,0.64,0.64,0.64,0.64,0.64,0.64,0.64,0.64,0.64,0.64,0.64,0.64,0.64,0.64,0.64,0.64,0.64,0.64,0.64,0.64,0.64,0.64,0.64,0.64,0.64,0.64,0.64,0.64,0.64,0.64,0.64,0.64,0.64,0.64,0.64,0.64,0.64,0.64,0.64,0.64,0.64,0.64,0.64,0.64,0.64,0.64,0.64,0.64,0.64,0.64,0.64,0.64,0.64,0.64,0.64,0.64,0.64,0.64,0.64,0.64,0.64,0.64,0.64,0.64,0.64,0.64,0.64,0.64,0.64,0.64,0.64,0.64,0.64,0.64,0.64,0.64,0.64,0.64,0.64,0.64,0.64,0.64,0.64,0.64,0.64,0.64,0.64,0.64,0.64,0.64,0.64,0.64,0.64,0.64,0.64,0.64,0.64,0.64,0.64,0.64,0.64,0.64,0.64,0.64,0.64,0.64,0.64,0.64,0.64,0.64,0.64
α_N(PAR)*,0.67,0.67,0.67,0.67,0.67,0.67,0.67,0.67,0.66,1.0,1.0,1.0,1.0,1.0,1.0,1.0,1.0,1.0,1.0,1.0,1.0,1.0,1.0,1.0,1.0,1.0,1.0,1.0,1.0,1.0,1.0,1.0,1.0,1.0,1.0,1.0,1.0,1.0,1.0,1.0,1.0,1.0,1.0,1.0,1.0,1.0,1.0,1.0,1.0,1.0,1.0,1.0,1.0,1.0,1.0,1.0,1.0,1.0,1.0,1.0,1.0,1.0,1.0,1.0,1.0,1.0,1.0,1.0,1.0,1.0,1.0,1.0,1.0,1.0,1.0,1.0,1.0,1.0,1.0,1.0,1.0,1.0,1.0,1.0,1.0,1.0,1.0,1.0,1.0,1.0,1.0,1.0,1.0,1.0,1.0,1.0,1.0,1.0,1.0,1.0,1.0,1.0,1.0,1.0,1.0,1.0,1.0,1.0,1.0,1.0,1.0,1.0,1.0,1.0,1.0,1.0,1.0,1.0,1.0,1.0,1.0,1.0,1.0,1.0,1.0,1.0,1.0,1.0,1.0,1.0,1.0,1.0,1.0,1.0,1.0,1.0,1.0,1.0,1.0,1.0,1.0,1.0,1.0,1.0,1.0,1.0,1.0,1.0,1.0,1.0,1.0,1.0,1.0,1.0,1.0,1.0,1.0,1.0,1.0,1.0,1.0,1.0,1.0,1.0,1.0,1.0,1.0,1.0,1.0,1.0,1.0,1.0,1.0,1.0,1.0,1.0,1.0,1.0,1.0,1.0,1.0,1.0,1.0,1.0,1.0,1.0,1.0,1.0,1.0,1.0,1.0,1.0,1.0,1.0,1.0,1.0,1.0,1.0,1.0,1.0,1.0,1.0,1.0,1.0,1.0,1.0,1.0,1.0,1.0,1.0,1.0,1.0,1.0,1.0,1.0,1.0,1.0,1.0,1.0,1.0,1.0,1.0,1.0,1.0,1.0,1.0,1.0,1.0,1.0,1.0,1.0,1.0,1.0,1.0,1.0,1.0,1.0,1.0,1.0,1.0,1.0,1.0,1.0,1.0,1.0,1.0,1.0,1.0,1.0,1.0,1.0,1.0,1.0,1.0,1.0,1.0,1.0,1.0,1.0,1.0,1.0,1.0,1.0,1.0,1.0,1.0,1.0,1.0,1.0,1.0,1.0,1.0,1.0,1.0,1.0,1.0,1.0,1.0,1.0,1.0,1.0,1.0,1.0,1.0,1.0,1.0,1.0,1.0,1.0,1.0,1.0,1.0,1.0,1.0,1.0,1.0,1.0,1.0,1.0,1.0,1.0,1.0,1.0,1.0,1.0,1.0,1.0,1.0,1.0,1.0,1.0,1.0,1.0,1.0,1.0,1.0,1.0,1.0,1.0,1.0,1.0,1.0,1.0,1.0,1.0,1.0,1.0,1.0,1.0,1.0,1.0,1.0,1.0,1.0,1.0,1.0,1.0,1.0,1.0,1.0,1.0,1.0,1.0,1.0,1.0,1.0,1.0,1.0,1.0,1.0,1.0,1.0,1.0,1.0,1.0,1.0,1.0,1.0,1.0,1.0,1.0,1.0,1.0,1.0,1.0,1.0,1.0,1.0,1.0,1.0,1.0,1.0,1.0,1.0,1.0,1.0,1.0,1.0,1.0,1.0,1.0,1.0,1.0,1.0,1.0,1.0,1.0,1.0,1.0,1.0,1.0,1.0,1.0,1.0,1.0,1.0,1.0,1.0,1.0,1.0,1.0
α_N(ELN)*,0.72,0.72,0.97,0.72,0.72,0.72,0.72,0.72,0.72,0.72,0.72,0.72,0.72,0.72,0.71,0.71,0.71,0.71,0.71,0.71,0.71,0.7000000000000001,0.7000000000000001,0.7000000000000001,0.7000000000000001,0.7000000000000001,0.7000000000000001,0.6900000000000001,0.6900000000000001,0.6900000000000001,0.6900000000000001,0.6900000000000001,0.6900000000000001,0.6900000000000001,0.6900000000000001,0.6900000000000001,0.6900000000000001,0.6900000000000001,0.6900000000000001,0.6900000000000001,0.6900000000000001,0.6900000000000001,0.6900000000000001,0.6900000000000001,0.6900000000000001,0.6900000000000001,0.6900000000000001,0.6900000000000001,0.6900000000000001,0.6900000000000001,0.6900000000000001,0.6900000000000001,0.6900000000000001,0.6900000000000001,0.6900000000000001,0.6900000000000001,0.6900000000000001,0.6900000000000001,0.6900000000000001,0.6900000000000001,0.6900000000000001,0.6900000000000001,0.6900000000000001,0.6900000000000001,0.6900000000000001,0.6900000000000001,0.6900000000000001,0.6900000000000001,0.6900000000000001,0.6900000000000001,0.6900000000000001,0.6900000000000001,0.6900000000000001,0.6900000000000001,0.6900000000000001,0.6900000000000001,0.6900000000000001,0.6900000000000001,0.6900000000000001,0.6900000000000001,0.6900000000000001,0.6900000000000001,0.6900000000000001,0.6900000000000001,0.6900000000000001,0.6900000000000001,0.6900000000000001,0.6900000000000001,0.6900000000000001,0.6900000000000001,0.6900000000000001,0.6900000000000001,0.6900000000000001,0.6900000000000001,0.6900000000000001,0.6900000000000001,0.6900000000000001,0.6900000000000001,0.6900000000000001,0.6900000000000001,0.6900000000000001,0.6900000000000001,0.6900000000000001,0.6900000000000001,0.6900000000000001,0.6900000000000001,0.6900000000000001,0.6900000000000001,0.6900000000000001,0.6900000000000001,0.6900000000000001,0.6900000000000001,0.6900000000000001,0.6900000000000001,0.6900000000000001,0.6900000000000001,0.6900000000000001,0.6900000000000001,0.6900000000000001,0.6900000000000001,0.6900000000000001,0.6900000000000001,0.6900000000000001,0.6900000000000001,0.6900000000000001,0.6900000000000001,0.6900000000000001,0.6900000000000001,0.6900000000000001,0.6900000000000001,0.6900000000000001,0.6900000000000001,0.6900000000000001,0.6900000000000001,0.6900000000000001,0.6900000000000001,0.6900000000000001,0.6900000000000001,0.6900000000000001,0.6900000000000001,0.6900000000000001,0.6900000000000001,0.6900000000000001,0.6900000000000001,0.6900000000000001,0.6900000000000001,0.6900000000000001,0.6900000000000001,0.6900000000000001,0.6900000000000001,0.6900000000000001,0.6900000000000001,0.6900000000000001,0.6900000000000001,0.6900000000000001,0.6900000000000001,0.6900000000000001,0.6900000000000001,0.6900000000000001,0.6900000000000001,0.6900000000000001,0.6900000000000001,0.6900000000000001,0.6900000000000001,0.6900000000000001,0.6900000000000001,0.6900000000000001,0.6900000000000001,0.6900000000000001,0.6900000000000001,0.6900000000000001,0.6900000000000001,0.6900000000000001,0.6900000000000001,0.6900000000000001,0.6900000000000001,0.6900000000000001,0.6900000000000001,0.6900000000000001,0.6900000000000001,0.6900000000000001,0.6900000000000001,0.6900000000000001,0.6900000000000001,0.6900000000000001,0.6900000000000001,0.6900000000000001,0.6900000000000001,0.6900000000000001,0.6900000000000001,0.6900000000000001,0.6900000000000001,0.6900000000000001,0.6900000000000001,0.6900000000000001,0.6900000000000001,0.6900000000000001,0.6900000000000001,0.6900000000000001,0.6900000000000001,0.6900000000000001,0.6900000000000001,0.6900000000000001,0.6900000000000001,0.6900000000000001,0.6900000000000001,0.6900000000000001,0.6900000000000001,0.6900000000000001,0.6900000000000001,0.6900000000000001,0.6900000000000001,0.6900000000000001,0.6900000000000001,0.6900000000000001,0.6900000000000001,0.6900000000000001,0.6900000000000001,0.6900000000000001,0.6900000000000001,0.6900000000000001,0.6900000000000001,0.6900000000000001,0.6900000000000001,0.6900000000000001,0.6900000000000001,0.6900000000000001,0.6900000000000001,0.6900000000000001,0.6900000000000001,0.6900000000000001,0.6900000000000001,0.6900000000000001,0.6900000000000001,0.6900000000000001,0.6900000000000001,0.6900000000000001,0.6900000000000001,0.6900000000000001,0.6900000000000001,0.6900000000000001,0.6900000000000001,0.6900000000000001,0.6900000000000001,0.6900000000000001,0.6900000000000001,0.6900000000000001,0.6900000000000001,0.6900000000000001,0.6900000000000001,0.6900000000000001,0.6900000000000001,0.6900000000000001,0.6900000000000001,0.6900000000000001,0.6900000000000001,0.6900000000000001,0.6900000000000001,0.6900000000000001,0.6900000000000001,0.6900000000000001,0.6900000000000001,0.6900000000000001,0.6900000000000001,0.6900000000000001,0.6900000000000001,0.6900000000000001,0.6900000000000001,0.6900000000000001,0.6900000000000001,0.6900000000000001,0.6900000000000001,0.6900000000000001,0.6900000000000001,0.6900000000000001,0.6900000000000001,0.6900000000000001,0.6900000000000001,0.6900000000000001,0.6900000000000001,0.6900000000000001,0.6900000000000001,0.6900000000000001,0.6900000000000001,0.6900000000000001,0.6900000000000001,0.6900000000000001,0.6900000000000001,0.6900000000000001,0.6900000000000001,0.6900000000000001,0.6900000000000001,0.6900000000000001,0.6900000000000001,0.6900000000000001,0.6900000000000001,0.6900000000000001,0.6900000000000001,0.6900000000000001,0.6900000000000001,0.6900000000000001,0.6900000000000001,0.6900000000000001,0.6900000000000001,0.6900000000000001,0.6900000000000001,0.6900000000000001,0.6900000000000001,0.6900000000000001,0.6900000000000001,0.6900000000000001,0.6900000000000001,0.6900000000000001,0.6900000000000001,0.6900000000000001,0.6900000000000001,0.6900000000000001,0.6900000000000001,0.6900000000000001,0.6900000000000001,0.6900000000000001,0.6900000000000001,0.6900000000000001,0.6900000000000001,0.6900000000000001,0.6900000000000001,0.6900000000000001,0.6900000000000001,0.6900000000000001,0.6900000000000001,0.6900000000000001,0.6900000000000001,0.6900000000000001,0.6900000000000001,0.6900000000000001,0.6900000000000001,0.6900000000000001,0.6900000000000001,0.6900000000000001,0.6900000000000001,0.6900000000000001,0.6900000000000001,0.6900000000000001,0.6900000000000001,0.6900000000000001,0.6900000000000001,0.6900000000000001,0.6900000000000001,0.6900000000000001,0.6900000000000001,0.6900000000000001,0.6900000000000001,0.6900000000000001,0.6900000000000001,0.6900000000000001,0.6900000000000001,0.6900000000000001,0.6900000000000001,0.6900000000000001,0.6900000000000001,0.6900000000000001,0.6900000000000001,0.6900000000000001,0.6900000000000001,0.6900000000000001,0.6900000000000001,0.6900000000000001,0.6900000000000001,0.6900000000000001,0.6900000000000001,0.6900000000000001,0.6900000000000001,0.6900000000000001,0.6900000000000001,0.6900000000000001,0.6900000000000001,0.6900000000000001,0.6900000000000001,0.6900000000000001,0.6900000000000001,0.6900000000000001,0.6900000000000001,0.6900000000000001,0.6900000000000001,0.6900000000000001,0.6900000000000001,0.6900000000000001,0.6900000000000001,0.6900000000000001,0.6900000000000001,0.6900000000000001,0.6900000000000001,0.6900000000000001,0.6900000000000001,0.6900000000000001,0.6900000000000001,0.6900000000000001,0.6900000000000001,0.6900000000000001,0.6900000000000001,0.6900000000000001
α_N(FARC)*,0.77,0.77,0.77,0.77,0.77,0.77,0.77,0.77,0.77,0.77,0.77,0.77,0.77,0.77,0.77,0.77,0.77,0.77,0.77,0.77,0.77,0.76,0.76,0.76,0.76,0.76,0.76,0.76,0.76,0.76,0.76,0.76,0.76,0.76,0.76,0.76,0.76,0.76,0.76,0.76,0.76,0.76,0.76,0.76,0.76,0.76,0.76,0.76,0.76,0.76,0.76,0.76,0.76,0.76,0.76,0.76,0.76,0.76,0.76,0.76,0.76,0.76,0.76,0.76,0.76,0.76,0.76,0.76,0.76,0.76,0.76,0.76,0.76,0.76,0.76,0.76,0.76,0.76,0.76,0.76,0.76,0.76,0.76,0.76,0.76,0.76,0.76,0.76,0.76,0.76,0.76,0.76,0.76,0.76,0.76,0.76,0.76,0.76,0.76,0.76,0.76,0.76,0.76,0.76,0.76,0.76,0.76,0.76,0.76,0.76,0.76,0.76,0.76,0.76,0.76,0.76,0.76,0.76,0.76,0.76,0.76,0.76,0.76,0.76,0.76,0.76,0.76,0.76,0.76,0.76,0.76,0.76,0.76,0.76,0.76,0.76,0.76,0.76,0.76,0.76,0.76,0.76,0.76,0.76,0.76,0.76,0.76,0.76,0.76,0.76,0.76,0.76,0.76,0.76,0.76,0.76,0.76,0.76,0.76,0.76,0.76,0.76,0.76,0.76,0.76,0.76,0.76,0.76,0.76,0.76,0.76,0.76,0.76,0.76,0.76,0.76,0.76,0.76,0.76,0.76,0.76,0.76,0.76,0.76,0.76,0.76,0.76,0.76,0.76,0.76,0.76,0.76,0.76,0.76,0.76,0.76,0.76,0.76,0.76,0.76,0.76,0.76,0.76,0.76,0.76,0.76,0.76,0.76,0.76,0.76,0.76,0.76,0.76,0.76,0.76,0.76,0.76,0.76,0.76,0.76,0.76,0.76,0.76,0.76,0.76,0.76,0.76,0.76,0.76,0.76,0.76,0.76,0.76,0.76,0.76,0.76,0.76,0.76,0.76,0.76,0.76,0.76,0.76,0.76,0.76,0.76,0.76,0.76,0.76,0.76,0.76,0.76,0.76,0.76,0.76,0.76,0.76,0.76,0.76,0.76,0.76,0.76,0.76,0.76,0.76,0.76,0.76,0.76,0.76,0.76,0.76,0.76,0.76,0.76,0.76,0.76,0.76,0.76,0.76,0.76,0.76,0.76,0.76,0.76,0.76,0.76,0.76,0.76,0.76,0.76,0.76,0.76,0.76,0.76,0.76,0.76,0.76,0.76,0.76,0.76,0.76,0.76,0.76,0.76,0.76,0.76,0.76,0.76,0.76,0.76,0.76,0.76,0.76,0.76,0.76,0.76,0.76,0.76,0.76,0.76,0.76,0.76,0.76,0.76,0.76,0.76,0.76,0.76,0.76,0.76,0.76,0.76,0.76,0.76,0.76,0.76,0.76,0.76,0.76,0.76,0.76,0.76,0.76,0.76,0.76,0.76,0.76,0.76,0.76,0.76,0.76,0.76,0.76,0.76,0.76,0.76,0.76,0.76,0.76,0.76,0.76,0.76,0.76,0.76,0.76,0.76,0.76,0.76,0.76,0.76,0.76,0.76,0.76,0.76,0.76,0.76,0.76,0.76,0.76,0.76,0.76,0.76,0.76,0.76,0.76,0.76,0.76,0.76,0.76,0.76,0.76,0.76,0.76,0.76,0.76,0.76,0.76,0.76,0.76,0.76,0.76
H(μ_τ),1.3040114826148388,1.296859025461244,1.3862943611198906,1.3862943611198906,1.3862943611198906,1.3728447320485944,1.3727983203188505,1.3845987191707998,1.3726114447323263,1.3406576838428852,1.2935070403626623,1.237467408966014,1.1773768461301397,1.116352724808356,1.057096778225547,1.0009163445257276,1.125221998193466,1.0695788268676707,1.0164227638423233,1.132755745564963,1.0810703328834226,1.1884555434398636,1.1399941605648607,1.091885660253225,1.0451023748849892,1.0002109176335434,0.9574945783424806,0.9170487877054179,0.8788500798918617,0.9725841618748301,0.9341250586233167,0.8973656165781903,0.8625377578061795,0.8293364477741617,0.7976896397025315,0.7676906163556454,0.7391977278516537,0.7120697744971836,0.6861710815714541,0.6612260650103046,0.6372834081503573,0.6142373978717648,0.5919954856662599,0.57033547981056,0.5493420434039795,0.5289587976735891,0.5091402382275199,0.489850504842856,0.4709588926842128,0.45255472938115676,0.4346229474845251,0.41715336966642824,0.4001396383195348,0.38357826300760683,0.3674677901396818,0.3518080936989617,0.3365997818378917,0.3857634626138644,0.3697101357943909,0.3540841629356192,0.3388897838618472,0.324131018273324,0.309811332360214,0.2959333882871565,0.2824988657674617,0.26950834524163636,0.3120261901861772,0.29811891662199586,0.2846463398087907,0.27161068409933564,0.2589303601119349,0.3002441392520336,0.2867332543782706,0.2736527442127739,0.2609219881988186,0.4501945679262872,0.4336752466131676,0.41736286779130305,0.40128907832537253,0.3854833569040808,0.36997273624882726,0.3547816139655815,0.33993164068562914,0.3254416743905846,0.3113277903408727,0.29760333674212314,0.28427902712223474,0.27136306129785637,0.25877943875762044,0.2998316353703047,0.2864507541819551,0.273474886624622,0.2608283737032178,0.2486033302603799,0.23680193606049635,0.225424373280282,0.21446901360883164,0.20393260310713884,0.19375750654256746,0.18399502617927083,0.21594992285198789,0.20535816484119102,0.19512769271341052,0.18531035834823845,0.175899174267846,0.16688614593965118,0.15826242403306814,0.1500184455088503,0.14214406344612546,0.13462866571289614,0.12746128274371024,0.15108773642003687,0.14316543834912404,0.13560345827148487,0.12839088668002963,0.12151653810105235,0.11496904028013961,0.13658456299310787,0.12932657350209986,0.12240824800425516,0.1452278184150334,0.13757198321802996,0.1302683514517272,0.12330582662700361,0.11667309805965743,0.1385657250174204,0.13121623098572258,0.12420928787742226,0.11753361651871679,0.13956579683228656,0.1321702244836323,0.12511864722715793,0.11839981808184089,0.11200233478876652,0.10591471627740495,0.10012547008317983,0.09462315138162058,0.08939641429797347,0.08443405613572971,0.07972505514525074,0.07525860242637225,0.07102412852805914,0.06701132527511766,0.06321016331767645,0.05961090586443224,0.056204119026178126,0.05298067916238247,0.04993177759094738,0.047048922990030016,0.044323941791124526,0.04174897683463914,0.039316484532984364,0.037019230761778724,0.044676529509406766,0.04208211168575824,0.03963114866690727,0.04779784733675202,0.045031774371512234,0.04241777007693822,0.03994820823246549,0.04817652266312586,0.05798789468010803,0.06964781286520522,0.065707453974549,0.07879299806650224,0.0942388959052179,0.08903162223225683,0.08408790139641431,0.07939673180462004,0.07494732563644148,0.07072913530769206,0.066731875155005,0.06294553884268554,0.07552386899519903,0.07127561619491117,0.06724964106574027,0.08061698935319979,0.07610450534650334,0.09107111779711954,0.08602389013330072,0.08123356227359192,0.09711192697071037,0.09176034857620186,0.08667822799977636,0.08185446424064416,0.0772781536240143,0.07293861907133893,0.06882543430016952,0.06492844347622077,0.07787121414139274,0.07350088567438645,0.06935827406847414,0.06543318674245775,0.06171571528314089,0.05819624788166304,0.06989494022047481,0.06594158193318678,0.06219713648256199,0.058651952184930106,0.05529668208910253,0.052122290654943844,0.049120057870605846,0.04628158113247917,0.05573106691813361,0.05253319585485111,0.04950862157277444,0.012221525393946296,0.01486525906585739,0.013966058870507716,0.013119815198805807,0.012323531042189879,0.011574368213733333,0.01408219932530904,0.01322910850020447,0.012426365331429698,0.0116711110058785,0.01096063909666407,0.01029238837034839,0.00966393583932918,0.009072990061966667,0.008517384691294599,0.01885504484824795,0.017722388567288017,0.016655766098611656,0.015651500181302246,0.014706102767770367,0.00345030626325027,0.003235117560538331,0.003957316944341284,0.0037110603067468445,0.0034798819772625493,0.004255655036128813,0.005200619704800039,0.0015534532719705765,0.0014554574430399724,0.0013635678969139095,0.0012774100596792172,0.0015669290844734843,0.0014680940808807067,0.0013754167911457428,0.0012885195557320863,0.001207047400522255,0.0014808390090402229,0.001815742034190701,0.0017014326008785443,0.0015942277537472423,0.0014936931368342405,0.0013994203726719705,0.0013110255557749627,0.0012281478295058197,0.0015066573814258024,0.0018473115700122329,0.0017310414341923743,0.001621995635694171,0.0019883198834753425,0.0018632987322762527,0.0017460358883592884,0.0016360579955596634,0.0015329199289900982,0.001879422328271161,0.0017611584493034422,0.001650240632416969,0.00787681178169735,0.007392966215067895,0.006938236847176206,0.006510921287460359,0.007943262271810067,0.007455422104206184,0.006996931338273343,0.0065660745602592755,0.006161232335727459,0.0075183940738993,0.007056111743816405,0.006621685269567105,0.006213482780120762,0.005829964044144562,0.007115781964300983,0.006677757097360237,0.008145919430465696,0.00764590281021745,0.007175945930235498,0.008750901498774895,0.010661860991544717,0.010011393856401537,0.009399701887220757,0.008824549413028458,0.008283823099123308,0.007775525852444321,0.007297770971734828,0.006848776539106642,0.0064268600487853095,0.006030433268117813,0.0056579973253669605,0.0053081380183595105,0.004979521337711852,0.006081596771024638,0.005706062241838558,0.005353287195154178,0.005021927236323973,0.004710714449121297,0.004418453278649427,0.005398812926270344,0.001232575860151942,0.0011545993455333156,0.0010814990865550059,0.0010129745785112249,0.0009487434841890264,0.0008885405639929128,0.0008321166667005922,0.0010218095652722806,0.0012541170099581221,0.0015384310350151941,0.001441371049051961,0.0013503599322908758,0.001265026565857942,0.0015517784591317597,0.001453887136829328,0.0017827839539723035,0.0016705223391286941,0.0020476358123155784,0.0019189369125681929,0.0017982204615977655,0.002203697548555882,0.002065330939710034,0.002530008492476172,0.0030972980344506442,0.002903797013383596,0.0035533175209187828,0.004345145092469411,0.004075183714457885,0.0038217176148647113,0.0035837611985926154,0.003360385916798138,0.0031507171229869096,0.0029539310881575905,0.002769252168320941,0.0025959501178478973,0.0031777655236816743,0.0029793165777768664,0.0036454198261079733,0.0034182643720370607,0.0032050423184515338,0.0030049167131810306,0.0028170994258353813,0.0026408483988522745,0.0024754651659222404,0.0023202922418192372,0.002174710916547582,0.002663583404641779,0.0032602886496211486,0.003056768039218971,0.0028657601692855246,0.002686511087627684,0.0025183109483103284,0.003083022799580711,0.003771881824973458,0.0035369775111498275,0.0033164713599111717,0.003109499423687799,0.003804165106755633,0.003567283571103351,0.003344918723774857,0.0031361997164199005,0.002940306328615452,0.0027564662572004462,0.0033736060266804286,0.003163125526166487,0.0029655766067313706,0.0036286635293691543,0.0034025352471719213,0.003190278716124197,0.002991060576186629,0.0028040960889327915,0.0034317083795924073,0.004196944640748694,0.0039360357121346196,0.004811400450831508,0.0045130047270346575,0.004232798661286492,0.005172790542054456,0.006316699601566569,0.005926935424172679,0.005560769681274669,0.005216810392180481,0.004893744561563847,0.004590334080910384,0.00430541153282815,0.00403787649811679,0.003786691885640864,0.003550880475150427,0.004342175326819768,0.004072395308248013,0.003819099736517857,0.003581303643790257,0.0033580790737356776,0.0031485519394332624,0.002951899040232304,0.0027673452309053964,0.003386877362460917,0.0031755820651536123,0.0029772673538156135
ΔH,0.010265249093058593,0.017765512145871964,0.026225920649660006,0.02871056051203147,0.026586207632889103,0.02453771057796761,0.02584060559229817,0.025335229418652183,0.024012248815469484,0.02216785398944543,0.0197970153241942,0.01742104889978946,0.015267651559405238,0.013317027651255087,0.011671435666334329,0.01032109508224277,0.013840240632484901,0.012369568524173369,0.011153015691169,0.014496709939897379,0.013206969699973703,0.016709048391043035,0.015394978216637822,0.014260954025649086,0.013306555520250285,0.012518907408606728,0.01187922787449991,0.011366942967614424,0.010961983499490624,0.01284917683105502,0.01199609868189122,0.011201999704799404,0.010517231201628063,0.009905875323555136,0.009330359232449292,0.008812180205953646,0.008342554365617594,0.007913926349951805,0.0075351981303934945,0.007166757795023515,0.006823430700530153,0.006501381947517482,0.006205965128540769,0.0059151340978773614,0.005638122934747081,0.005373290628718941,0.005119357679268299,0.004882663477410343,0.004645973178187157,0.0044180453961960575,0.004198448028847612,0.003986862954938719,0.0037830559177968737,0.0035868520141055793,0.0033981160488976703,0.0032167370657246175,0.0030426164181477366,0.0036130098293897794,0.0034246731221209137,0.0032433795140799915,0.003069090678645303,0.002901761926968005,0.0027413372300053584,0.0025877460084474113,0.002440901338891688,0.002302947202383332,0.002766358990444917,0.0026120982514354907,0.0024644984598243824,0.002325748962376195,0.0021901801245843844,0.0026358421947400013,0.0024874892718294017,0.0023479527152453494,0.0022115283639389527,0.004395841451068583,0.004193689590419103,0.003995848750409203,0.0038027400698325553,0.003614734739405101,0.0034321518639318094,0.0032552578561018675,0.0030842670837279984,0.0029193435177626292,0.002760603155069208,0.0026081170167702172,0.0024619145496305728,0.0023242454593923045,0.002189533021030199,0.0026329194854027294,0.002485759243739394,0.002347140627544153,0.0022114389971310544,0.002081988834612719,0.001958694848539083,0.001841437296260684,0.0017300754418797804,0.001626161150679789,0.0015254602691700814,0.0014302066679050818,0.0017450746246585047,0.00164041159036582,0.001538960271731754,0.0014429793961197035,0.0013522750022008367,0.001266646577248759,0.0011858893449453456,0.0011097962844015263,0.0010381598940456538,0.0009707737163284769,0.0009074336405341943,0.0011196102620716353,0.0010473982049332142,0.0009794629185280734,0.0009156000591007407,0.0008556085645187311,0.0007992915969579628,0.0009882248842721653,0.0009238354667570337,0.0008633434654826411,0.0010661050707913011,0.0009970599219011334,0.000932140197524578,0.0008711440551580213,0.0008138736056142737,0.0010059683632905603,0.0009405146045691759,0.0008790106997871999,0.0008212582436973731,0.0010149505606924791,0.0009489590576962914,0.0008869437793007501,0.0008287058126454777,0.0007740507962797488,0.000722789628490636,0.0006747390280071597,0.0006297219640680196,0.0005875679717367716,0.0005481133671985661,0.0005112013765731643,0.00047668219058807915,0.0004444129562829885,0.0004142577157902616,0.000386087301160673,0.00035977919319612334,0.0003352173513087517,0.0003122920205621965,0.000290899521253378,0.0002709420256764017,0.00025232732605370845,0.00023496859703982242,0.0002187841556772971,0.00020369722122560302,0.00025472193341884164,0.00023720145177928698,0.0002208658015571338,0.0002761009944673917,0.0002571388263998692,0.0002394551429939079,0.00022296692176976968,0.00027871642818810827,0.00034803610871575463,0.0004340234650740127,0.00040455118973720117,0.0005039587683504654,0.0006266045734894671,0.0005846501929809012,0.0005453835595081308,0.0005086484340325326,0.0004742955358971179,0.0004421825319738393,0.0004121739732507873,0.00038414118781363027,0.0004787195379855058,0.0004463174358913524,0.0004160373453053756,0.0005181538260884827,0.0004831832635126404,0.0006010109671413244,0.000560694193473793,0.0005229702323320817,0.0006500066749985101,0.0006065608759489444,0.0005658884758420746,0.0005278295694047391,0.0004922311890154241,0.00045894732610210487,0.0004278388947149131,0.0003987736468152453,0.0004968160469498301,0.0004632333892424373,0.0004318442107741072,0.0004025153635691392,0.00037512043146391283,0.00034953957720493256,0.00043588575970204824,0.00040629108907368205,0.00037864671572374053,0.0003528319399906804,0.0003287324867257413,0.00030624030760970783,0.00028525336724183337,0.000265675417470794,0.0003318338729985798,0.0003091345327299738,0.0002879536250465081,5.577832530130264e-05,6.99466790136747e-05,6.50726620324664e-05,6.05367374685601e-05,5.6315660285802954e-05,5.238775570079804e-05,6.56990929089555e-05,6.111970269434205e-05,5.685814992321958e-05,5.2892557610970115e-05,4.920252992978921e-05,4.576905526227672e-05,4.257441514674172e-05,3.960209881769157e-05,3.6836723052458345e-05,9.219516305951012e-05,8.578078760501998e-05,7.981001416707337e-05,7.425252374337887e-05,6.908002113626376e-05,1.320375219656571e-05,1.2280057948794998e-05,1.541206158146846e-05,1.4334045525979649e-05,1.3331357877377145e-05,1.673115944600661e-05,2.099663340444924e-05,5.401031600728691e-06,5.022987170180595e-06,4.671394817380757e-06,4.3444048881788495e-06,5.453259020927201e-06,5.071560431084941e-06,4.716569393328155e-06,4.386418420073215e-06,4.079370438007891e-06,5.120603318252079e-06,6.42747753607756e-06,5.977619240363956e-06,5.5592335552485245e-06,5.170120356308991e-06,4.8082330876839455e-06,4.471668075422923e-06,4.158654577941746e-06,5.220116114221978e-06,6.5523750501731565e-06,6.093779373725914e-06,5.667267004262448e-06,7.113585771727996e-06,6.615730718570901e-06,6.152702943541637e-06,5.722068252276332e-06,5.321562297317837e-06,6.679698765414991e-06,6.2121960801031235e-06,5.77739924476333e-06,3.3685175248225965e-05,3.133200640610331e-05,2.914286724325487e-05,2.7106372131355944e-05,3.401021984587166e-05,3.163439776444725e-05,2.9424177187243293e-05,2.7368064360541906e-05,2.5455356634851607e-05,3.193970064974995e-05,2.9708196573535912e-05,2.7632277858023573e-05,2.570114009675488e-05,2.3904723329548107e-05,2.9994951377685167e-05,2.7899036810319182e-05,3.500424490089811e-05,3.255915283901633e-05,3.0284467821153557e-05,3.799546634515594e-05,4.766285203115783e-05,4.4336464571869544e-05,4.1241510481588445e-05,3.8361984192943066e-05,3.568297405289432e-05,3.319058931460471e-05,3.087189176758081e-05,2.8714831735209348e-05,2.6708188195784764e-05,2.484151278261959e-05,2.3105077816772818e-05,2.148982578624621e-05,1.9987326184522057e-05,2.508138044231365e-05,2.332820770203567e-05,2.16973821247652e-05,2.0180392678603026e-05,1.8769334515662643e-05,1.7456769810411492e-05,2.190693985397278e-05,4.175313896858518e-06,3.883039244446549e-06,3.611218518063822e-06,3.3584210298687016e-06,3.1233161053963654e-06,2.904666049349542e-06,2.7013197157138916e-06,3.390902111284795e-06,4.256462726940106e-06,5.3428710420559515e-06,4.9688978169986405e-06,4.621096214151889e-06,4.297626492041733e-06,5.394538145937896e-06,5.016954681308881e-06,6.297377909062277e-06,5.856623329451253e-06,7.35126875335123e-06,6.836759174515868e-06,6.3582710689914e-06,7.980841960601379e-06,7.4223425927397516e-06,9.31623236985913e-06,1.1692975338467755e-05,1.0874885513034987e-05,1.3648865720122111e-05,1.712953493629172e-05,1.5931530977584228e-05,1.4817220476298545e-05,1.3780769026298934e-05,1.2816747261129406e-05,1.1920103327501402e-05,1.1086135355004544e-05,1.0310469639787049e-05,9.589056248556112e-06,1.203531472758956e-05,1.1193292930471166e-05,1.4048408130603977e-05,1.3065682473251562e-05,1.2151638685690015e-05,1.130148541961815e-05,1.051078288113105e-05,9.775316906395284e-06,9.091304728790512e-06,8.455130330288323e-06,7.863440982744125e-06,9.86981493584756e-06,1.2387667268489583e-05,1.1521032921798114e-05,1.0714937625653977e-05,9.96522556171494e-06,9.267938768882378e-06,1.1632363047553527e-05,1.4599364168991092e-05,1.3578157181529712e-05,1.2628265668539022e-05,1.1744797244259055e-05,1.4740443066987245e-05,1.3709374978023662e-05,1.275031671350152e-05,1.1858316983373585e-05,1.1028674551096136e-05,1.0257026235172516e-05,1.2873546081533776e-05,1.1972932810707868e-05,1.1135277279344241e-05,1.3975601823515774e-05,1.2997965052591928e-05,1.2088660325146935e-05,1.1242909557670783e-05,1.0456283431863316e-05,1.312359063039472e-05,1.647046115516807e-05,1.5318500335080934e-05,1.9224352380224803e-05,1.7880054249333824e-05,1.6629600220883188e-05,2.0869232044922956e-05,2.6187614452847542e-05,2.4357256629626428e-05,2.2654613874843743e-05,2.1070824958412983e-05,1.959754774588998e-05,1.8227171965702095e-05,1.6952499675400648e-05,1.576686850141007e-05,1.466406264225657e-05,1.3638313668287369e-05,1.7116295086347898e-05,1.5919216135011453e-05,1.480576615163617e-05,1.3770115184434661e-05,1.280683805584366e-05,1.1910886433080109e-05,1.107756290087995e-05,1.030249658298156e-05,1.2930611870080183e-05,1.202600896626745e-05,1.1184637755137783e-05
Γ_τ(μ_τ) feasible,False,False,False,True,True,True,True,True,True,True,True,True,True,True,True,True,True,True,True,True,True,True,True,True,True,True,True,True,True,True,True,True,True,True,True,True,True,True,True,True,True,True,True,True,True,True,True,True,True,True,True,True,True,True,True,True,True,True,True,True,True,True,True,True,True,True,True,True,True,True,True,True,True,True,True,True,True,True,True,True,True,True,True,True,True,True,True,True,True,True,True,True,True,True,True,True,True,True,True,True,True,True,True,True,True,True,True,True,True,True,True,True,True,True,True,True,True,True,True,True,True,True,True,True,True,True,True,True,True,True,True,True,True,True,True,True,True,True,True,True,True,True,True,True,True,True,True,True,True,True,True,True,True,True,True,True,True,True,True,True,True,True,True,True,True,True,True,True,True,True,True,True,True,True,True,True,True,True,True,True,True,True,True,True,True,True,True,True,True,True,True,True,True,True,True,True,True,True,True,True,True,True,True,True,True,True,True,True,True,True,True,True,True,True,True,True,True,True,True,True,True,True,True,True,True,True,True,True,True,True,True,True,True,True,True,True,True,True,True,True,True,True,True,True,True,True,True,True,True,True,True,True,True,True,True,True,True,True,True,True,True,True,True,True,True,True,True,True,True,True,True,True,True,True,True,True,True,True,True,True,True,True,True,True,True,True,True,True,True,True,True,True,True,True,True,True,True,True,True,True,True,True,True,True,True,True,True,True,True,True,True,True,True,True,True,True,True,True,True,True,True,True,True,True,True,True,True,True,True,True,True,True,True,True,True,True,True,True,True,True,True,True,True,True,True,True,True,True,True,True,True,True,True,True,True,True,True,True,True,True,True,True,True,True,True,True,True,True,True,True,True,True,True,True,True,True,True,True,True,True,True,True,True,True,True,True,True,True,True,True,True,True,True,True,True,True,True,True,True,True,True
IR^K(FARC) OK,Yes,No,Yes,Yes,Yes,Yes,Yes,Yes,Yes,Yes,Yes,Yes,Yes,Yes,Yes,Yes,Yes,Yes,Yes,Yes,Yes,Yes,Yes,Yes,Yes,Yes,Yes,Yes,Yes,Yes,Yes,Yes,Yes,Yes,Yes,Yes,Yes,Yes,Yes,Yes,Yes,Yes,Yes,Yes,Yes,Yes,Yes,Yes,Yes,Yes,Yes,Yes,Yes,Yes,Yes,Yes,Yes,Yes,Yes,Yes,Yes,Yes,Yes,Yes,Yes,Yes,Yes,Yes,Yes,Yes,Yes,Yes,Yes,Yes,Yes,Yes,Yes,Yes,Yes,Yes,Yes,Yes,Yes,Yes,Yes,Yes,Yes,Yes,Yes,Yes,Yes,Yes,Yes,Yes,Yes,Yes,Yes,Yes,Yes,Yes,Yes,Yes,Yes,Yes,Yes,Yes,Yes,Yes,Yes,Yes,Yes,Yes,Yes,Yes,Yes,Yes,Yes,Yes,Yes,Yes,Yes,Yes,Yes,Yes,Yes,Yes,Yes,Yes,Yes,Yes,Yes,Yes,Yes,Yes,Yes,Yes,Yes,Yes,Yes,Yes,Yes,Yes,Yes,Yes,Yes,Yes,Yes,Yes,Yes,Yes,Yes,Yes,Yes,Yes,Yes,Yes,Yes,Yes,Yes,Yes,Yes,Yes,Yes,Yes,Yes,Yes,Yes,Yes,Yes,Yes,Yes,Yes,Yes,Yes,Yes,Yes,Yes,Yes,Yes,Yes,Yes,Yes,Yes,Yes,Yes,Yes,Yes,Yes,Yes,Yes,Yes,Yes,Yes,Yes,Yes,Yes,Yes,Yes,Yes,Yes,Yes,Yes,Yes,Yes,Yes,Yes,Yes,Yes,Yes,Yes,Yes,Yes,Yes,Yes,Yes,Yes,Yes,Yes,Yes,Yes,Yes,Yes,Yes,Yes,Yes,Yes,Yes,Yes,Yes,Yes,Yes,Yes,Yes,Yes,Yes,Yes,Yes,Yes,Yes,Yes,Yes,Yes,Yes,Yes,Yes,Yes,Yes,Yes,Yes,Yes,Yes,Yes,Yes,Yes,Yes,Yes,Yes,Yes,Yes,Yes,Yes,Yes,Yes,Yes,Yes,Yes,Yes,Yes,Yes,Yes,Yes,Yes,Yes,Yes,Yes,Yes,Yes,Yes,Yes,Yes,Yes,Yes,Yes,Yes,Yes,Yes,Yes,Yes,Yes,Yes,Yes,Yes,Yes,Yes,Yes,Yes,Yes,Yes,Yes,Yes,Yes,Yes,Yes,Yes,Yes,Yes,Yes,Yes,Yes,Yes,Yes,Yes,Yes,Yes,Yes,Yes,Yes,Yes,Yes,Yes,Yes,Yes,Yes,Yes,Yes,Yes,Yes,Yes,Yes,Yes,Yes,Yes,Yes,Yes,Yes,Yes,Yes,Yes,Yes,Yes,Yes,Yes,Yes,Yes,Yes,Yes,Yes,Yes,Yes,Yes,Yes,Yes,Yes,Yes,Yes,Yes,Yes,Yes,Yes,Yes,Yes,Yes,Yes,Yes,Yes,Yes,Yes,Yes,Yes,Yes,Yes,Yes,Yes,Yes,Yes,Yes,Yes,Yes,Yes,Yes,Yes,Yes,Yes,Yes,Yes,Yes,Yes,Yes,Yes,Yes,Yes,Yes,Yes,Yes,Yes,Yes,Yes,Yes,Yes,Yes,Yes
-sgn(κ_h(DC)),0,1,1,-1,-1,-1,1,1,-1,-1,-1,1,1,1,-1,1,1,1,1,-1,-1,-1,-1,1,-1,-1,1,-1,-1,1,1,-1,-1,-1,1,-1,-1,-1,-1,1,1,1,1,1,-1,-1,-1,1,1,1,1,1,-1,1,-1,-1,1,-1,-1,-1,-1,-1,-1,1,-1,1,-1,1,1,1,-1,-1,1,1,1,-1,-1,1,-1,1,-1,1,-1,-1,-1,1,-1,-1,-1,1,1,-1,-1,1,-1,1,1,-1,-1,-1,1,1,-1,1,1,1,-1,-1,1,1,1,-1,-1,-1,1,1,-1,1,-1,-1,-1,-1,-1,1,1,1,-1,1,-1,1,-1,-1,-1,-1,1,1,-1,1,-1,1,-1,-1,1,-1,1,1,-1,1,1,1,-1,-1,-1,-1,-1,-1,1,-1,1,-1,1,1,1,1,-1,1,1,-1,1,-1,1,1,-1,-1,1,1,1,-1,-1,1,-1,-1,-1,-1,-1,1,-1,-1,-1,1,-1,1,-1,1,1,-1,1,-1,1,-1,1,-1,1,-1,-1,1,-1,1,-1,1,1,1,-1,-1,1,-1,1,1,-1,-1,1,-1,1,-1,1,-1,-1,1,-1,1,-1,1,-1,-1,1,1,-1,1,-1,1,-1,1,1,-1,1,-1,-1,-1,1,1,1,1,-1,1,1,1,-1,-1,-1,-1,1,-1,-1,-1,1,-1,1,1,-1,1,-1,1,1,1,-1,-1,1,1,1,-1,-1,-1,-1,-1,1,1,-1,-1,-1,-1,1,-1,-1,-1,1,-1,1,1,-1,-1,-1,1,1,-1,-1,-1,-1,-1,1,1,-1,-1,1,1,-1,-1,1,-1,1,-1,1,1,-1,-1,1,-1,1,1,1,1,-1,1,-1,1,-1,1,-1,-1,-1,-1,1,1,1,1,1,1,-1,-1,1,-1,-1,-1,1,-1,-1,1,1,-1,-1,-1,-1,1,-1,1,1,-1,1,-1,-1,-1,1,-1,-1,-1,-1,-1,-1,1,1,1,-1,-1,-1,1,-1,1,1,-1,1,-1,-1,1,-1,-1,1,-1,-1,-1,-1,-1,1
-sgn(κ_h(PAR)),0,-1,-1,-1,-1,-1,-1,-1,-1,-1,-1,-1,-1,-1,-1,-1,-1,-1,-1,-1,-1,-1,-1,-1,-1,-1,-1,-1,-1,-1,-1,-1,-1,-1,-1,-1,-1,-1,-1,-1,-1,-1,-1,-1,-1,-1,-1,-1,-1,-1,-1,-1,-1,-1,-1,-1,-1,-1,-1,-1,-1,-1,-1,-1,-1,-1,-1,-1,-1,-1,-1,-1,-1,-1,-1,-1,-1,-1,-1,-1,-1,-1,-1,-1,-1,-1,-1,-1,-1,-1,-1,-1,-1,-1,-1,-1,-1,-1,-1,-1,-1,-1,-1,-1,-1,-1,-1,-1,-1,-1,-1,-1,-1,-1,-1,-1,-1,-1,-1,-1,-1,-1,-1,-1,-1,-1,-1,-1,-1,-1,-1,-1,-1,-1,-1,-1,-1,-1,-1,-1,-1,-1,-1,-1,-1,-1,-1,-1,-1,-1,-1,-1,-1,-1,-1,-1,-1,-1,-1,-1,-1,-1,-1,-1,-1,-1,-1,-1,-1,-1,-1,-1,-1,-1,-1,-1,-1,-1,-1,-1,-1,-1,-1,-1,-1,-1,-1,-1,-1,-1,-1,-1,-1,-1,-1,-1,-1,-1,-1,-1,-1,-1,-1,-1,-1,-1,-1,-1,-1,-1,-1,-1,-1,-1,-1,-1,-1,-1,-1,-1,-1,-1,-1,-1,-1,-1,-1,-1,-1,-1,-1,-1,-1,-1,-1,-1,-1,-1,-1,-1,-1,-1,-1,-1,-1,-1,-1,-1,-1,-1,-1,-1,-1,-1,-1,-1,-1,-1,-1,-1,-1,-1,-1,-1,-1,-1,-1,-1,-1,-1,-1,-1,-1,-1,-1,-1,-1,-1,-1,-1,-1,-1,-1,-1,-1,-1,-1,-1,-1,-1,-1,-1,-1,-1,-1,-1,-1,-1,-1,-1,-1,-1,-1,-1,-1,-1,-1,-1,-1,-1,-1,-1,-1,-1,-1,-1,-1,-1,-1,-1,-1,-1,-1,-1,-1,-1,-1,-1,-1,-1,-1,-1,-1,-1,-1,-1,-1,-1,-1,-1,-1,-1,-1,-1,-1,-1,-1,-1,-1,-1,-1,-1,-1,-1,-1,-1,-1,-1,-1,-1,-1,-1,-1,-1,-1,-1,-1,-1,-1,-1,-1,-1,-1,-1,-1,-1,-1,-1,-1,-1,-1,-1,-1,-1,-1,-1,-1,-1,-1,-1,-1,-1,-1,-1,-1,-1,-1,-1,-1,-1,-1
-sgn(κ_h(ELN)),0,1,1,-1,-1,-1,-1,-1,-1,-1,-1,1,1,1,-1,1,1,1,1,-1,-1,-1,-1,1,-1,-1,1,-1,-1,1,1,-1,-1,-1,1,-1,-1,-1,-1,1,1,1,1,1,-1,-1,-1,1,1,1,1,1,-1,1,-1,-1,1,-1,-1,-1,-1,-1,-1,1,-1,1,-1,1,1,1,-1,-1,1,1,1,-1,-1,1,-1,1,-1,1,-1,-1,-1,1,-1,-1,-1,1,1,-1,-1,1,-1,1,1,-1,-1,-1,1,1,-1,1,1,1,-1,-1,1,1,1,-1,-1,-1,1,1,-1,1,-1,-1,-1,-1,-1,1,1,1,-1,1,-1,1,-1,-1,-1,-1,1,1,-1,1,-1,1,-1,-1,1,-1,1,1,-1,1,1,1,-1,-1,-1,-1,-1,-1,1,-1,1,-1,1,1,1,1,-1,1,1,-1,1,-1,1,1,-1,-1,1,1,1,-1,-1,1,-1,-1,-1,-1,-1,1,-1,-1,-1,1,-1,1,-1,1,1,-1,1,-1,1,-1,1,-1,1,-1,-1,1,-1,1,-1,1,1,1,-1,-1,1,-1,1,1,-1,-1,1,-1,1,-1,1,-1,-1,1,-1,1,-1,1,-1,-1,1,1,-1,1,-1,1,-1,1,1,-1,1,-1,-1,-1,1,1,1,1,-1,1,1,1,-1,-1,-1,-1,1,-1,-1,-1,1,-1,1,1,-1,1,-1,1,1,1,-1,-1,1,1,1,-1,-1,-1,-1,-1,1,1,-1,-1,-1,-1,1,-1,-1,-1,1,-1,1,1,-1,-1,-1,1,1,-1,-1,-1,-1,-1,1,1,-1,-1,1,1,-1,-1,1,-1,1,-1,1,1,-1,-1,1,-1,1,1,1,1,-1,1,-1,1,-1,1,-1,-1,-1,-1,1,1,1,1,1,1,-1,-1,1,-1,-1,-1,1,-1,-1,1,1,-1,-1,-1,-1,1,-1,1,1,-1,1,-1,-1,-1,1,-1,-1,-1,-1,-1,-1,1,1,1,-1,-1,-1,1,-1,1,1,-1,1,-1,-1,1,-1,-1,1,-1,-1,-1,-1,-1,1
-sgn(κ_h(FARC)),0,1,1,-1,-1,-1,-1,-1,-1,-1,-1,1,1,1,-1,-1,-1,-1,1,-1,-1,-1,-1,-1,-1,-1,-1,-1,-1,1,-1,-1,-1,-1,-1,-1,-1,-1,-1,-1,-1,-1,-1,-1,-1,-1,-1,-1,-1,-1,-1,-1,-1,-1,-1,-1,-1,-1,-1,-1,-1,-1,-1,-1,-1,-1,-1,1,-1,1,-1,-1,-1,1,1,-1,-1,1,-1,-1,-1,-1,-1,-1,-1,-1,-1,-1,-1,-1,-1,-1,-1,1,-1,-1,-1,-1,-1,-1,-1,-1,-1,-1,-1,-1,-1,-1,-1,-1,-1,-1,-1,-1,-1,-1,-1,-1,-1,-1,-1,-1,-1,-1,-1,-1,-1,-1,-1,-1,-1,-1,-1,-1,-1,-1,-1,-1,-1,-1,-1,-1,-1,-1,-1,-1,-1,-1,-1,-1,-1,-1,-1,-1,-1,-1,-1,-1,-1,-1,-1,-1,-1,-1,-1,-1,-1,-1,-1,-1,-1,-1,-1,-1,-1,-1,-1,-1,-1,-1,-1,-1,-1,-1,-1,-1,-1,-1,-1,-1,-1,-1,-1,-1,-1,-1,-1,-1,-1,-1,-1,-1,-1,-1,-1,-1,-1,-1,-1,-1,-1,-1,-1,-1,-1,-1,-1,-1,-1,-1,-1,-1,-1,-1,-1,-1,-1,-1,-1,-1,-1,-1,-1,-1,-1,-1,-1,-1,-1,-1,-1,-1,-1,-1,-1,-1,-1,-1,-1,-1,-1,-1,-1,-1,-1,-1,-1,-1,-1,-1,-1,-1,-1,-1,-1,-1,-1,-1,-1,-1,-1,-1,-1,-1,-1,-1,-1,-1,-1,-1,-1,-1,-1,-1,-1,-1,-1,-1,-1,-1,-1,-1,-1,-1,-1,-1,-1,-1,-1,-1,-1,-1,-1,-1,-1,-1,-1,-1,-1,-1,-1,-1,-1,-1,-1,-1,-1,-1,-1,-1,-1,-1,-1,-1,-1,-1,-1,-1,-1,-1,-1,-1,-1,-1,-1,-1,-1,-1,-1,-1,-1,-1,-1,-1,-1,-1,-1,-1,-1,-1,-1,-1,-1,-1,-1,-1,-1,-1,-1,-1,-1,-1,-1,-1,-1,-1,-1,-1,-1,-1,-1,-1,-1,-1,-1,-1,-1,-1,-1,-1,-1,-1,-1,-1,-1,-1,-1,-1,-1,-1,-1,-1,-1,-1,-1,-1,-1,-1,-1,-1,-1
m outcome,Continue Captivity (cont),Continue Captivity (cont),Continue Captivity (cont),Continue Captivity (cont),Continue Captivity (cont),Continue Captivity (cont),Continue Captivity (cont),Continue Captivity (cont),Continue Captivity (cont),Continue Captivity (cont),Continue Captivity (cont),Continue Captivity (cont),Continue Captivity (cont),Continue Captivity (cont),Continue Captivity (cont),Continue Captivity (cont),Continue Captivity (cont),Continue Captivity (cont),Continue Captivity (cont),Continue Captivity (cont),Continue Captivity (cont),Continue Captivity (cont),Continue Captivity (cont),Continue Captivity (cont),Continue Captivity (cont),Continue Captivity (cont),Continue Captivity (cont),Continue Captivity (cont),Continue Captivity (cont),Continue Captivity (cont),Continue Captivity (cont),Continue Captivity (cont),Continue Captivity (cont),Continue Captivity (cont),Continue Captivity (cont),Continue Captivity (cont),Continue Captivity (cont),Continue Captivity (cont),Continue Captivity (cont),Continue Captivity (cont),Continue Captivity (cont),Continue Captivity (cont),Continue Captivity (cont),Continue Captivity (cont),Continue Captivity (cont),Continue Captivity (cont),Continue Captivity (cont),Continue Captivity (cont),Continue Captivity (cont),Continue Captivity (cont),Continue Captivity (cont),Continue Captivity (cont),Continue Captivity (cont),Continue Captivity (cont),Continue Captivity (cont),Continue Captivity (cont),Continue Captivity (cont),Continue Captivity (cont),Continue Captivity (cont),Continue Captivity (cont),Continue Captivity (cont),Continue Captivity (cont),Continue Captivity (cont),Continue Captivity (cont),Continue Captivity (cont),Continue Captivity (cont),Continue Captivity (cont),Continue Captivity (cont),Continue Captivity (cont),Continue Captivity (cont),Continue Captivity (cont),Continue Captivity (cont),Continue Captivity (cont),Continue Captivity (cont),Victim Deceased (j=2),Continue Captivity (cont),Continue Captivity (cont),Continue Captivity (cont),Continue Captivity (cont),Continue Captivity (cont),Continue Captivity (cont),Continue Captivity (cont),Continue Captivity (cont),Continue Captivity (cont),Continue Captivity (cont),Continue Captivity (cont),Continue Captivity (cont),Continue Captivity (cont),Continue Captivity (cont),Continue Captivity (cont),Continue Captivity (cont),Continue Captivity (cont),Continue Captivity (cont),Continue Captivity (cont),Continue Captivity (cont),Continue Captivity (cont),Continue Captivity (cont),Continue Captivity (cont),Continue Captivity (cont),Continue Captivity (cont),Continue Captivity (cont),Continue Captivity (cont),Continue Captivity (cont),Continue Captivity (cont),Continue Captivity (cont),Continue Captivity (cont),Continue Captivity (cont),Continue Captivity (cont),Continue Captivity (cont),Continue Captivity (cont),Continue Captivity (cont),Continue Captivity (cont),Continue Captivity (cont),Continue Captivity (cont),Continue Captivity (cont),Continue Captivity (cont),Continue Captivity (cont),Continue Captivity (cont),Continue Captivity (cont),Continue Captivity (cont),Continue Captivity (cont),Continue Captivity (cont),Continue Captivity (cont),Continue Captivity (cont),Continue Captivity (cont),Continue Captivity (cont),Continue Captivity (cont),Continue Captivity (cont),Continue Captivity (cont),Continue Captivity (cont),Continue Captivity (cont),Continue Captivity (cont),Continue Captivity (cont),Continue Captivity (cont),Continue Captivity (cont),Continue Captivity (cont),Continue Captivity (cont),Continue Captivity (cont),Continue Captivity (cont),Continue Captivity (cont),Continue Captivity (cont),Continue Captivity (cont),Continue Captivity (cont),Continue Captivity (cont),Continue Captivity (cont),Continue Captivity (cont),Continue Captivity (cont),Continue Captivity (cont),Continue Captivity (cont),Continue Captivity (cont),Continue Captivity (cont),Continue Captivity (cont),Continue Captivity (cont),Continue Captivity (cont),Continue Captivity (cont),Continue Captivity (cont),Continue Captivity (cont),Continue Captivity (cont),Continue Captivity (cont),Continue Captivity (cont),Continue Captivity (cont),Continue Captivity (cont),Continue Captivity (cont),Continue Captivity (cont),Continue Captivity (cont),Continue Captivity (cont),Continue Captivity (cont),Continue Captivity (cont),Continue Captivity (cont),Continue Captivity (cont),Continue Captivity (cont),Continue Captivity (cont),Continue Captivity (cont),Continue Captivity (cont),Continue Captivity (cont),Continue Captivity (cont),Continue Captivity (cont),Continue Captivity (cont),Continue Captivity (cont),Continue Captivity (cont),Continue Captivity (cont),Continue Captivity (cont),Continue Captivity (cont),Continue Captivity (cont),Continue Captivity (cont),Continue Captivity (cont),Continue Captivity (cont),Continue Captivity (cont),Continue Captivity (cont),Continue Captivity (cont),Continue Captivity (cont),Continue Captivity (cont),Continue Captivity (cont),Continue Captivity (cont),Continue Captivity (cont),Continue Captivity (cont),Continue Captivity (cont),Continue Captivity (cont),Continue Captivity (cont),Continue Captivity (cont),Continue Captivity (cont),Continue Captivity (cont),Continue Captivity (cont),Continue Captivity (cont),Continue Captivity (cont),Tactical Rescue (j=3),Continue Captivity (cont),Continue Captivity (cont),Continue Captivity (cont),Continue Captivity (cont),Continue Captivity (cont),Continue Captivity (cont),Continue Captivity (cont),Continue Captivity (cont),Continue Captivity (cont),Continue Captivity (cont),Continue Captivity (cont),Continue Captivity (cont),Continue Captivity (cont),Continue Captivity (cont),Victim Deceased (j=2),Continue Captivity (cont),Continue Captivity (cont),Continue Captivity (cont),Continue Captivity (cont),Tactical Rescue (j=3),Continue Captivity (cont),Continue Captivity (cont),Continue Captivity (cont),Continue Captivity (cont),Continue Captivity (cont),Continue Captivity (cont),Tactical Rescue (j=3),Continue Captivity (cont),Continue Captivity (cont),Continue Captivity (cont),Continue Captivity (cont),Continue Captivity (cont),Continue Captivity (cont),Continue Captivity (cont),Continue Captivity (cont),Continue Captivity (cont),Continue Captivity (cont),Continue Captivity (cont),Continue Captivity (cont),Continue Captivity (cont),Continue Captivity (cont),Continue Captivity (cont),Continue Captivity (cont),Continue Captivity (cont),Continue Captivity (cont),Continue Captivity (cont),Continue Captivity (cont),Continue Captivity (cont),Continue Captivity (cont),Continue Captivity (cont),Continue Captivity (cont),Continue Captivity (cont),Continue Captivity (cont),Continue Captivity (cont),Continue Captivity (cont),Ransom Paid (j=1),Continue Captivity (cont),Continue Captivity (cont),Continue Captivity (cont),Continue Captivity (cont),Continue Captivity (cont),Continue Captivity (cont),Continue Captivity (cont),Continue Captivity (cont),Continue Captivity (cont),Continue Captivity (cont),Continue Captivity (cont),Continue Captivity (cont),Continue Captivity (cont),Continue Captivity (cont),Continue Captivity (cont),Continue Captivity (cont),Continue Captivity (cont),Continue Captivity (cont),Continue Captivity (cont),Continue Captivity (cont),Continue Captivity (cont),Continue Captivity (cont),Continue Captivity (cont),Continue Captivity (cont),Continue Captivity (cont),Continue Captivity (cont),Continue Captivity (cont),Continue Captivity (cont),Continue Captivity (cont),Continue Captivity (cont),Continue Captivity (cont),Continue Captivity (cont),Continue Captivity (cont),Continue Captivity (cont),Continue Captivity (cont),Continue Captivity (cont),Continue Captivity (cont),Continue Captivity (cont),Continue Captivity (cont),Tactical Rescue (j=3),Continue Captivity (cont),Continue Captivity (cont),Continue Captivity (cont),Continue Captivity (cont),Continue Captivity (cont),Continue Captivity (cont),Continue Captivity (cont),Continue Captivity (cont),Continue Captivity (cont),Continue Captivity (cont),Continue Captivity (cont),Continue Captivity (cont),Continue Captivity (cont),Continue Captivity (cont),Continue Captivity (cont),Continue Captivity (cont),Continue Captivity (cont),Continue Captivity (cont),Continue Captivity (cont),Continue Captivity (cont),Continue Captivity (cont),Continue Captivity (cont),Continue Captivity (cont),Continue Captivity (cont),Continue Captivity (cont),Continue Captivity (cont),Continue Captivity (cont),Continue Captivity (cont),Continue Captivity (cont),Continue Captivity (cont),Continue Captivity (cont),Continue Captivity (cont),Continue Captivity (cont),Continue Captivity (cont),Continue Captivity (cont),Continue Captivity (cont),Continue Captivity (cont),Continue Captivity (cont),Continue Captivity (cont),Continue Captivity (cont),Continue Captivity (cont),Continue Captivity (cont),Continue Captivity (cont),Continue Captivity (cont),Continue Captivity (cont),Continue Captivity (cont),Continue Captivity (cont),Continue Captivity (cont),Continue Captivity (cont),Continue Captivity (cont),Continue Captivity (cont),Continue Captivity (cont),Continue Captivity (cont),Continue Captivity (cont),Continue Captivity (cont),Continue Captivity (cont),Continue Captivity (cont),Continue Captivity (cont),Continue Captivity (cont),Continue Captivity (cont),Continue Captivity (cont),Continue Captivity (cont),Continue Captivity (cont),Continue Captivity (cont),Continue Captivity (cont),Continue Captivity (cont),Continue Captivity (cont),Continue Captivity (cont),Continue Captivity (cont),Continue Captivity (cont),Continue Captivity (cont),Continue Captivity (cont),Continue Captivity (cont),Continue Captivity (cont),Continue Captivity (cont),Continue Captivity (cont),Continue Captivity (cont),Continue Captivity (cont),Continue Captivity (cont),Continue Captivity (cont),Continue Captivity (cont),Continue Captivity (cont),Continue Captivity (cont),Continue Captivity (cont),Continue Captivity (cont),Continue Captivity (cont),Continue Captivity (cont),Continue Captivity (cont),Continue Captivity (cont),Continue Captivity (cont),Continue Captivity (cont),Continue Captivity (cont),Continue Captivity (cont),Continue Captivity (cont),Continue Captivity (cont),Continue Captivity (cont),Continue Captivity (cont),Continue Captivity (cont),Continue Captivity (cont)
v (m draw),0.35226495920122536,0.5213949903259231,0.8213098777999501,0.5945365485077074,0.34174718142066174,0.4790854699491166,0.44716423566360375,0.7006414457659214,0.37348373414854985,0.649606123066111,0.4121789911294754,0.583698547011064,0.46806518479745807,0.9765661746346155,0.8973239386679631,0.9463355005083524,0.5390930902573313,0.9566917254632982,0.8973102489974398,0.8726542083565235,0.9742409565815805,0.6069166418387774,0.46850271003908195,0.399603206451969,0.304358294093931,0.6734067670780877,0.489685500504757,0.8879283059162594,0.8306096981120199,0.6950866076179946,0.20600237609946792,0.31649086655395964,0.8398901544934049,0.8273371207406113,0.8365748622013213,0.6328981811162185,0.25316534386100287,0.8177429439148862,0.6599905589563242,0.05811140062905018,0.1340397537016983,0.17515484755416932,0.2801434972646296,0.20437851600663937,0.5479806606735189,0.8010948662625289,0.3438699838740288,0.45172903081091864,0.1492047134799277,0.8131348945376005,0.7166200488854549,0.007568728763769239,0.607179150447775,0.6355217534318337,0.5014600871009347,0.012746953937763372,0.6245516121449615,0.3652325507468709,0.7020409406240553,0.4745671564639746,0.057231479037912925,0.14893163079570182,0.5731985089057908,0.7979849087232549,0.3828207267969844,0.7970929569715113,0.38386605136508434,0.8922172880518743,0.73600790104149,0.9240124467832276,0.8230283873256881,0.0671571833005965,0.2575585873348041,0.7255742943816139,0.9808140226258307,0.3409749852071896,0.3667187511840577,0.8312334970961209,0.6024204780466308,0.08461974160550345,0.21644451969023515,0.00037618365959612987,0.9103605319844122,0.8354430693217881,0.7931041851757595,0.48564681587147174,0.6618311712120036,0.6107806141157108,0.839530869057581,0.37539084009750734,0.2707718560998075,0.5788475866108735,0.43484345202246344,0.6299704592615972,0.822542615021801,0.32112135794685137,0.9013044068964996,0.48127599646497865,0.8163463946979866,0.17821619935790456,0.4920378209124189,0.1965311504267786,0.06485822301890709,0.8192005913011303,0.1287406403820106,0.7641715692877238,0.3351864354486811,0.17764014055758148,0.5317376176252503,0.13432042129699873,0.8820647545458056,0.8270762264621447,0.48903508361120884,0.4026224019492235,0.38183106200826833,0.7753901440874161,0.9192125422030364,0.18259628544308315,0.17132741883333258,0.2633039135058226,0.40741944003138175,0.48790567501025994,0.11217418817274194,0.7355780627261104,0.6807079853122645,0.22386898298904445,0.05596422248973443,0.8695732105275746,0.7661943399629687,0.7961665035559918,0.777343204177655,0.46060196527215114,0.8386443575876389,0.7991801913867631,0.8323804968186039,0.345499846535432,0.002844515680525128,0.322774500905589,0.9332390196974687,0.38515762280306276,0.0012259271447951914,0.7204416148234514,0.26239542482463496,0.7343246602830581,0.3064743904273871,0.23568526306076165,0.7015726676395435,0.18020935473558486,0.847304085441404,0.031713865332579916,0.08673842948914767,0.5193931947924602,0.8465788430819287,0.2654537280186442,0.7764502415246821,0.14828392582332128,0.5456569056024285,0.39833158790168177,0.4049781963223783,0.9397770656088675,0.02844480756816825,0.9278775894586043,0.9714157765237885,0.3065629224352793,0.47279234981912066,0.9276350806048778,0.09080116189090759,0.08041320932607254,0.5993547888342724,0.6353880389355465,0.5746436438387053,0.281687322192949,0.5596674164569857,0.09922318011369957,0.5562660132594264,0.15404679940141774,0.5300862262083817,0.2841878233346167,0.018058318880403323,0.378245725020217,0.6175388366175932,0.4822320617358462,0.06718260538164367,0.9432874870264725,0.013594874227140452,0.13300787214718768,0.6035209882102205,0.7207543906661975,0.9216286983360492,0.5131292733791609,0.7793582204443266,0.8781986051975142,0.9082519101003105,0.7721175396754449,0.5855503042005613,0.5307288930082563,0.4243591046975983,0.26845812067983543,0.6005743777608089,0.7822407555873778,0.6854967005675621,0.1640277915149596,0.11466029043113002,0.6595636161708667,0.47175323397043833,0.9904533817281164,0.3766073238454869,0.4315283628600751,0.3247762636975673,0.6087823057995845,0.07538630781566336,0.2724094452512682,0.41163205681801907,0.37738027252456186,0.8844034769736232,0.1899707616602313,0.7471287933043633,0.3827365746772925,0.3547644775800499,0.2757588401647929,0.9808233789205585,0.3981868723911467,0.3277336236219831,0.5962565284618706,0.2598515654545175,0.9894381987982797,0.73833013182724,0.33786820989211963,0.28922365562176533,0.600669693555435,0.31885697370645827,0.7358102230377509,0.9977007591069179,0.5303394369476772,0.9083921780110044,0.17635992258324273,0.19478037267568526,0.6139694235282369,0.7047958587001871,0.5503202755243384,0.7757987266779565,0.6065253430349173,0.8163393239684325,0.02335448158262654,0.12435814335190454,0.3462265592178946,0.11510551221652221,0.7109097706458885,0.14497767987949095,0.7287398193697886,0.6790905978313614,0.08841068902443427,0.8571054033804584,0.10260287100245435,0.7923330150085124,0.1039573060773431,0.346046305095673,0.09170023470890754,0.20644948877363112,0.1202307905703256,0.28627873911183166,0.9788371135546351,0.4347207630765937,0.5668947780350647,0.8489237019061014,0.9211345241688568,0.25379370695304937,0.3569026411274666,0.7439791422597667,0.06417730521813214,0.5641342623266766,0.8688010920018615,0.4471272195369428,0.6470194435465766,0.18042230274867466,0.28504957104307593,0.4018017432198633,0.2914636738606843,0.9249185874221237,0.707409067999251,0.8767424078155311,0.8254683563172113,0.7917749701957415,0.3554026426703787,0.097901656706042,0.8864595217121792,0.4686057731516079,0.06200929470786676,0.8342104271711159,0.8067321161177101,0.19449124690566744,0.012796495115798168,0.6291234392501527,0.406874824866604,0.45869100149350717,0.04824976389614277,0.6503193811662701,0.6906191162932901,0.4231397211302267,0.8382580181158136,0.6199332080378596,0.9958827105818964,0.27200804512889964,0.561520606492147,0.8246070748168781,0.9429611687710018,0.16362537358705098,0.36169032658218125,0.3593204632333482,0.23227197311501502,0.2938327196422642,0.7969348878407664,0.7820461091350845,0.13219283217441458,0.5028771055541315,0.7604494835315592,0.7348688666284577,0.2848031214349608,0.6115099857109124,0.9560700933163715,0.5940808087576752,0.8220971210234179,0.371013219123414,0.1037840631427287,0.8542846644093269,0.7260164404559751,0.5943455804455022,0.15932418031612605,0.14848812997098626,0.04539166781801396,0.05726434638501654,0.13111854298458658,0.83990318692435,0.5787863472437466,0.5457338877469325,0.9057228190673289,0.021330468805469405,0.25677280027174987,0.7731873497366466,0.6628501620754474,0.3930648231046746,0.44945413220345665,0.702471645537747,0.9414137259687099,0.5697943570211417,0.6913723670895346,0.1225805200435841,0.019348030714037345,0.1822538890160309,0.11614705975933326,0.8947438540884771,0.5336701140799203,0.3410211953937805,0.6894848659101162,0.7970822758127405,0.3050681138342579,0.12272599054000344,0.1818188419193839,0.6320367551779252,0.19181701492085457,0.12370260758266494,0.2275946827106995,0.802966455524116,0.3971679610290252,0.24230127777496613,0.8737694547529089,0.26221220702102,0.3001579002993584,0.7254575019282204,0.4467206125311939,0.13484096797864997,0.7916382124029945,0.2704641850153937,0.10584246800915098,0.4746196549741859,0.1101515462148599,0.4975203217997004,0.7585771064119231,0.15777810361056188,0.6343322963119348,0.6729039684258333,0.6250419753942954,0.18551821868928708,0.7387928473704783,0.5121601479566951,0.09897810211062252,0.6633336686384421,0.7841173088306589,0.2729779342671774,0.7373159047235219,0.1457599322534484,0.4158657853145674,0.9473582554407027,0.6511367887610812,0.12824434305064092,0.35455393803309365,0.8256396884928341,0.1680491602093117,0.40972512599410094,0.39796293953449535,0.888479652285138
closes episode,False,False,False,False,False,False,False,False,False,False,False,False,False,False,False,False,False,False,False,False,False,False,False,False,False,False,False,False,False,False,False,False,False,False,False,False,False,False,False,False,False,False,False,False,False,False,False,False,False,False,False,False,False,False,False,False,False,False,False,False,False,False,False,False,False,False,False,False,False,False,False,False,False,False,True,False,False,False,False,False,False,False,False,False,False,False,False,False,False,False,False,False,False,False,False,False,False,False,False,False,False,False,False,False,False,False,False,False,False,False,False,False,False,False,False,False,False,False,False,False,False,False,False,False,False,False,False,False,False,False,False,False,False,False,False,False,False,False,False,False,False,False,False,False,False,False,False,False,False,False,False,False,False,False,False,False,False,False,False,False,False,False,False,False,False,False,False,False,False,False,False,False,False,False,False,False,False,False,False,False,False,False,False,False,False,False,False,False,False,False,False,False,False,False,False,False,False,False,False,False,False,False,False,False,False,True,False,False,False,False,False,False,False,False,False,False,False,False,False,False,True,False,False,False,False,True,False,False,False,False,False,False,True,False,False,False,False,False,False,False,False,False,False,False,False,False,False,False,False,False,False,False,False,False,False,False,False,False,False,False,False,True,False,False,False,False,False,False,False,False,False,False,False,False,False,False,False,False,False,False,False,False,False,False,False,False,False,False,False,False,False,False,False,False,False,False,False,False,False,False,False,True,False,False,False,False,False,False,False,False,False,False,False,False,False,False,False,False,False,False,False,False,False,False,False,False,False,False,False,False,False,False,False,False,False,False,False,False,False,False,False,False,False,False,False,False,False,False,False,False,False,False,False,False,False,False,False,False,False,False,False,False,False,False,False,False,False,False,False,False,False,False,False,False,False,False,False,False,False,False,False,False,False,False,False,False,False,False,False,False,False,False,False,False,False,False,False,False,False,False,False
μ_DC,0.15,0.13328183055311732,0.25,0.25,0.25,0.19077612308169548,0.29917688719964,0.23725166074549145,0.1829175580222909,0.13728949261898724,0.10030422497993986,0.07192743298358155,0.05077471467061696,0.0352969900126125,0.02427074350808073,0.016539159168198585,0.0327832426310041,0.022635703707743354,0.015490870483918496,0.030534900163986006,0.021220126655885952,0.04078691103533493,0.028759312837598725,0.02007404957493023,0.013890660278188157,0.00954058180091898,0.006510811038460735,0.004418470669882118,0.0029839413751742948,0.006177660859440583,0.004219847304180936,0.002862745547894951,0.0019342795008533572,0.0012991606768470107,0.0008677807824142834,0.0005780184249048666,0.0003840565483549159,0.00025461665083091015,0.00016846722657767684,0.00011099346844785483,7.300711937214018e-05,4.794932383953032e-05,3.1448828072561754e-05,2.0547017395455805e-05,1.3408548998301707e-05,8.740607608490627e-06,5.691965951535397e-06,3.70317520708072e-06,2.401064826517809e-06,1.5555124544161672e-06,1.0069463183940234e-06,6.513639337692822e-07,4.210613385588925e-07,2.720129416923594e-07,1.756197344305907e-07,1.1332154662776486e-07,7.3083942011889e-08,1.671105115468613e-07,1.0790056789662847e-07,6.96303075270665e-08,4.490990775088521e-08,2.8951366503977536e-08,1.8654861179019212e-08,1.2014986450092687e-08,7.73525134511887e-09,4.978017060756014e-09,1.143405741151303e-08,7.364810740080069e-09,4.741778757713416e-09,3.0517600002917448e-09,1.958057545506883e-09,4.502182162205267e-09,2.898882887583208e-09,1.865805076650837e-09,1.1971997946087313e-09,9.993343697498752e-10,6.469117408620076e-10,4.184856127064686e-10,2.705408315693636e-10,1.74790092576431e-10,1.1286176594177519e-10,7.283442084057926e-11,4.697853854368827e-11,3.028642264775884e-11,1.9516152210340772e-11,1.2570417795454187e-11,8.093298375725607e-12,5.208734505885139e-12,3.341996393545338e-12,7.684312654248265e-12,4.947774721375957e-12,3.184520235399328e-12,2.0433548712167636e-12,1.310661246012976e-12,8.404139654263402e-13,5.387173848071043e-13,3.4522478761293737e-13,2.211689089745475e-13,1.4128781926405287e-13,9.023600919475838e-14,2.083462598795066e-13,1.334823190120043e-13,8.527454493246117e-14,5.446388860496925e-14,3.477748984373626e-14,2.2202125975454535e-14,1.4171102985332242e-14,9.043388096561665e-15,5.770087895380508e-15,3.680971311881868e-15,2.347879876241827e-15,5.4447013097321266e-15,3.4740424535128882e-15,2.2162782553221165e-15,1.413664278078956e-15,9.015826717247661e-16,5.749184742196318e-16,1.3343966770238394e-15,8.511685868087584e-16,5.428538542460654e-16,1.2593216878699833e-15,8.03423298665229e-16,5.124880862038888e-16,3.268581010234732e-16,2.0843713433424292e-16,4.837296246142456e-16,3.0856796346082807e-16,1.968042757591379e-16,1.2550413692022023e-16,2.9124584078914574e-16,1.8578761453985565e-16,1.184973793503387e-16,7.556836043495556e-17,4.818529887491891e-17,3.0721060256554844e-17,1.958431882519509e-17,1.2483451658577877e-17,7.956424412498357e-18,5.070620917117447e-18,3.2312235289298577e-18,2.0589132676068773e-18,1.3118272852990929e-18,8.357666475599998e-19,5.324333433109682e-19,3.3917139172002283e-19,2.1604724809172938e-19,1.376117438511759e-19,8.764780741388248e-20,5.582219009656687e-20,3.555120319014732e-20,2.2640427373652176e-20,1.441780024379835e-20,9.181181128382674e-21,2.1409688294487397e-20,1.363461444126737e-20,8.682789914910458e-21,2.024481911268816e-20,1.28933591859844e-20,8.2110901366579e-21,5.229008151605095e-21,1.2191774542076533e-20,2.8413729961341806e-20,6.618456761964281e-20,4.216531980006963e-20,9.817322275669028e-20,2.283982623770724e-19,1.4557040324161203e-19,9.277127401764724e-20,5.911760087173952e-20,3.7669117655106624e-20,2.4000584361232877e-20,1.529072599693623e-20,9.74106343676236e-21,2.268365564996959e-20,1.4452852320844196e-20,9.207966337006624e-21,2.143692431667489e-20,1.3659665713431818e-20,3.178415532522923e-20,2.0256603743171782e-20,1.2908755755655983e-20,3.00275004356209e-20,1.9139111470583202e-20,1.2197841930957571e-20,7.773304248689338e-21,4.9532743328281145e-21,3.156062458138769e-21,2.0107939525414046e-21,1.2810334062860195e-21,2.982755504973142e-21,1.9005319401285878e-21,1.2108801767298577e-21,7.714322588082013e-22,4.914361027383782e-22,3.130479252362852e-22,7.2917916682187445e-22,4.645523432447715e-22,2.9594256665061073e-22,1.8851872120556936e-22,1.2008190412671153e-22,7.648536145869655e-23,4.8714504812887715e-23,3.102550813677617e-23,7.231424917620321e-23,4.606037918590436e-23,2.933662505858227e-23,3.030060705427922e-24,7.073794053235322e-24,4.503151933276182e-24,2.8666613239779437e-24,1.824870623334825e-24,1.1616731843104044e-24,2.7120406325056052e-24,1.726460095041531e-24,1.0990381389074774e-24,6.996247059103597e-25,4.453627954530772e-25,2.835041392530073e-25,1.8046865398308795e-25,1.1487916642746965e-25,7.312705682806081e-26,6.742376357862757e-26,4.292371428158106e-26,2.7325983129356327e-26,1.73959798955374e-26,1.1074317623266452e-26,1.1377318961941904e-27,7.24190802006565e-28,1.691207272403231e-27,1.0764946920134235e-27,6.8521360797826895e-28,1.6001708994976928e-27,3.73676354237986e-27,1.406960578354162e-27,8.955461921615595e-28,5.7002475251759e-28,3.6282660252666247e-28,8.47361919584335e-28,5.3935542621397e-28,3.4330554572255385e-28,2.185175220295002e-28,1.3908856247487207e-28,3.2483446894923387e-28,7.586289061386071e-28,4.828768342227155e-28,3.0735688854869765e-28,1.9563617164301284e-28,1.2452455855600861e-28,7.926118136703638e-29,5.045053420358497e-29,1.1782466078062422e-28,2.7517131035297975e-28,1.7515004299274456e-28,1.1148512696631423e-28,2.603648918333274e-28,1.6572576137441015e-28,1.0548657123787657e-28,6.714349034388756e-29,4.2737613221737604e-29,9.98106505027913e-29,6.353076673059522e-29,4.043811356424833e-29,2.393714797836766e-28,1.5237155357281923e-28,9.699140902983757e-29,6.173915361115759e-29,1.4416369513614948e-28,9.176724402061215e-29,5.841405216005979e-29,3.7183048246178435e-29,2.3668503317161757e-29,5.526770679053499e-29,3.5180447929672686e-29,2.239387637283798e-29,1.4254609353642542e-29,9.07359992571708e-30,2.118777537499309e-29,1.348694323717584e-29,3.1492429351918877e-29,2.0046513107329854e-29,1.2760547830114473e-29,2.979573675160236e-29,6.956865893480312e-29,4.4285108548186246e-29,2.819024157867705e-29,1.7944736818869808e-29,1.1422805850196662e-29,7.271199907915443e-30,4.628466563830001e-30,2.946226215460566e-30,1.8753965262912436e-30,1.1937635648752714e-30,7.598744686299562e-31,4.8368634180311235e-31,3.078820310855796e-31,7.189570053792799e-31,4.576428364168204e-31,2.9130560482892065e-31,1.8542553732220807e-31,1.1802904350153132e-31,7.512888795255749e-32,1.7544210582901728e-31,1.8003822905562965e-32,1.1459606218010989e-32,7.294145027883439e-33,4.6427879615476674e-33,2.955174144431182e-33,1.880992638967179e-33,1.1972667382330775e-33,2.796186385654636e-33,6.530389106821721e-33,1.525138090468943e-32,9.707673876886076e-33,6.179037808341103e-33,3.933020543168854e-33,9.185360139489746e-33,5.846584696672329e-33,1.3654313327836487e-32,8.691139721174144e-33,2.029745567422391e-32,1.2919610339814104e-32,8.22350133160892e-33,1.9205251306653215e-32,1.2224423118719512e-32,2.8548816998364277e-32,6.667171976313895e-32,4.2437849780395176e-32,9.910642423878988e-32,2.314414575625949e-31,1.4731865820365498e-31,9.377202112163455e-32,5.96881058828172e-32,3.799280746007663e-32,2.4183219058531642e-32,1.5393097754983698e-32,9.797994599314322e-33,6.236596796303955e-33,1.456465879040711e-32,9.270695907752635e-33,2.165009113118545e-32,1.378077235263435e-32,8.771755248247419e-33,5.583398569289179e-33,3.5539391919477974e-33,2.2621460684111302e-33,1.4398943747764052e-33,9.16515916649713e-34,5.83376346924432e-34,1.3624077809662305e-33,3.181697180867905e-33,2.025215211657921e-33,1.2890885169639686e-33,8.205283192971855e-34,5.222804096764427e-34,1.2197123893133844e-33,2.848415824708162e-33,1.8130831208356772e-33,1.15406726383347e-33,7.345877399772858e-34,1.715494232140782e-33,1.0919524169077581e-33,6.950519067040778e-34,4.424150603976549e-34,2.8160590970806335e-34,1.7924740675516334e-34,4.1860396815703035e-34,2.664502395897139e-34,1.696008717122936e-34,3.960733877730091e-34,2.521096256192341e-34,1.6047312627206508e-34,1.0214435783362309e-34,6.501681512638445e-35,1.5183626029503173e-34,3.545819043640137e-34,2.257005277889095e-34,5.270677611219044e-34,3.354941368026554e-34,2.135512944055669e-34,4.986912979697665e-34,1.164521405388388e-33,7.412628240096932e-34,4.718406107926575e-34,3.003425637852762e-34,1.9117760900934685e-34,1.2169026678045404e-34,7.745927516842048e-35,4.930487572333122e-35,3.138377941164745e-35,1.9976510396864835e-35,4.6650790670811933e-35,2.969447120591321e-35,1.8901275263492527e-35,1.2031107776221158e-35,7.658067623978122e-36,4.8745206132433323e-36,3.1027288259744676e-36,1.9749448892537236e-36,4.6121698438811286e-36,2.935743563081435e-36,1.868659314592502e-36
μ_PAR,0.35,0.34215375474285203,0.25,0.25,0.25,0.23633617710178406,0.27713090000396906,0.26963465984382756,0.25566294089957325,0.2365538606891823,0.2138194338806307,0.18969013983493624,0.16565540409364446,0.14262594768298145,0.12145810596754603,0.10249851779873895,0.15259704588743067,0.13031789163298907,0.11030093187310172,0.16308801988972707,0.139838611852177,0.20113452729474735,0.17477803613295995,0.15033829585509567,0.12819373141160814,0.10849513351555834,0.09123121649240196,0.0762841034430755,0.06347256002030403,0.09819410505151814,0.082463336424095,0.06884548978172825,0.05724539486476041,0.047369310021209775,0.03901976208159232,0.032052113197460916,0.026263376338647497,0.021472498471085916,0.017520706006940664,0.014249589176500325,0.011570147037247626,0.009380476442849364,0.007594787390990065,0.0061321896283114815,0.004945431653636035,0.003984003195033053,0.0032062396527380316,0.002577885244983316,0.00206765842801782,0.0016570438169786529,0.0013269434280933918,0.0010618309673767093,0.0008491074190560069,0.0006785665161470038,0.0005419531740288851,0.0004326000157285629,0.0003451291101351819,0.0005921091122022223,0.0004729413602184748,0.00037754390941451433,0.0003012290886841138,0.00024022013229574397,0.00019147758696112796,0.0001525579341841322,0.00012149867268074353,9.672507470628649e-05,0.00016688215849253708,0.00013297093433497028,0.00010590635129719545,8.431729883653334e-05,6.699861848853561e-05,0.00011571517224998646,9.216870879335772e-05,7.338455970758333e-05,5.831484744716491e-05,0.0003588395750561714,0.00028735590919419567,0.000229954133504056,0.00018389888624691247,0.00014697676372676805,0.00011739897335678576,9.372160524908458e-05,7.478046117559954e-05,5.963788115976015e-05,4.753943466725424e-05,3.787870459047105e-05,3.0168696593715205e-05,2.401866178563658e-05,1.9085197114047545e-05,3.2962682433404295e-05,2.6255060697619238e-05,2.090415956319599e-05,1.6611413308454055e-05,1.3195545013856725e-05,1.047862316791993e-05,8.318519526852598e-06,6.601780923799243e-06,5.237901179611028e-06,4.148045351998977e-06,3.284159211298424e-06,5.701489644201058e-06,4.5237694357841145e-06,3.582627691471545e-06,2.8365893159043605e-06,2.245389040001475e-06,1.7770247540069896e-06,1.4060738076915604e-06,1.1123492904441902e-06,8.798284293905221e-07,6.957985894011126e-07,5.501771303475104e-07,9.593101249163886e-07,7.587970586017378e-07,6.000954748917776e-07,4.745127643863813e-07,3.7515671173012203e-07,2.9656437364282165e-07,5.175543623054231e-07,4.0925326974662274e-07,3.2356761324890037e-07,5.643871415364977e-07,4.4636527232176653e-07,3.529679720599078e-07,2.7907204073523726e-07,2.2061636149606705e-07,3.849671017189931e-07,3.044228975636114e-07,2.406947179957735e-07,1.9028108568255744e-07,3.3201340555140033e-07,2.625537314564835e-07,2.0759444647031992e-07,1.6411660870040288e-07,1.297276767746012e-07,1.0253209534578142e-07,8.102847256427955e-08,6.402792307110591e-08,5.05892476732455e-08,3.9967498962275184e-08,3.1573183985998095e-08,2.493991557637246e-08,1.96987711858313e-08,1.555797470042187e-08,1.2286800848170973e-08,9.702828081252094e-09,7.661845863888699e-09,6.0498654983944785e-09,4.776797451066523e-09,3.771448576552944e-09,2.977564457364006e-09,2.350699082612953e-09,1.8557393226883654e-09,1.4649475327644506e-09,2.5685745067229015e-09,2.02782388418665e-09,1.6008558031126115e-09,2.806500541235029e-09,2.215760725222811e-09,1.749295372517105e-09,1.3809793851126316e-09,2.4209906247822692e-09,4.2424110139985185e-09,7.430183457529224e-09,5.868184347127926e-09,1.027305719551478e-08,1.7970400731100193e-08,1.4198537091665394e-08,1.1217332288724708e-08,8.86131988490704e-09,6.999590128749629e-09,5.528591827185372e-09,4.366428635755843e-09,3.4483408039306716e-09,6.037750512691212e-09,4.768933118586846e-09,3.766491039883526e-09,6.593165819563317e-09,5.208073972148553e-09,9.111839375355238e-09,7.198923566982877e-09,5.687099972465949e-09,9.946813361420448e-09,7.859449142708449e-09,6.209532240797367e-09,4.905543155308537e-09,3.875068330383987e-09,3.0608223338487407e-09,2.4174953745017707e-09,1.9092556553162463e-09,3.3425629454959906e-09,2.640235464027477e-09,2.0853271906215112e-09,1.6469347051708812e-09,1.3006222907642914e-09,1.0270711104705328e-09,1.7987973698268964e-09,1.4206535990782044e-09,1.1219319759843824e-09,8.859702196311378e-10,6.995967025940761e-10,5.5240049679346e-10,4.361537173724621e-10,3.4435448062114823e-10,6.03488536048517e-10,4.765167830121309e-10,3.762412352796947e-10,1.4333839715619793e-10,2.516065449389475e-10,1.9855995764097443e-10,1.5669567431515337e-10,1.2365687003528153e-10,9.758334096401039e-11,1.712956043826435e-10,1.351798998613401e-10,1.0667776013082104e-10,8.418443688248325e-11,6.64333506489065e-11,5.242484752920869e-11,4.136995992151721e-11,3.264601273120248e-11,2.576158107542528e-11,1.7536831890170623e-10,1.3840156217097285e-10,1.0922575156165912e-10,8.619929064852812e-11,6.802637350613569e-11,2.5778357994280007e-11,2.0341073567243005e-11,3.571708534997525e-11,2.818360969871e-11,2.2239051031848457e-11,3.904945243184074e-11,6.856500396855529e-11,5.7755925771744224e-11,4.55730569454814e-11,3.5959979315905186e-11,2.8374641930186023e-11,4.982628624049485e-11,3.9316077009651566e-11,3.102283570120369e-11,2.4478933348493797e-11,1.931537705579019e-11,3.391815238182282e-11,5.956042317023871e-11,4.699701859090351e-11,3.7083646900156665e-11,2.926133867827521e-11,2.308902505602002e-11,1.8218670207135565e-11,1.4375648706255458e-11,2.5243884734512074e-11,4.432833818274238e-11,3.4977929315884965e-11,2.7599825062550435e-11,4.8465213171619864e-11,3.824223594295519e-11,3.017560449493768e-11,2.3810486297201075e-11,1.8787983287337276e-11,3.2991730423512374e-11,2.6032618543105586e-11,2.0541407329559764e-11,2.520221012550667e-11,1.9887292817938604e-11,1.5693166779275935e-11,1.2383503811238567e-11,2.1741879491441136e-11,1.7156726058231184e-11,1.353847075164864e-11,1.068323584581519e-11,8.43012804396409e-12,1.480107052521479e-11,1.1679616874800719e-11,9.216415751902173e-12,7.272666123170588e-12,5.738831925724619e-12,1.0075985815098072e-11,7.950991077497056e-12,1.3959575382499306e-11,1.1015657792149095e-11,8.692535286100775e-12,1.526123146438661e-11,2.6792139165711537e-11,2.1142533205362253e-11,1.6684133432011763e-11,1.316580744784675e-11,1.0389358924590967e-11,8.198371404014228e-12,6.469402674807013e-12,5.105034619994851e-12,4.028387673285992e-12,3.1787913292421126e-12,2.5083671347502373e-12,1.979331892184592e-12,1.5618693060765093e-12,2.7423417476872487e-12,2.163968193275099e-12,1.7075703067475392e-12,1.3474257686340197e-12,1.0632361622995582e-12,8.389833866644276e-13,1.4731214057067765e-12,5.576021172084933e-13,4.399820158636878e-13,3.4717238573819283e-13,2.73939827880305e-13,2.1615483594983837e-13,1.7055895362254516e-13,1.3458104411960932e-13,2.3632920876649417e-13,4.1500052990117347e-13,7.287474834526262e-13,5.750275166675724e-13,4.537324612255537e-13,3.5802286390568956e-13,6.286936071951904e-13,4.960787797069646e-13,8.711171764034709e-13,6.873674991426263e-13,1.2070136219829742e-12,9.524134813703156e-13,7.51516352427004e-13,1.3196536714739686e-12,1.0412952769307847e-12,1.82848730664872e-12,3.210730095308171e-12,2.5335008912013596e-12,4.448645561042282e-12,7.811338572227323e-12,6.163786822782789e-12,4.863721300875039e-12,3.837856666009417e-12,3.028362706361087e-12,2.3896052375076955e-12,1.885574203875395e-12,1.487854097826479e-12,1.1740223536024081e-12,2.0615189040164547e-12,1.6266903552283061e-12,2.85634454460736e-12,2.25387575362924e-12,1.7784778778415981e-12,1.4033504623271345e-12,1.1073452648396565e-12,8.737742730055444e-13,6.894690780372404e-13,5.440386055846633e-13,4.292833781639603e-13,7.538078915301134e-13,1.3236425379797117e-12,1.0444522801031587e-12,8.241489513722247e-13,6.503124886425133e-13,5.131422862201776e-13,9.010519108168166e-13,1.5821733854388081e-12,1.2484580347459956e-12,9.851285487771316e-13,7.773399853829273e-13,1.364944215257622e-12,1.0770476141567054e-12,8.498728925053702e-13,6.706133422560649e-13,5.291631594557574e-13,4.175478642098827e-13,7.331874699156658e-13,5.785399550752602e-13,4.565106057316818e-13,8.015982541572822e-13,6.325226417367103e-13,4.991079770775835e-13,3.9383302309073616e-13,3.1076277246701723e-13,5.456788263554075e-13,9.581565660927821e-13,7.560630877905503e-13,1.3275479665499255e-12,1.04754877377067e-12,8.266031868845446e-13,1.4513928029487435e-12,2.5483493179549534e-12,2.010894342251556e-12,1.5867843146294722e-12,1.2521172944565081e-12,9.880313053634624e-13,7.796417214865231e-13,6.152026624474392e-13,4.854451819939511e-13,3.830549847703877e-13,3.022602591532781e-13,5.307362379679785e-13,4.187944114920534e-13,3.304623126198551e-13,2.607606153472434e-13,2.0576008280680094e-13,1.6236012959500458e-13,1.2811407568920803e-13,1.0109124781818797e-13,1.7750973518084125e-13,1.4006852347263004e-13,1.1052438635125449e-13
μ_ELN,0.35,0.3642946145595627,0.25,0.25,0.25,0.2764054612691978,0.22895276570520778,0.25836441169412094,0.28475056599216964,0.30692093065944126,0.3242536116709356,0.33626308176616787,0.34331935154112825,0.3460142206998921,0.34498490389175546,0.3409187148903525,0.3605614885604907,0.36032183930229,0.356956773701756,0.37476894830202745,0.37545772349993084,0.3828026630767991,0.3884119909140398,0.3902198454191521,0.3887428340903416,0.3844935733107471,0.3779534126288501,0.369558340914992,0.35969361752256174,0.39494049165450684,0.38720709544482873,0.37785110042705883,0.3672387879411074,0.355591866910482,0.34317564015642277,0.33026730184077613,0.31705641346310204,0.30370059395162907,0.2903298824217986,0.2769821037432044,0.2638137784593666,0.250895414029594,0.23828279014057824,0.22593899121560307,0.21398255381089448,0.20243816556102381,0.19132302949834085,0.18064810158498829,0.17036600035704946,0.1605359989238316,0.15115591987133453,0.1422205815549925,0.13372235278297218,0.12565162506457062,0.11799721545776301,0.11074671069156673,0.10388676131949355,0.12710640331736794,0.11937332526683578,0.1120473977534256,0.10511520086740615,0.09856264031335808,0.09237515569466936,0.0865378990579776,0.08103588735590232,0.07585413196973373,0.09343938377319833,0.08754091630335104,0.08198052291340424,0.07674315929488262,0.0717820679220434,0.0885157008098256,0.0828987190569481,0.0776074332233806,0.0725946975087516,0.16449790637312828,0.15488682740907178,0.14573701926878238,0.1370383344662091,0.12877927138589218,0.12094722062557053,0.1135286889688083,0.10650950192087687,0.09987498575064162,0.09361013001745724,0.0876997316098422,0.08212852137089839,0.07688127442649069,0.07191103606478551,0.08867502728666611,0.08304741551380719,0.07774636932528493,0.07272456270421679,0.06800314464684679,0.06356719021303346,0.059402122385880184,0.055493760992221405,0.05182836166139171,0.048374904016769374,0.04514059335993457,0.05602096681538493,0.05232266436496849,0.04883795918404899,0.0455741662422782,0.04251873235953562,0.03965962719471636,0.0369853479166407,0.034484919178166956,0.03214788910708637,0.02996432195863059,0.027924788008114976,0.03480691867720322,0.032448799154339424,0.030245431357707662,0.02818731900198378,0.026265461251038444,0.024471338782815176,0.03052909457718111,0.028452245607709894,0.026512817155330503,0.033058804275028296,0.03081533330633192,0.028719588359784717,0.026762438329115998,0.024935237511711734,0.031104169382544577,0.028989367938068927,0.027014344331267162,0.025170389277197724,0.03139562479258989,0.029261605168945024,0.027268554863490013,0.025407700750907668,0.023670744210500583,0.02204984519373262,0.020537605365881274,0.01912705060893894,0.017811613132225207,0.016585113400510183,0.015441742056621882,0.014376041986301753,0.013382890647237062,0.012457482761481913,0.01159531345061758,0.010792161875739966,0.010044075429445506,0.009347354514177047,0.00869853793036235,0.008094388888518567,0.007531881651712163,0.00700818880827678,0.006520669169339257,0.0060668562813400075,0.007604190765930439,0.007075506101725486,0.006583334629539165,0.008250457769827602,0.007677188706573759,0.007143465360734728,0.006646598293090192,0.008329607606705283,0.010434301373554045,0.013063795427455973,0.012160180537862317,0.015217915894798187,0.019029721592151643,0.017720856686066638,0.01650050128683771,0.015362871851363835,0.01430253580749671,0.013314393904976128,0.012393662936350336,0.011535858905838291,0.014438900285774749,0.013441465624834815,0.012512058689084843,0.015656873113085144,0.014576545673665153,0.018230674136266126,0.016975816645782214,0.015805943172878457,0.01976208312996057,0.018403791357409913,0.017137225822274074,0.015956409528734693,0.01485572593320797,0.013829901137008284,0.01287398639991016,0.011983341062630127,0.014997284430851876,0.013961823201387122,0.012996910259336145,0.012097865052525756,0.01126030068260045,0.010480107765104569,0.01312099222313988,0.012213470010350117,0.011367994129081613,0.010580419298582904,0.009846864211126134,0.009163696476400342,0.008527518180540693,0.007935152071660555,0.009941175475302782,0.009251525635646522,0.008609302889001825,0.0016502134207170755,0.0020707072513406724,0.0019259937880049534,0.0017913756163179793,0.0016661509327578878,0.0015496663910972812,0.0019445895573372046,0.0018086739816492474,0.001682242107516721,0.0015646343569762698,0.001455236733128403,0.001353477709604975,0.001258825326961324,0.001170784482958149,0.0010888944044175211,0.002732091755673743,0.0025412744749083657,0.0023637528426386483,0.002198604713113257,0.0020449713230602674,0.0003898891314005844,0.00036259865519039754,0.00045514264539142364,0.00042328665235905115,0.0003936594213046835,0.0004941269553928683,0.0006202193369193311,0.00015942927855934814,0.00014826755730453845,0.0001378871658102494,0.00012823342490608387,0.00016097134391550286,0.00014970167808008746,0.00013922089603141016,0.00012947379024686421,0.0001204090147207752,0.00015114966831906475,0.00018973698078146014,0.00017645377703773664,0.00016410035799360937,0.00015261166211309263,0.00014192717774404648,0.0001319906253122639,0.00012274966166314836,0.00015408779484941281,0.0001934250426253844,0.00017988368961230925,0.00016729018470220381,0.0002099971776509791,0.00019529586472356354,0.00018162356248016347,0.00016890827112043156,0.00015708302525113365,0.00019718477799012647,0.00018338026067754161,0.00017054200554011398,0.000995593554522491,0.0009259457797856002,0.0008611660869928808,0.0008009147851800161,0.001005215212420896,0.0009348949745721662,0.0008694897359115672,0.0008086565431120192,0.0007520762949756376,0.0009439305809187693,0.0008778937668337838,0.0008164730728455243,0.00075934633177016,0.0007062137921781964,0.0008863789546405635,0.0008243650953571766,0.0010346411240420635,0.00096226436742653,0.0008949460816561037,0.0011232054114144066,0.001409600994753421,0.0013110289104827956,0.0012193414633754692,0.0011340589412908416,0.0010547349043587967,0.000980953897986095,0.0009123293202526076,0.0008485014336575273,0.0007891355117757257,0.000733920111956132,0.0006825654657375635,0.0006348019791732489,0.0005903788357439068,0.0007410147699557198,0.0006891640310851462,0.0006409390967035867,0.0005960867368463386,0.000554371364936912,0.0005155738142498776,0.0006471355080349358,0.00012324152942602077,0.00011461303964846582,0.00010658859056725711,9.912590478653116e-05,9.218566277059946e-05,8.573129606161305e-05,7.972879493178471e-05,0.00010008474957002168,0.0001256372310813833,0.00015771244786264108,0.00014667090512522098,0.0001364022819352141,0.00012685248736532862,0.00015923790997177353,0.00014808958453858462,0.00018589582711423934,0.00017288149032296832,0.00021701556054788205,0.00020182300951703775,0.00018769383972274734,0.00023560839111223879,0.00021911450196913758,0.00027504792480275244,0.00034525455812504274,0.00032108729667739187,0.0004030408508567183,0.0005059014486705377,0.0004704944568943761,0.00043756444208145173,0.0004069382682039867,0.0003784548813180493,0.0003519644691057771,0.00032732767851992593,0.0003044148875630706,0.0002831055274980514,0.00035536815187091076,0.0003304931892440254,0.0004148464847040859,0.0003858097808468361,0.00035880473823609433,0.00033368930267600234,0.0003103313391153505,0.0002886079408280391,0.0002684047864623779,0.0002496155416752184,0.0002321413022877292,0.00029139911102084385,0.0003657778962382997,0.0003401745231335359,0.0003163627433947504,0.0002942172670901341,0.00027362155572611816,0.00034346423005269323,0.00043112675608125825,0.0004009509903836049,0.0003728865228930573,0.00034678573952208285,0.0004352956467200674,0.00040482820690051867,0.0003764924567939628,0.0003501393587716903,0.0003256302805486637,0.0003028362706959026,0.0003801332479875625,0.000353525397995342,0.0003287793815258939,0.00041269543454884486,0.0003838092331693236,0.00035694417037921615,0.0003319589266740168,0.0003087220505355366,0.00038752075228193193,0.000486422372308341,0.0004523780635942824,0.0005678229252749268,0.0005280844676915293,0.0004911256953612502,0.0006164526812564801,0.0007737362408117283,0.0007195975439790871,0.0006692444206621889,0.0006224125125367415,0.0005788558759534357,0.0005383457054631556,0.0005006691449789593,0.0004656281806729813,0.00043303861008815833,0.00040272908230392393,0.0005055101534855829,0.00047013053476460096,0.0004372259798025502,0.000406623486065913,0.0003781621238210638,0.0003516921963180064,0.00032707445803267066,0.0003041793870030049,0.0003818190550115445,0.00035509324699631545,0.0003302375207285381
μ_FARC,0.15000000000000002,0.160269800144468,0.25,0.25,0.25,0.29648223854732253,0.19473944709118324,0.23474926771656018,0.27666893508596624,0.31923571603238937,0.36162272946849394,0.40211934541531436,0.4402505296946102,0.47606284160451395,0.5092862466326178,0.5400436081427099,0.4540582229210745,0.4867245653569774,0.5172514239412237,0.43160813164425954,0.4634835379920063,0.3752758985931186,0.4080506601154016,0.43936780915082196,0.4691727742198619,0.4974707113727756,0.5243045598402871,0.5497390849720503,0.5738498810819599,0.5006877424345344,0.5261097208268952,0.550440664243318,0.5735815376932789,0.5957396623914613,0.6169368169795706,0.637102566536858,0.6562961536498956,0.6745722909264541,0.6919809443446832,0.7086573136118474,0.7245430673840136,0.7396761602037171,0.7540909736403592,0.7679082721386901,0.7810586059864711,0.7935690906363346,0.8054650388829696,0.8167703099948213,0.8275639401501063,0.8378054017467353,0.8475161297542536,0.8567169361136971,0.8654281187366333,0.8736695364063407,0.8814606557484737,0.888820575971158,0.8957680364864292,0.8723013204599183,0.8801536254723779,0.8875749887068524,0.894583525134002,0.9011971106029797,0.9074333480635083,0.9133095309928517,0.9188426062361656,0.9240491379775428,0.9063937226342517,0.9123261053975034,0.9179135659935197,0.9231725203545208,0.9281509315014105,0.9113685795157422,0.9170091093353756,0.9223191803511068,0.9273469864466015,0.8351432530524812,0.8448258160348222,0.8540330261792279,0.8627777663770031,0.8710737516755909,0.8789353802882109,0.8863775893531082,0.893415717570969,0.9000653763379122,0.9063423305283593,0.912262389672997,0.9178413099244146,0.9230947069065149,0.9280698787347584,0.9112920100232161,0.9169263294205474,0.9222327265119673,0.9272588258804314,0.9319836598068286,0.9364223311629583,0.9405895590940542,0.9444996372265095,0.9481664004372075,0.9516209479377373,0.9548561224807638,0.9439733316947625,0.9476728118654623,0.9511584581881742,0.9544229971683514,0.9574790222513896,0.9603385957805075,0.9630132460095374,0.9655139684725337,0.9678512310644786,0.9700349822427763,0.9720746618147523,0.9651921220126664,0.9675504420485985,0.9697539685468153,0.9718122064852504,0.973734163592249,0.9755283646528106,0.9694703878684552,0.9715473451390194,0.9734868592770558,0.9669406313378288,0.969184220328395,0.9712800586722428,0.9732372825988429,0.9750645418719265,0.9688954456503532,0.9710103276390332,0.9729854149740147,0.9748294204417164,0.9686040431940043,0.9707381322773233,0.9727312375420634,0.9745921351324836,0.9763291260618226,0.977950052274172,0.9794623136056462,0.980872885363138,0.9821883362785271,0.9834148466319909,0.9845582263701941,0.9856239330737827,0.9866170896539918,0.9875425016805434,0.9884046742625815,0.9892078284214318,0.9899559169087087,0.9906526394359574,0.9913014572928402,0.9919056073400329,0.9924681153707234,0.9929918088410241,0.9934793289749214,0.9939331422537124,0.992395806665495,0.9929244918704506,0.9934166637696051,0.9917495394236718,0.9923228090776655,0.9928565328899699,0.9933534003259303,0.9916703899723041,0.9895656943840349,0.9869361971423605,0.9878398135939533,0.9847820738321447,0.9809702604374476,0.9822791291153964,0.9834994874958299,0.9846371192873163,0.9856974571929131,0.9866856005664321,0.9876063326972211,0.988464137645821,0.9855610936764747,0.9865585296062321,0.9874879375444241,0.984343120293749,0.9854234491182609,0.9817693167518945,0.9830241761552942,0.9841940511400216,0.9802379069232261,0.9815962007831409,0.9828627679681937,0.9840435855657222,0.9851442701917238,0.9861700958021694,0.9871260111825944,0.9880166570281143,0.9850027122265851,0.9860381741583774,0.9870030876553366,0.9879021333005396,0.9887396980167773,0.9895198912078242,0.9868790059780628,0.9877865285689963,0.9886320047489864,0.9894195798154469,0.990153135089277,0.9908363029711991,0.9914724813833056,0.9920648475839849,0.9900588239212087,0.9907484738878367,0.991390696734757,0.9983497864359445,0.9979292924970528,0.9980740060134351,0.9982086242269863,0.9983338489435852,0.9984503335113193,0.9980554102713671,0.9981913258831709,0.9983177577858056,0.9984353655588393,0.9985447632004383,0.9986465222379701,0.9987411746316687,0.9988292154843958,0.9989111055698209,0.9972679080689579,0.9974587253866901,0.9976362470481357,0.9978013952006873,0.9979550286089134,0.999610110842821,0.9996374013244685,0.9995448573188915,0.9995767133194573,0.9996063405564564,0.9995058730055576,0.9993797805945156,0.9998405706636847,0.9998517323971224,0.9998621127982298,0.9998717665467193,0.9998390286062583,0.9998502982826039,0.9998607790729458,0.9998705261852742,0.9998795909659639,0.9998488502977628,0.9998102629596582,0.9998235461759652,0.9998358996049227,0.9998473883086255,0.9998580727991669,0.9998680093564691,0.9998772503239612,0.9998459121799067,0.9998065749130464,0.9998201162754098,0.9998327097876979,0.9997900027738837,0.9998047040970341,0.9998183764073443,0.9998310917050691,0.9998429169559608,0.9998028151890181,0.9998166197132898,0.9998294579739185,0.9990044064202752,0.9990740542003271,0.9991388338973138,0.9991990852024364,0.9989947847658371,0.9990651050082711,0.9991305102505499,0.9991913434462046,0.9992479236965943,0.9990560694042803,0.9991221062214867,0.999183526917938,0.9992406536609573,0.999293786202083,0.9991136210352833,0.9991756348966919,0.9989653588619984,0.9990377356215578,0.9991050539096514,0.9988767945733242,0.9985903989784544,0.9986889710683747,0.9987806585199404,0.9988659410455434,0.9989452650852517,0.9990190460938155,0.999087670673278,0.9991514985612374,0.9992108644841958,0.9992660798848652,0.999317434531754,0.9993651980188475,0.9994096211626943,0.9992589852273019,0.9993108359667509,0.9993590609015889,0.9994039132618063,0.9994456286339999,0.9994844261849112,0.999352864490492,0.9998767584700164,0.9998853869599116,0.9998934114090856,0.9999008740949396,0.9999078143370133,0.9999142687037679,0.9999202712049335,0.9998999152501936,0.9998743627685036,0.9998422875514087,0.9998533290942998,0.9998635977176111,0.9998731475122767,0.9998407620893995,0.9998519104149654,0.9998141041720147,0.9998271185089896,0.9997829844382451,0.9997981769895306,0.9998123061595258,0.9997643916075681,0.9997808854969896,0.9997249520733688,0.9996547454386643,0.9996789127007891,0.9995969591446946,0.9994940985435181,0.9995295055369418,0.9995624355530548,0.9995930617279581,0.9996215451156536,0.9996480355285046,0.9996726723195946,0.999695585110949,0.9997168944713279,0.9996446318460676,0.9996695068091292,0.9995851535124396,0.9996141902168993,0.9996411952599854,0.9996663106959206,0.9996896686597773,0.9997113920582982,0.9997315952128482,0.9997503844577807,0.9997678586972829,0.9997086008882254,0.999634222102438,0.999659825475822,0.9996836372557811,0.9997057827322596,0.9997263784437608,0.9996565357690463,0.9995688732423367,0.9995990490083679,0.9996271134761219,0.9996532142597006,0.999564704351915,0.9995951717920224,0.9996235075423561,0.9996498606405577,0.9996743697189221,0.9996971637288866,0.9996198667512792,0.9996464746014261,0.9996712206180175,0.9995873045646495,0.9996161907661981,0.9996430558291216,0.9996680410729322,0.9996912779491537,0.9996124792471723,0.9995135776267335,0.9995476219356497,0.9994321770733975,0.9994719155312609,0.9995088743038122,0.9993835473172922,0.9992262637566399,0.99928040245401,0.9993307555777511,0.9993775874862112,0.9994211441230586,0.9994616542937572,0.9994993308544059,0.9995343718188416,0.9995669613895287,0.9995972709173939,0.9994944898459838,0.9995298694648166,0.999562774019867,0.9995933765136733,0.9996218378759731,0.9996483078035197,0.9996729255418393,0.9996958206128959,0.999618180944811,0.9996449067528637,0.9996697624791608
α_R^μ,0.3815,0.3885501521068846,0.6075,0.3825,0.3825,0.40691089537031755,0.3576874370483072,0.38105809670089996,0.4035530985200765,0.5877294606164583,0.5911457300153523,0.591205878361792,0.5890363734476832,0.5855628817468663,0.581548932063535,0.5775147169538721,0.5899563806419064,0.5861945669548818,0.5815316248335853,0.598596804361347,0.5917989318375783,0.614794092256561,0.6052681641879161,0.5966064419504093,0.5882743397088932,0.596415270682341,0.6014038166505575,0.6068918111353506,0.6127550469843681,0.6269897208491158,0.6204020801828904,0.6147630418165064,0.6100109947602346,0.6060084061140443,0.6026618019379542,0.5999022754192906,0.5976396663845335,0.5957947262652203,0.5942987220335512,0.5930847198064623,0.5921136532838087,0.5913423156268945,0.5907344942999881,0.5902570680073652,0.5898892763802716,0.5896100211211902,0.5894019540788938,0.589250859283866,0.5891443440690478,0.5890741990820929,0.5890325983708999,0.5890132165311073,0.5890109568307305,0.5890217259423982,0.589042247964945,0.589069911364903,0.589102643361194,0.5889717190849855,0.5890001845740837,0.5890343266846595,0.5890723568577761,0.5891128670357579,0.589154756305742,0.5891971710840842,0.5892394564331177,0.589281116508514,0.5891340291049961,0.5891791097301731,0.5892236168964934,0.5892671388352677,0.5893096489697461,0.5891622867077642,0.5892088022989128,0.5892540135424849,0.5892979622440578,0.5885021452719684,0.5885689477198391,0.5886369110480822,0.5887050152284585,0.5887724677784959,0.5888386613852354,0.5889031389764757,0.5889655649750408,0.5890257016771006,0.5890833898701857,0.5891385329541664,0.5891910839527847,0.5892410349076401,0.5892887145705364,0.5891267644277762,0.5891802904202922,0.5892311070125182,0.589279565052639,0.5893253787271313,0.589368624333461,0.5894093893692064,0.5894477691202945,0.589483863922894,0.5895179516584421,0.5895499405716871,0.5894421279426232,0.5894786281018336,0.5895130892855224,0.5895454213392027,0.5895757332859148,0.5896041323082045,0.5896307230110962,0.5896556068714284,0.5896788818385859,0.5897006420578357,0.5897209776925425,0.5896523241303797,0.589675823115251,0.5896977917255678,0.5897183213602136,0.5897374992017415,0.589755408203565,0.5896949212515169,0.5897156453377634,0.5897350044911682,0.5896696433559778,0.5896920296766984,0.5897129488332707,0.5897324900362455,0.589750738077591,0.5896891161426863,0.5897102311340072,0.5897299552415217,0.589748374122473,0.5896861798775703,0.5897074915953404,0.5897273995650881,0.5897459902803004,0.5897633457462425,0.5897795435862218,0.5897946571680148,0.589808755745359,0.5898219046102693,0.5898341652526695,0.589845595524439,0.5898562498055024,0.5898661791700238,0.5898754315511547,0.5898840519030821,0.589892082359402,0.5898995623870623,0.5899065289353029,0.5899130165791833,0.5899190576574087,0.5899246824042843,0.5899299190757038,0.5899347940691597,0.589939332037815,0.5899239591454563,0.5899292457703905,0.5899341673100555,0.5899174965729669,0.589923229021396,0.5899285660636037,0.5899335345832706,0.589916704916539,0.5898956587256529,0.5898693650921006,0.589878400600577,0.5898478250530055,0.5898097101519427,0.5898227972545396,0.5898349995862378,0.5898463749146275,0.589856977511757,0.5898668583276728,0.5898760651608722,0.5898846428247614,0.5898556134726199,0.5898655872990142,0.5898748809573705,0.5898434339720671,0.5898542366785736,0.5898176969944915,0.5898302447851008,0.5898419428999823,0.5898023832468938,0.5898159653088,0.5898286302876855,0.5898404379159854,0.5898514443294459,0.589861702243567,0.5898712611271739,0.5898801673721685,0.5898500285261422,0.5898603828504826,0.5898700317523907,0.589879022024718,0.5898873975264292,0.589895199343448,0.5898687908152754,0.5898778658823645,0.5898863205187013,0.589894196170262,0.5899015316447234,0.5899083632617201,0.5899147249970176,0.5899206486204688,0.5899005884926773,0.5899074849390155,0.589913907125369,0.5899834979245615,0.5899792930306453,0.5899807401435294,0.589982086308082,0.5899833385413716,0.5899845033760981,0.5899805541746578,0.5899819133156073,0.5899831776226627,0.5899843536909458,0.5899854476599063,0.589986465244398,0.589987411763692,0.5899882921685553,0.589989111066518,0.5899726791543443,0.5899745873119956,0.5899763625163562,0.5899780139882105,0.5899795503146601,0.589996101119255,0.589996374021788,0.5899954485881901,0.5899957671450317,0.589996063414905,0.5899950587464562,0.5899937978347425,0.5899984057308943,0.5899985173431119,0.5899986211430854,0.5899987176773844,0.5899983903069896,0.5899985029993388,0.589998607803759,0.5899987052721338,0.5899987959177722,0.5899984885172231,0.589998102654612,0.5899982354814983,0.5899983590116243,0.589998473895376,0.5899985807376891,0.5899986801012166,0.5899987725092775,0.5899984591324015,0.5899980657677484,0.5899982011774447,0.5899983271094689,0.5899979000480942,0.5899980470570321,0.5899981837767472,0.5899983109270511,0.5899984291774505,0.5899980281657466,0.5899981662080666,0.5899982945883665,0.5899900440747876,0.5899907405503559,0.5899913883455641,0.5899919908572254,0.5899899478567898,0.5899906510572884,0.5899913051081915,0.589991913438949,0.5899924792405066,0.5899905607002593,0.5899912210671203,0.5899918352730502,0.5899924065396641,0.5899929378644311,0.5899911362145847,0.5899917563523064,0.589989653594483,0.5899903773608421,0.5899910505427475,0.5899887679521428,0.5899859040010372,0.5899868897195636,0.5899878065922067,0.5899886594159851,0.589989452655216,0.5899901904643814,0.5899908767094499,0.5899915149877564,0.5899921086465338,0.5899926608001838,0.589993174346371,0.5899936519810197,0.5899940962122829,0.5899925898534247,0.5899931083605763,0.5899935906097331,0.589994039133184,0.5899944562867865,0.5899948442622015,0.5899935286455236,0.5899987675849344,0.5899988538697839,0.5899989341142367,0.5899990087410644,0.5899990781434609,0.5899991426871093,0.5899992027121058,0.5899989991526011,0.5899987436278593,0.5899984228758202,0.5899985332911845,0.5899986359773667,0.5899987314752732,0.5899984076211581,0.589998519104358,0.5899981410420859,0.5899982711853786,0.5899978298448894,0.5899979817702953,0.5899981230619109,0.5899976439166299,0.5899978088554072,0.5899972495215016,0.5899965474557352,0.589996789128072,0.5899959695933154,0.5899949409887159,0.5899952950579581,0.5899956243575732,0.5899959306188914,0.5899962154524284,0.5899964803562886,0.589996726723988,0.5899969558517344,0.5899971689452064,0.5899964463193265,0.5899966950687744,0.5899958515363241,0.5899961419031157,0.5899964119533467,0.5899966631075486,0.5899968966870629,0.58999711392095,0.589997315952418,0.5899975038448063,0.589997678587153,0.5899970860091989,0.5899963422215803,0.5899965982551969,0.5899968363729039,0.5899970578275957,0.5899972637846531,0.5899965653580689,0.5899956887330879,0.589995990490608,0.5899962711351749,0.5899965321429235,0.5899956470440924,0.5899959517183726,0.5899962350757804,0.5899964986066872,0.5899967436974114,0.5899969716374642,0.5899961986678207,0.5899964647462571,0.5899967122063717,0.5899958730459831,0.5899961619079276,0.5899964305585007,0.5899966804108947,0.589996912779622,0.5899961247927008,0.5899951357766697,0.5899954762196741,0.5899943217712915,0.5899947191557525,0.5899950887433854,0.5899938354737825,0.5899922626386367,0.5899928040253847,0.589993307556444,0.5899937758753879,0.5899942114416455,0.589994616543265,0.5899949933088025,0.5899953437183924,0.5899956696140561,0.5899959727093009,0.5899949448986828,0.589995298694824,0.5899956277403374,0.5899959337652463,0.5899962183788461,0.5899964830781034,0.5899967292554722,0.5899969582061714,0.5899961818095226,0.5899964490675875,0.589996697624838
γ_R^μ,0.435,0.4419716896543131,0.7050000000000001,0.435,0.435,0.4592742571413354,0.41045874604834687,0.4337544432993382,0.45610972792907223,0.6259017675819992,0.6304547583213208,0.6317213713700451,0.630753603243001,0.6284315843627173,0.6254760267651578,0.6223897910639352,0.6313430310686047,0.6276414590395354,0.6238478563721817,0.635251470338983,0.6301385733806746,0.6449485072433433,0.6396270273002445,0.6322643503021783,0.6306125371762867,0.6216991325357564,0.6248845040064184,0.6214362574751529,0.6149560536068102,0.6216601027768732,0.6177463367292577,0.6145758899577044,0.6121322735086455,0.610332327852071,0.6091045244317208,0.6083843645103211,0.6080915402433349,0.6081522679085634,0.6085005519015654,0.6090800010989134,0.6098417190283301,0.6107423469525195,0.6117454101878137,0.6128277115415536,0.6139575281512734,0.6151139581963876,0.6162800894931398,0.6174423782755668,0.618595864583036,0.6197262648192815,0.6208270474112391,0.6218933360278119,0.6229216128057651,0.6239094693225009,0.6248553983976421,0.6257586205535708,0.6266189397362165,0.6236892633471406,0.6246516856027742,0.625569727639927,0.6264434492933985,0.6272733250053706,0.6280601546021517,0.6288049894130743,0.6295090712265023,0.6301737819791823,0.6279129533415997,0.6286675476182969,0.6293806565058484,0.6300537423595776,0.6306924499287284,0.6285346146459034,0.6292563461561869,0.6299374514134494,0.6305836822140074,0.6187444540387665,0.6199681603183042,0.6211369708240952,0.6222512200156363,0.6233116062883554,0.6243191249061968,0.6252750101842675,0.6261806856984575,0.6270377214781252,0.6278477972867946,0.6286126712195963,0.6293341529494815,0.6300140810408197,0.630658435981269,0.6284841130154893,0.6292132878031761,0.6299004974839456,0.6305517869564664,0.6311643415916168,0.6317400375763268,0.6322807187566605,0.6327881877120126,0.6332641986283597,0.633712755774093,0.6341329051604903,0.6327193268501927,0.6331996821895003,0.6336523550520101,0.6340763795606369,0.6344733731333015,0.63484488819359,0.6351924109574021,0.6355173609525795,0.6358210911543113,0.6361048886328688,0.6363699756227111,0.6354754459236065,0.6357819292768757,0.6360683099578681,0.6363358193543368,0.6365856250937809,0.6368188327214083,0.6360314040245364,0.6363013554021745,0.6365534502541477,0.6357025586236168,0.6359941673616746,0.6362665805816978,0.6365209834831494,0.6367584985453675,0.6359565965684256,0.636231491760294,0.6364882218870337,0.6367279178951551,0.6359186883017892,0.6361960858473804,0.636455162601747,0.636697057984361,0.6369228499545986,0.6371335570363691,0.6373301404726855,0.6375135064708902,0.6376845085049399,0.6378439496462334,0.6379925848989854,0.6381311235201504,0.6382602313074168,0.6383805328418782,0.638492613674668,0.6385970224491719,0.6386942729524366,0.6387848460911085,0.6388691917886999,0.638947730802214,0.6390208564572006,0.6390889363011757,0.6391523136760521,0.6392113092108069,0.6390114561251159,0.6390801849367923,0.6391441670744681,0.6389274415002626,0.6390019662658192,0.6390713501328509,0.6391359427190508,0.6389171518826849,0.6386435423487059,0.6383017092692967,0.6384191786426243,0.6380216746319769,0.6375261426623645,0.6376962937422848,0.6378549388709507,0.6380028298493979,0.6381406728648779,0.6382691307826462,0.6383888253901888,0.6385003395836437,0.6381229451364395,0.6382526111855875,0.6383734337263558,0.6379646088688387,0.6381050509373302,0.6376300156425476,0.6377931464276608,0.6379452294348819,0.6374309327739579,0.6376075099529385,0.637772162878536,0.6379256685272601,0.6380687570237076,0.638202113954085,0.63832638263831,0.6384421663491902,0.6380503542273118,0.6381849639343044,0.6383104024170041,0.6384272781360681,0.638536161379486,0.6386375863602819,0.6382942716585589,0.6384122494100898,0.6385221611671148,0.6386245458101335,0.6387199079044084,0.6388087196569321,0.638891422793545,0.6389684303546517,0.6387076474054666,0.638797301838912,0.6388807907598767,0.6397854723069086,0.6397308081479041,0.639749620879041,0.6397671212262891,0.639783400423258,0.6397985434042873,0.6397472034192125,0.6397648724310504,0.6397813085644268,0.6397965975638994,0.6398108192486093,0.6398240479166243,0.6398363527223883,0.639847798028968,0.6398584437366999,0.6396448281348951,0.6396696343680865,0.6396927121697784,0.6397141814183269,0.6397341537524917,0.6399493144221982,0.6399528621821481,0.6399408314689573,0.6399449727453393,0.6399488242832365,0.6399357635098567,0.6399193715108838,0.6399792742145793,0.6399807252339568,0.6399820746813902,0.6399833296649771,0.6399790737432285,0.6399805387960034,0.6399819012946842,0.6399831684160804,0.6399843468350399,0.6399803505553291,0.6399753342139403,0.639977061025904,0.6399786669668108,0.6399801604944594,0.6399815494752054,0.6399828412252682,0.6399840425491591,0.6399799685957573,0.639974854760417,0.6399766151329425,0.6399782522859245,0.6399727003843528,0.639974611551353,0.6399763889477408,0.6399780419333262,0.639979579213481,0.6399743659907383,0.6399761605754837,0.6399778295466747,0.6398705728469848,0.6398796270557874,0.6398880484143403,0.6398958810823846,0.6398693220302123,0.639878463659482,0.6398869663392054,0.6398948746532414,0.639902230084688,0.639877289029809,0.6398858738145163,0.639893858503848,0.6399012849794882,0.6399081922090828,0.639884770739524,0.6398928325404659,0.6398654966589001,0.6398749056362002,0.6398836570125142,0.6398539833020102,0.6398167518803272,0.6398295662492486,0.6398414856157674,0.6398525723423719,0.6398628844661735,0.6398724759962132,0.6398813971906961,0.6398896948154623,0.6398974123849194,0.6399045903865902,0.6399112664903571,0.6399174757434201,0.6399232507519156,0.6399036680808929,0.6399104086767379,0.6399166779180433,0.6399225087246951,0.639927931722941,0.6399329754044496,0.6399158723844859,0.6399839786013755,0.6399851003050041,0.6399861434833513,0.6399871136324764,0.6399880158639177,0.6399888549315734,0.6399896352567073,0.639986988982641,0.6399836671601089,0.6399794973820402,0.6399809327825408,0.6399822677035119,0.6399835091767715,0.63997929907193,0.6399807483541886,0.6399758335427888,0.6399775254065054,0.6399717879775633,0.6399737630091056,0.6399755998011066,0.6399693709096305,0.6399715151151188,0.6399642437704339,0.6399551169085996,0.639958258652344,0.6399476046909901,0.6399342328144849,0.6399388357228226,0.6399431166242803,0.6399470980265152,0.6399508008665189,0.6399542446198765,0.6399574474024712,0.6399604260651524,0.6399631962818478,0.639953802140999,0.6399570358859838,0.6399460699580168,0.6399498447293014,0.6399533553846696,0.6399566203911573,0.6399596569263136,0.6399624809680069,0.6399651073780082,0.6399675499797781,0.6399698216308571,0.6399621181158387,0.6399524488739655,0.6399557773123686,0.6399588728436554,0.6399617517555124,0.6399644291979404,0.6399553496504176,0.6399439535222792,0.6399478763716996,0.6399515247523786,0.6399549178541419,0.6399434115664178,0.6399473723334906,0.6399510559809227,0.6399544818836012,0.6399576680637192,0.6399606312849598,0.6399505826780256,0.6399540416984688,0.639957258680566,0.6399463495937973,0.6399501047999158,0.6399535972580304,0.6399568453396741,0.6399598661335423,0.6399496223023998,0.6399367650919449,0.639941190852005,0.6399261830201922,0.6399313490195773,0.6399361536599006,0.6399198611519592,0.6398994142896118,0.6399064523200066,0.6399129982258852,0.639919086373821,0.6399247487364818,0.6399300150585705,0.6399349130113743,0.6399394683366874,0.6399437049808264,0.6399476452194094,0.6399342836802381,0.6399388830306314,0.6399431606227447,0.6399471389469054,0.6399508389239773,0.6399542800145371,0.6399574803205019,0.639960456679726,0.6399503635229125,0.6399538378779409,0.639957069122345
α_N^μ,0.6950000000000001,0.6975776192147691,0.7975,0.6950000000000001,0.6950000000000001,0.7039296907641073,0.6859627386343967,0.6945305643190876,0.7002019144980949,0.7884679175326919,0.7879201554620074,0.7860264631261897,0.7833185681638892,0.7802087084301993,0.7735956586128181,0.770638662325059,0.778546144845829,0.7749584491612884,0.7716281773361202,0.7804438726519177,0.7762401970510631,0.7791860901108312,0.7743281122914283,0.7696568928438343,0.7653583264516371,0.7615381303749513,0.7582416655446763,0.7518205150685051,0.7496967882132728,0.755179431493416,0.752180322384143,0.7497298110519732,0.7478000660715627,0.746321304440135,0.7452383143947428,0.7445044338275477,0.7440631745930557,0.743863804058347,0.7438616616049507,0.7440178349241221,0.7443011099424591,0.7446828814453514,0.7451391798046285,0.7456535304836152,0.7462065158042303,0.7467844403046233,0.7473762024158591,0.747972880966822,0.7485703298699518,0.7491599839299122,0.7497374311981907,0.750299320559649,0.7508431705584049,0.7513672095678023,0.7518702426053554,0.7523515406567796,0.7528107489239948,0.7512446379014514,0.7517573602097058,0.7522472843398829,0.7527142255313769,0.753158264535652,0.7535796914836604,0.7539789595283474,0.7543566466383,0.754713424182686,0.7534992934818274,0.7539040479992287,0.7542867803513595,0.7546482146348678,0.7549913346789273,0.7538316720443903,0.7542192098082581,0.7545850917447966,0.7549323665941108,0.7485712679319744,0.7492268874219421,0.7498535975930078,0.7504514522875997,0.7510207254053072,0.7515618702962723,0.752075484948703,0.7525622821705834,0.7530230640852991,0.7534587003607562,0.7538701096749044,0.7542582439902484,0.7546240752683491,0.7549708079223714,0.7538006591327953,0.7541929821280072,0.754562771145143,0.7549132673496537,0.7552429468053667,0.7555528115545471,0.7558438478776102,0.7561170211579248,0.7563732717799592,0.7566147522496937,0.7568409466630044,0.7560799006804126,0.7563384991991008,0.7565822026877523,0.7568104891444698,0.7570242276281979,0.7572242525823083,0.7574113631035473,0.7575863226213571,0.7577498589213264,0.7579026644545569,0.758045396881943,0.757563745927025,0.7577287661704899,0.7578829638278742,0.7580270015529244,0.7581615077500381,0.7582870774606526,0.7578630875926441,0.7580084410282448,0.758144180455354,0.7576860191536618,0.7578430337962221,0.7579897135271283,0.7581266962942516,0.7582545863221068,0.7578228005353262,0.7579708173058306,0.7581090536635436,0.7582381184180567,0.7578023859477361,0.7579517506510695,0.7580912509822229,0.7582215003354226,0.7583430790399075,0.7584565354441415,0.7585623870712218,0.7586611218240757,0.7587531992221637,0.758839051654164,0.7589190856336006,0.7589936830465386,0.7590632023823984,0.7591279799406101,0.7591883310072889,0.7592445509973769,0.7592969165587818,0.7593456866359753,0.7593911034913061,0.7594333936829514,0.7594727689989957,0.7595094273475883,0.7595435536035238,0.7595753204118936,0.7594677072628426,0.759504715059557,0.7595391669601377,0.7594224686296722,0.7594625973223224,0.7594999578445795,0.7595347384509187,0.7594169280485683,0.7592695999220298,0.759085536103322,0.7591487887707139,0.7589347483528979,0.7586679238014455,0.7587595434396244,0.7588449676020811,0.7589246010971213,0.7589988241733769,0.7590679937535137,0.7591324446423985,0.7591924907041931,0.758989278429056,0.7590590985508057,0.759124156795722,0.7589040204644438,0.7589796430527812,0.7587238549973028,0.7588116945625369,0.7588935853428025,0.758616656568138,0.7587117364912491,0.7588003956827286,0.7588830525103191,0.7589601001146918,0.7590319076550067,0.7590988215322051,0.7591611665838373,0.7589501908920554,0.7590226730095594,0.759090216782325,0.7591531498415875,0.7592117792643673,0.7592663927029397,0.7590815309760917,0.7591450574402324,0.759204240680228,0.7592593708617321,0.7593107196731244,0.759358541379228,0.759403073832039,0.7594445394376288,0.759304117861566,0.7593523933198688,0.7593973488880679,0.7598844850949511,0.7598550505527917,0.7598651804824941,0.7598746037444647,0.7598833694643846,0.7598915233760432,0.7598638787720974,0.7598733928537278,0.7598822430780766,0.7598904756152159,0.759898133444625,0.7599052565729095,0.7599118822370415,0.759918045094028,0.7599237773978735,0.7598087536191912,0.7598221108199728,0.7598345373272296,0.7598460976907698,0.7598568520237121,0.7599727077669888,0.7599746180990186,0.7599681400233947,0.7599703699410989,0.7599724438458462,0.7599654111224943,0.7599565846628712,0.7599888399643622,0.7599896212819263,0.7599903479070238,0.7599910236670665,0.7599887320178843,0.7599895208919702,0.7599902545447234,0.7599909368405576,0.7599915713736053,0.7599894195313581,0.7599867184256399,0.7599876482468867,0.7599885129838405,0.7599893171906748,0.7599900651030993,0.7599907606606008,0.7599914075271338,0.7599892138604191,0.7599864602576551,0.7599874081501219,0.7599882896936948,0.759985300209196,0.7599863292986475,0.7599872863578686,0.7599881764267361,0.7599890041927414,0.7599861970734587,0.7599871633880004,0.7599880620645423,0.7599303084572319,0.759935183800188,0.7599397183776768,0.7599439359680094,0.7599296349403485,0.7599345573558975,0.7599391357217353,0.759943394044546,0.7599473546613751,0.7599339248628881,0.7599385474391248,0.7599428468871128,0.7599468457585217,0.759950565035925,0.7599379534755932,0.7599422944452333,0.7599275751246675,0.7599326414969239,0.7599373537763703,0.7599213756248636,0.7599013279367974,0.7599082279813405,0.7599146461015679,0.7599206158772694,0.7599261685591883,0.7599313332291087,0.759936136949135,0.7599406049008692,0.7599447605151425,0.7599486255929261,0.7599522204180004,0.759955563861933,0.7599586734818728,0.7599481289667613,0.7599517585183434,0.7599551342636406,0.7599582739287443,0.7599611940047096,0.7599639098332039,0.7599547005147912,0.7599913730930741,0.7599919770873302,0.7599925387987437,0.7599930611867307,0.759993547003658,0.7599939988093166,0.759994418984387,0.7599929940675868,0.7599912053939238,0.7599889601288247,0.7599897330367793,0.7599904518403735,0.7599911203259705,0.7599888533464529,0.7599896337292014,0.7599869872923111,0.7599878982958423,0.7599848089110512,0.7599858723895624,0.7599868614313997,0.759983507412939,0.759984661985112,0.7599807466457027,0.7599758321817018,0.7599775238898406,0.7599717871415077,0.7599645869004678,0.7599670653894967,0.7599693704902215,0.7599715143221468,0.7599735081590345,0.7599753624877361,0.7599770870629562,0.7599786909582277,0.7599801826133569,0.7599751242298638,0.7599768654771433,0.7599709607467563,0.7599729933158818,0.7599748836687503,0.7599766417491495,0.7599782768065276,0.7599797974443517,0.7599812116651131,0.7599825269122134,0.7599837501089428,0.7599796020624096,0.759974395547581,0.7599761877836313,0.7599778546081601,0.7599794047914599,0.7599808464912223,0.7599759575041126,0.7599698211274541,0.7599719334309728,0.759973897943634,0.75997572499842,0.7599695293050572,0.7599716620257755,0.7599736455282283,0.759975490245047,0.7599772058804886,0.7599788014611515,0.7599733906728168,0.7599752532222791,0.7599769854434026,0.7599711113197739,0.7599731333538299,0.7599750139081932,0.7599767628752274,0.7599783894565371,0.7599728735474712,0.7599659504341684,0.7599683335357299,0.7599602523955494,0.759963034087513,0.7599656212015231,0.7599568483126605,0.7599458384637547,0.759949628172404,0.7599531528909346,0.759956431124423,0.7599594800889204,0.7599623158008048,0.7599649531599991,0.7599674060274695,0.7599696872973858,0.7599718089643114,0.7599646142893836,0.7599670908626669,0.7599693941814932,0.7599715363560379,0.7599735286513818,0.7599753815462967,0.7599771047879685,0.759978707442934,0.759973272666192,0.759975143472744,0.7599768833735755
γ_N^μ,0.665,0.6675776192147691,0.7475,0.665,0.665,0.6739296907641072,0.6559627386343967,0.6618342177206493,0.6702019144980949,0.7655645333533674,0.7643347384784263,0.7583545365035762,0.7548550367712873,0.7510273446536898,0.7472394017918446,0.7437136178590211,0.7449778591076363,0.740171164826608,0.7360402146110443,0.7469673934475068,0.7382913655567098,0.7513920992989056,0.7456873334662766,0.7402648432652956,0.7312903751093967,0.7220329999824662,0.7181113800780838,0.7111321110903794,0.708549236197604,0.7149724609531484,0.7114801894675331,0.708619237272535,0.7063594656017164,0.7046211833515732,0.7033413150529699,0.7024665047842912,0.7019316238155199,0.7016780595581491,0.7016541370042129,0.7018146676496966,0.7021235878257742,0.7025477078830543,0.7030591999340201,0.7036388117460697,0.7042641052757967,0.704919156558586,0.7055910509480067,0.7062694042655151,0.7069493041715571,0.7076208590279793,0.7082789195282115,0.7089195684418761,0.709539898695497,0.7101378278174143,0.7107119433091469,0.7112613741508467,0.7117856842826871,0.7099972532194504,0.7105825413744291,0.7111419100298159,0.7116751213389528,0.7121822460692692,0.7126635984705463,0.7131196824946853,0.7135511474795907,0.7139587517166364,0.7125715745874134,0.7130339574526241,0.7134712112340239,0.7138841556423196,0.7142761938857046,0.7129511435081166,0.7133939092790738,0.7138119527389769,0.7142087521770051,0.7069406424212653,0.7076895133648119,0.7084054255531057,0.7090884248902712,0.7097388117567536,0.710357094045565,0.7109439469210399,0.7115001783684123,0.7120266997421304,0.7125245006373828,0.7129946275066124,0.7134381655241604,0.7138562232703993,0.7142524609695078,0.7129152273669954,0.7133635581751485,0.7137861436181772,0.7141866861790825,0.7145634431806595,0.7149175587973182,0.7152501593945162,0.7155623476192292,0.7158551976793858,0.7161311691313358,0.7163896720957708,0.7155199190718383,0.7158154535062246,0.7160939664010169,0.7163548609456181,0.7165991301201631,0.7168277273913505,0.7170415658673327,0.7172415179235466,0.7174284152233925,0.717603049066914,0.7177661710089469,0.7172157151126579,0.7174043085308288,0.717580533518116,0.7177451473434151,0.717898868143796,0.7180423759353992,0.7175578173490467,0.7177239349422986,0.7178790652265052,0.7173554536863971,0.7175348983177696,0.7177025317622493,0.717859083073842,0.7180052427716442,0.7175117742401849,0.7176809358033657,0.7178389198480197,0.7179864221365281,0.7174884429803463,0.7176591451015291,0.7178185737373657,0.7179674298925778,0.7181063767869095,0.718236041093488,0.7183570142587018,0.7184698538791033,0.7185750851144113,0.7186732021188589,0.7187646694759617,0.7188499236242722,0.7189293742638769,0.7190034057353143,0.7190723783642547,0.7191366297667325,0.7191964761109612,0.7192522133328281,0.7193041183030743,0.7193524499449241,0.7193974503015811,0.7194393455535336,0.7194783469860598,0.719514651907678,0.7193916654579263,0.7194339600796525,0.7194733336778765,0.7193399641642338,0.7193858255238871,0.7194285232609439,0.719468272523227,0.7193336320693409,0.7191652570779906,0.7189548984462548,0.7190271872000625,0.7187825696048722,0.71847762730434,0.7185823354407052,0.7186799630379059,0.7187709727330606,0.7188557990952854,0.7189348500356076,0.7190085081876919,0.7190771322530685,0.7188448896677081,0.7189246840853145,0.7189990363594907,0.7187474519970396,0.7188338778043675,0.7185415486204136,0.718641936684036,0.7187355261385576,0.7184190361347109,0.7185276988920529,0.7186290236728872,0.7187234886112533,0.7188115430103625,0.7188936087660696,0.7189700817649057,0.7190413332495812,0.7188002181814493,0.7188830548831548,0.7189602477631446,0.7190321712569396,0.7190991763095662,0.7191615916663714,0.718950321125812,0.7190229227969549,0.7190905607838144,0.7191535667041851,0.7192122510589969,0.71926690443656,0.7193177986676798,0.7193651879306864,0.7192047061309526,0.719259878082573,0.7193112558742274,0.7198679829664774,0.7198343434903425,0.7198459205525564,0.7198566899945693,0.7198667079600033,0.7198760267160355,0.7198444328833757,0.7198553061193185,0.7198654206612685,0.7198748292750135,0.7198835810799511,0.7198917217979105,0.7198992939854266,0.7199063372505041,0.7199128884548598,0.7197814327086491,0.7197966980807597,0.7198108998031721,0.7198241116470866,0.7198364023132026,0.7199688088767059,0.7199709921132803,0.7199635885983695,0.7199661370757026,0.7199685072525226,0.7199604698545023,0.7199503824722445,0.7199872456738868,0.719988138608176,0.7199889690368039,0.7199897413339523,0.7199871223064382,0.7199880238767621,0.7199888623370039,0.7199896421036343,0.7199903672842307,0.7199879080360316,0.7199848210582145,0.7199858837109961,0.7199868719817438,0.7199877910752241,0.7199886458322454,0.7199894407550762,0.7199901800310922,0.7199876729834803,0.719984526009002,0.7199856093146247,0.7199866167929516,0.7199832002393581,0.7199843763415298,0.7199854701234507,0.7199864873449773,0.7199874333632406,0.7199842252269985,0.7199853295864349,0.7199863566453083,0.7199203525226947,0.7199259243431856,0.7199311067174345,0.7199359268206529,0.719919582789094,0.719925208406838,0.7199304408249179,0.7199353074795422,0.7199398338987624,0.7199244855576709,0.7199297685019237,0.7199346821567528,0.7199392522954947,0.7199435028982326,0.71992908968645,0.7199340507945977,0.7199172287139853,0.7199230188536903,0.7199284043159014,0.7199101435713599,0.7198872319279214,0.7198951176930813,0.7199024526876014,0.7199092752883831,0.7199156212105603,0.7199215236904567,0.7199270136561912,0.7199321198867368,0.7199368691601857,0.7199412863919336,0.7199453947634432,0.7199492158422204,0.7199527696935779,0.7199407188191713,0.719944866878119,0.7199487248727419,0.7199523130614296,0.7199556502911028,0.7199587540950949,0.7199482291597696,0.7199901406778021,0.7199908309569513,0.7199914729128518,0.7199920699276937,0.7199926251470389,0.7199931414963628,0.719993621696443,0.7199919932201005,0.7199899490216297,0.719987383004375,0.7199882663277509,0.7199890878175723,0.7199898518011111,0.7199872609673782,0.7199881528333758,0.7199851283340748,0.7199861694809665,0.7199826387554942,0.7199838541595053,0.7199849844930326,0.7199811513290805,0.719982470840134,0.7199779961665277,0.719972379636249,0.7199743130169752,0.719967756733177,0.7199595278862935,0.7199623604451743,0.7199649948459953,0.7199674449396183,0.7199697236103425,0.7199718428431406,0.7199738137862464,0.7199756468094115,0.7199773515581288,0.7199715705484275,0.7199735605453159,0.7199668122820234,0.7199691352181633,0.719971295621439,0.7199733048561787,0.7199751734931809,0.7199769113649784,0.7199785276172761,0.7199800307568183,0.7199814286959371,0.7199766880713294,0.7199707377686715,0.7199727860384417,0.7199746909807592,0.7199764626188149,0.7199781102756856,0.7199725228618481,0.7199655098599566,0.7199679239211187,0.7199701690784445,0.7199722571410558,0.7199651763486445,0.7199676137437494,0.7199698806036944,0.7199719888514861,0.7199739495777042,0.7199757730984613,0.7199695893403663,0.7199717179683224,0.7199736976496057,0.7199669843654605,0.7199692952615235,0.7199714444665094,0.7199734432859763,0.7199753022360441,0.7199689983399701,0.7199610862104836,0.7199638097551242,0.7199545741663497,0.719957753242878,0.7199607099446025,0.7199506837859059,0.7199381011014486,0.7199424321970446,0.7199464604467913,0.7199502069993476,0.7199536915302004,0.7199569323437812,0.719959946468574,0.7199627497456821,0.7199653569113001,0.7199677816735003,0.7199595591878698,0.719962389557336,0.7199650219217083,0.7199674701211878,0.7199697470301519,0.71997186462434,0.7199738340433932,0.719975665649068,0.7199694544756488,0.7199715925402795,0.7199735809983725
L_C(voice),1.0,1.0,1.0,1.0,1.0,1.0,1.0,1.0,1.0,1.0,1.0,1.0,1.0,1.0,1.0,1.0,1.0,1.0,1.0,1.0,1.0,1.0,1.0,1.0,1.0,1.0,1.0,1.0,1.0,1.0,1.0,1.0,1.0,1.0,1.0,1.0,1.0,1.0,1.0,1.0,1.0,1.0,1.0,1.0,1.0,1.0,1.0,1.0,1.0,1.0,1.0,1.0,1.0,1.0,1.0,1.0,1.0,1.0,1.0,1.0,1.0,1.0,1.0,1.0,1.0,1.0,1.0,1.0,1.0,1.0,1.0,1.0,1.0,1.0,1.0,1.0,1.0,1.0,1.0,1.0,1.0,1.0,1.0,1.0,1.0,1.0,1.0,1.0,1.0,1.0,1.0,1.0,1.0,1.0,1.0,1.0,1.0,1.0,1.0,1.0,1.0,1.0,1.0,1.0,1.0,1.0,1.0,1.0,1.0,1.0,1.0,1.0,1.0,1.0,1.0,1.0,1.0,1.0,1.0,1.0,1.0,1.0,1.0,1.0,1.0,1.0,1.0,1.0,1.0,1.0,1.0,1.0,1.0,1.0,1.0,1.0,1.0,1.0,1.0,1.0,1.0,1.0,1.0,1.0,1.0,1.0,1.0,1.0,1.0,1.0,1.0,1.0,1.0,1.0,1.0,1.0,1.0,1.0,1.0,1.0,1.0,1.0,1.0,1.0,1.0,1.0,1.0,1.0,1.0,1.0,1.0,1.0,1.0,1.0,1.0,1.0,1.0,1.0,1.0,1.0,1.0,1.0,1.0,1.0,1.0,1.0,1.0,1.0,1.0,1.0,1.0,1.0,1.0,1.0,1.0,1.0,1.0,1.0,1.0,1.0,1.0,1.0,1.0,1.0,1.0,1.0,1.0,1.0,1.0,1.0,1.0,1.0,1.0,1.0,1.0,1.0,1.0,1.0,1.0,1.0,1.0,1.0,1.0,1.0,1.0,1.0,1.0,1.0,1.0,1.0,1.0,1.0,1.0,1.0,1.0,1.0,1.0,1.0,1.0,1.0,1.0,1.0,1.0,1.0,1.0,1.0,1.0,1.0,1.0,1.0,1.0,1.0,1.0,1.0,1.0,1.0,1.0,1.0,1.0,1.0,1.0,1.0,1.0,1.0,1.0,1.0,1.0,1.0,1.0,1.0,1.0,1.0,1.0,1.0,1.0,1.0,1.0,1.0,1.0,1.0,1.0,1.0,1.0,1.0,1.0,1.0,1.0,1.0,1.0,1.0,1.0,1.0,1.0,1.0,1.0,1.0,1.0,1.0,1.0,1.0,1.0,1.0,1.0,1.0,1.0,1.0,1.0,1.0,1.0,1.0,1.0,1.0,1.0,1.0,1.0,1.0,1.0,1.0,1.0,1.0,1.0,1.0,1.0,1.0,1.0,1.0,1.0,1.0,1.0,1.0,1.0,1.0,1.0,1.0,1.0,1.0,1.0,1.0,1.0,1.0,1.0,1.0,1.0,1.0,1.0,1.0,1.0,1.0,1.0,1.0,1.0,1.0,1.0,1.0,1.0,1.0,1.0,1.0,1.0,1.0,1.0,1.0,1.0,1.0,1.0,1.0,1.0,1.0,1.0,1.0,1.0,1.0,1.0,1.0,1.0,1.0,1.0,1.0,1.0,1.0,1.0,1.0,1.0,1.0,1.0,1.0,1.0,1.0,1.0,1.0,1.0,1.0,1.0,1.0,1.0,1.0,1.0,1.0,1.0,1.0,1.0
V_τ (signal),Ignored,Ignored,Ignored,Ignored,Ignored,Ignored,Ignored,Ignored,Ignored,Ignored,Ignored,Ignored,Ignored,Ignored,Ignored,Ignored,Ignored,Ignored,Ignored,Ignored,Ignored,Ignored,Ignored,Ignored,Ignored,Ignored,Ignored,Ignored,Ignored,Ignored,Ignored,Ignored,Ignored,Ignored,Ignored,Ignored,Ignored,Ignored,Ignored,Ignored,Ignored,Ignored,Ignored,Ignored,Ignored,Ignored,Ignored,Ignored,Ignored,Ignored,Ignored,Ignored,Ignored,Ignored,Ignored,Ignored,Ignored,Ignored,Ignored,Ignored,Ignored,Ignored,Ignored,Ignored,Ignored,Ignored,Ignored,Ignored,Ignored,Ignored,Ignored,Ignored,Ignored,Ignored,Ignored,Ignored,Ignored,Ignored,Ignored,Ignored,Ignored,Ignored,Ignored,Ignored,Ignored,Ignored,Ignored,Ignored,Ignored,Ignored,Ignored,Ignored,Ignored,Ignored,Ignored,Ignored,Ignored,Ignored,Ignored,Ignored,Ignored,Ignored,Ignored,Ignored,Ignored,Ignored,Ignored,Ignored,Ignored,Ignored,Ignored,Ignored,Ignored,Ignored,Ignored,Ignored,Ignored,Ignored,Ignored,Ignored,Ignored,Ignored,Ignored,Ignored,Ignored,Ignored,Ignored,Ignored,Ignored,Ignored,Ignored,Ignored,Ignored,Ignored,Ignored,Ignored,Ignored,Ignored,Ignored,Ignored,Ignored,Ignored,Ignored,Ignored,Ignored,Ignored,Ignored,Ignored,Ignored,Ignored,Ignored,Ignored,Ignored,Ignored,Ignored,Ignored,Ignored,Ignored,Ignored,Ignored,Ignored,Ignored,Ignored,Ignored,Ignored,Ignored,Ignored,Ignored,Ignored,Ignored,Ignored,Ignored,Ignored,Ignored,Ignored,Ignored,Ignored,Ignored,Ignored,Ignored,Ignored,Ignored,Ignored,Ignored,Ignored,Ignored,Ignored,Ignored,Ignored,Ignored,Ignored,Ignored,Ignored,Ignored,Ignored,Ignored,Ignored,Ignored,Ignored,Ignored,Ignored,Ignored,Ignored,Ignored,Ignored,Ignored,Ignored,Ignored,Ignored,Ignored,Ignored,Ignored,Ignored,Ignored,Ignored,Ignored,Ignored,Ignored,Ignored,Ignored,Ignored,Ignored,Ignored,Ignored,Ignored,Ignored,Ignored,Ignored,Ignored,Ignored,Ignored,Ignored,Ignored,Ignored,Ignored,Ignored,Ignored,Ignored,Ignored,Ignored,Ignored,Ignored,Ignored,Ignored,Ignored,Ignored,Ignored,Ignored,Ignored,Ignored,Ignored,Ignored,Ignored,Ignored,Ignored,Ignored,Ignored,Ignored,Ignored,Ignored,Ignored,Ignored,Ignored,Ignored,Ignored,Ignored,Ignored,Ignored,Ignored,Ignored,Ignored,Ignored,Ignored,Ignored,Ignored,Ignored,Ignored,Ignored,Ignored,Ignored,Ignored,Ignored,Ignored,Ignored,Ignored,Ignored,Ignored,Ignored,Ignored,Ignored,Ignored,Ignored,Ignored,Ignored,Ignored,Ignored,Ignored,Ignored,Ignored,Ignored,Ignored,Ignored,Ignored,Ignored,Ignored,Ignored,Ignored,Ignored,Ignored,Ignored,Ignored,Ignored,Ignored,Ignored,Ignored,Ignored,Ignored,Ignored,Ignored,Ignored,Ignored,Ignored,Ignored,Ignored,Ignored,Ignored,Ignored,Ignored,Ignored,Ignored,Ignored,Ignored,Ignored,Ignored,Ignored,Ignored,Ignored,Ignored,Ignored,Ignored,Ignored,Ignored,Ignored,Ignored,Ignored,Ignored,Ignored,Ignored,Ignored,Ignored,Ignored,Ignored,Ignored,Ignored,Ignored,Ignored,Ignored,Ignored,Ignored,Ignored,Ignored,Ignored,Ignored,Ignored,Ignored,Ignored,Ignored,Ignored,Ignored,Ignored,Ignored,Ignored,Ignored,Ignored,Ignored,Ignored,Ignored,Ignored,Ignored,Ignored,Ignored,Ignored,Ignored,Ignored,Ignored,Ignored,Ignored,Ignored,Ignored,Ignored,Ignored,Ignored,Ignored,Ignored,Ignored,Ignored,Ignored,Ignored,Ignored,Ignored,Ignored
d (detection),False,False,False,False,False,True,False,False,False,False,False,False,False,False,False,True,False,False,True,False,True,False,False,False,False,False,False,False,True,False,False,False,False,False,False,False,False,False,False,False,False,False,False,False,False,False,False,False,False,False,False,False,False,False,False,False,True,False,False,False,False,False,False,False,False,True,False,False,False,False,True,False,False,False,False,False,False,False,False,False,False,False,False,False,False,False,False,False,True,False,False,False,False,False,False,False,False,False,False,True,False,False,False,False,False,False,False,False,False,False,True,False,False,False,False,False,True,False,False,True,False,False,False,False,True,False,False,False,True,False,False,False,False,False,False,False,False,False,False,False,False,False,False,False,False,False,False,False,False,False,False,False,True,False,False,True,False,False,False,True,True,True,False,True,True,False,False,False,False,False,False,False,True,False,False,True,False,True,False,False,True,False,False,False,False,False,False,False,True,False,False,False,False,False,True,False,False,False,False,False,False,False,True,False,False,False,True,False,False,False,False,True,False,False,False,False,False,False,False,False,False,False,False,False,False,False,False,True,False,False,True,True,True,False,False,False,True,False,False,False,False,True,True,False,False,False,False,False,False,True,True,False,False,True,False,False,False,False,True,False,False,False,False,False,False,True,False,False,False,False,True,False,False,False,False,True,False,True,False,False,True,True,False,False,False,False,False,False,False,False,False,False,False,False,True,False,False,False,False,False,True,False,False,False,False,False,False,False,True,True,True,False,False,False,True,False,True,False,True,False,False,True,False,True,True,False,True,True,False,False,False,False,False,False,False,False,True,False,True,False,False,False,False,False,False,False,False,True,True,False,False,False,False,True,True,False,False,False,True,False,False,False,False,False,True,False,False,True,False,False,False,False,True,True,False,True,False,False,True,True,False,False,False,False,False,False,False,False,False,True,False,False,False,False,False,False,False,True,False,False,False
p_det,0.07585818002124359,0.19781611144141825,0.20261984643113046,0.27289178365887057,0.20751005855963564,0.20100899975052938,0.19466158359157792,0.19781611144141825,0.20100899975052938,0.20587037180094736,0.20587037180094736,0.20587037180094736,0.20751005855963564,0.20751005855963564,0.20751005855963564,0.20751005855963564,0.20587037180094736,0.20587037180094736,0.20587037180094736,0.20261984643113046,0.20261984643113046,0.20100899975052947,0.20100899975052947,0.20100899975052947,0.20100899975052947,0.20100899975052947,0.20100899975052947,0.20100899975052947,0.20100899975052947,0.19781611144141825,0.19940775684866854,0.19940775684866854,0.20100899975052947,0.20261984643113046,0.20261984643113046,0.20261984643113046,0.20261984643113046,0.20261984643113046,0.20424030228409187,0.20424030228409187,0.20424030228409187,0.20424030228409187,0.20587037180094736,0.20587037180094736,0.20587037180094736,0.20587037180094736,0.20587037180094736,0.20751005855963564,0.20751005855963564,0.20751005855963564,0.20751005855963564,0.20751005855963564,0.20751005855963564,0.20751005855963564,0.20751005855963564,0.20751005855963564,0.20751005855963564,0.20751005855963564,0.20751005855963564,0.20751005855963564,0.20751005855963564,0.20751005855963564,0.20751005855963564,0.20751005855963564,0.20751005855963564,0.2091593652130633,0.20751005855963564,0.20751005855963564,0.20751005855963564,0.2091593652130633,0.2091593652130633,0.20751005855963564,0.20751005855963564,0.2091593652130633,0.2091593652130633,0.20751005855963564,0.20751005855963564,0.20751005855963564,0.20751005855963564,0.20751005855963564,0.20751005855963564,0.20751005855963564,0.20751005855963564,0.20751005855963564,0.20751005855963564,0.20751005855963564,0.20751005855963564,0.2091593652130633,0.2091593652130633,0.20751005855963564,0.20751005855963564,0.2091593652130633,0.2091593652130633,0.2091593652130633,0.2091593652130633,0.2091593652130633,0.2091593652130633,0.21081829347774714,0.21081829347774714,0.21081829347774714,0.2091593652130633,0.21081829347774714,0.21081829347774714,0.21081829347774714,0.21081829347774714,0.21081829347774714,0.21081829347774714,0.21081829347774714,0.21081829347774714,0.21081829347774714,0.21081829347774714,0.21081829347774714,0.21081829347774714,0.21081829347774714,0.21081829347774714,0.21081829347774714,0.21081829347774714,0.21081829347774714,0.21081829347774714,0.21081829347774714,0.21081829347774714,0.21081829347774714,0.21081829347774714,0.21081829347774714,0.21081829347774714,0.21081829347774714,0.21081829347774714,0.21081829347774714,0.21081829347774714,0.21081829347774714,0.21081829347774714,0.21081829347774714,0.21081829347774714,0.21081829347774714,0.21081829347774714,0.21081829347774714,0.21081829347774714,0.21081829347774714,0.21081829347774714,0.21081829347774714,0.21081829347774714,0.21081829347774714,0.21081829347774714,0.21081829347774714,0.21081829347774714,0.21081829347774714,0.21081829347774714,0.21081829347774714,0.21081829347774714,0.21081829347774714,0.21081829347774714,0.21081829347774714,0.21081829347774714,0.21081829347774714,0.21081829347774714,0.21081829347774714,0.21081829347774714,0.21081829347774714,0.21081829347774714,0.21081829347774714,0.21081829347774714,0.21081829347774714,0.21081829347774714,0.21081829347774714,0.21081829347774714,0.21081829347774714,0.21081829347774714,0.21081829347774714,0.21081829347774714,0.21081829347774714,0.21081829347774714,0.21081829347774714,0.21081829347774714,0.21081829347774714,0.21081829347774714,0.21081829347774714,0.21081829347774714,0.21081829347774714,0.21081829347774714,0.21081829347774714,0.21081829347774714,0.21081829347774714,0.21081829347774714,0.21081829347774714,0.21081829347774714,0.21081829347774714,0.21081829347774714,0.21081829347774714,0.21081829347774714,0.21081829347774714,0.21081829347774714,0.21081829347774714,0.21081829347774714,0.21081829347774714,0.21081829347774714,0.21081829347774714,0.21081829347774714,0.21081829347774714,0.21081829347774714,0.21081829347774714,0.21081829347774714,0.21081829347774714,0.21081829347774714,0.21081829347774714,0.21081829347774714,0.21081829347774714,0.21081829347774714,0.21081829347774714,0.21081829347774714,0.21081829347774714,0.21081829347774714,0.21081829347774714,0.21081829347774714,0.21081829347774714,0.21081829347774714,0.21081829347774714,0.21081829347774714,0.21081829347774714,0.21081829347774714,0.21081829347774714,0.21081829347774714,0.21081829347774714,0.21081829347774714,0.21081829347774714,0.21081829347774714,0.21081829347774714,0.21081829347774714,0.21081829347774714,0.21081829347774714,0.21081829347774714,0.21081829347774714,0.21081829347774714,0.21081829347774714,0.21081829347774714,0.21081829347774714,0.21081829347774714,0.21081829347774714,0.21081829347774714,0.21081829347774714,0.21081829347774714,0.21081829347774714,0.21081829347774714,0.21081829347774714,0.21081829347774714,0.21081829347774714,0.21081829347774714,0.21081829347774714,0.21081829347774714,0.21081829347774714,0.21081829347774714,0.21081829347774714,0.21081829347774714,0.21081829347774714,0.21081829347774714,0.21081829347774714,0.21081829347774714,0.21081829347774714,0.21081829347774714,0.21081829347774714,0.21081829347774714,0.21081829347774714,0.21081829347774714,0.21081829347774714,0.21081829347774714,0.21081829347774714,0.21081829347774714,0.21081829347774714,0.21081829347774714,0.21081829347774714,0.21081829347774714,0.21081829347774714,0.21081829347774714,0.21081829347774714,0.21081829347774714,0.21081829347774714,0.21081829347774714,0.21081829347774714,0.21081829347774714,0.21081829347774714,0.21081829347774714,0.21081829347774714,0.21081829347774714,0.21081829347774714,0.21081829347774714,0.21081829347774714,0.21081829347774714,0.21081829347774714,0.21081829347774714,0.21081829347774714,0.21081829347774714,0.21081829347774714,0.21081829347774714,0.21081829347774714,0.21081829347774714,0.21081829347774714,0.21081829347774714,0.21081829347774714,0.21081829347774714,0.21081829347774714,0.21081829347774714,0.21081829347774714,0.21081829347774714,0.21081829347774714,0.21081829347774714,0.21081829347774714,0.21081829347774714,0.21081829347774714,0.21081829347774714,0.21081829347774714,0.21081829347774714,0.21081829347774714,0.21081829347774714,0.21081829347774714,0.21081829347774714,0.21081829347774714,0.21081829347774714,0.21081829347774714,0.21081829347774714,0.21081829347774714,0.21081829347774714,0.21081829347774714,0.21081829347774714,0.21081829347774714,0.21081829347774714,0.21081829347774714,0.21081829347774714,0.21081829347774714,0.21081829347774714,0.21081829347774714,0.21081829347774714,0.21081829347774714,0.21081829347774714,0.21081829347774714,0.21081829347774714,0.21081829347774714,0.21081829347774714,0.21081829347774714,0.21081829347774714,0.21081829347774714,0.21081829347774714,0.21081829347774714,0.21081829347774714,0.21081829347774714,0.21081829347774714,0.21081829347774714,0.21081829347774714,0.21081829347774714,0.21081829347774714,0.21081829347774714,0.21081829347774714,0.21081829347774714,0.21081829347774714,0.21081829347774714,0.21081829347774714,0.21081829347774714,0.21081829347774714,0.21081829347774714,0.21081829347774714,0.21081829347774714,0.21081829347774714,0.21081829347774714,0.21081829347774714,0.21081829347774714,0.21081829347774714,0.21081829347774714,0.21081829347774714,0.21081829347774714,0.21081829347774714,0.21081829347774714,0.21081829347774714,0.21081829347774714,0.21081829347774714,0.21081829347774714,0.21081829347774714,0.21081829347774714,0.21081829347774714,0.21081829347774714,0.21081829347774714,0.21081829347774714,0.21081829347774714,0.21081829347774714,0.21081829347774714,0.21081829347774714,0.21081829347774714,0.21081829347774714,0.21081829347774714,0.21081829347774714,0.21081829347774714,0.21081829347774714,0.21081829347774714,0.21081829347774714,0.21081829347774714,0.21081829347774714,0.21081829347774714,0.21081829347774714,0.21081829347774714,0.21081829347774714,0.21081829347774714,0.21081829347774714,0.21081829347774714,0.21081829347774714
ι = max_θ μ_τ(θ),0.35,0.3642946145595627,0.25,0.25,0.25,0.29648223854732253,0.29917688719964,0.26963465984382756,0.28475056599216964,0.31923571603238937,0.36162272946849394,0.40211934541531436,0.4402505296946102,0.47606284160451395,0.5092862466326178,0.5400436081427099,0.4540582229210745,0.4867245653569774,0.5172514239412237,0.43160813164425954,0.4634835379920063,0.3828026630767991,0.4080506601154016,0.43936780915082196,0.4691727742198619,0.4974707113727756,0.5243045598402871,0.5497390849720503,0.5738498810819599,0.5006877424345344,0.5261097208268952,0.550440664243318,0.5735815376932789,0.5957396623914613,0.6169368169795706,0.637102566536858,0.6562961536498956,0.6745722909264541,0.6919809443446832,0.7086573136118474,0.7245430673840136,0.7396761602037171,0.7540909736403592,0.7679082721386901,0.7810586059864711,0.7935690906363346,0.8054650388829696,0.8167703099948213,0.8275639401501063,0.8378054017467353,0.8475161297542536,0.8567169361136971,0.8654281187366333,0.8736695364063407,0.8814606557484737,0.888820575971158,0.8957680364864292,0.8723013204599183,0.8801536254723779,0.8875749887068524,0.894583525134002,0.9011971106029797,0.9074333480635083,0.9133095309928517,0.9188426062361656,0.9240491379775428,0.9063937226342517,0.9123261053975034,0.9179135659935197,0.9231725203545208,0.9281509315014105,0.9113685795157422,0.9170091093353756,0.9223191803511068,0.9273469864466015,0.8351432530524812,0.8448258160348222,0.8540330261792279,0.8627777663770031,0.8710737516755909,0.8789353802882109,0.8863775893531082,0.893415717570969,0.9000653763379122,0.9063423305283593,0.912262389672997,0.9178413099244146,0.9230947069065149,0.9280698787347584,0.9112920100232161,0.9169263294205474,0.9222327265119673,0.9272588258804314,0.9319836598068286,0.9364223311629583,0.9405895590940542,0.9444996372265095,0.9481664004372075,0.9516209479377373,0.9548561224807638,0.9439733316947625,0.9476728118654623,0.9511584581881742,0.9544229971683514,0.9574790222513896,0.9603385957805075,0.9630132460095374,0.9655139684725337,0.9678512310644786,0.9700349822427763,0.9720746618147523,0.9651921220126664,0.9675504420485985,0.9697539685468153,0.9718122064852504,0.973734163592249,0.9755283646528106,0.9694703878684552,0.9715473451390194,0.9734868592770558,0.9669406313378288,0.969184220328395,0.9712800586722428,0.9732372825988429,0.9750645418719265,0.9688954456503532,0.9710103276390332,0.9729854149740147,0.9748294204417164,0.9686040431940043,0.9707381322773233,0.9727312375420634,0.9745921351324836,0.9763291260618226,0.977950052274172,0.9794623136056462,0.980872885363138,0.9821883362785271,0.9834148466319909,0.9845582263701941,0.9856239330737827,0.9866170896539918,0.9875425016805434,0.9884046742625815,0.9892078284214318,0.9899559169087087,0.9906526394359574,0.9913014572928402,0.9919056073400329,0.9924681153707234,0.9929918088410241,0.9934793289749214,0.9939331422537124,0.992395806665495,0.9929244918704506,0.9934166637696051,0.9917495394236718,0.9923228090776655,0.9928565328899699,0.9933534003259303,0.9916703899723041,0.9895656943840349,0.9869361971423605,0.9878398135939533,0.9847820738321447,0.9809702604374476,0.9822791291153964,0.9834994874958299,0.9846371192873163,0.9856974571929131,0.9866856005664321,0.9876063326972211,0.988464137645821,0.9855610936764747,0.9865585296062321,0.9874879375444241,0.984343120293749,0.9854234491182609,0.9817693167518945,0.9830241761552942,0.9841940511400216,0.9802379069232261,0.9815962007831409,0.9828627679681937,0.9840435855657222,0.9851442701917238,0.9861700958021694,0.9871260111825944,0.9880166570281143,0.9850027122265851,0.9860381741583774,0.9870030876553366,0.9879021333005396,0.9887396980167773,0.9895198912078242,0.9868790059780628,0.9877865285689963,0.9886320047489864,0.9894195798154469,0.990153135089277,0.9908363029711991,0.9914724813833056,0.9920648475839849,0.9900588239212087,0.9907484738878367,0.991390696734757,0.9983497864359445,0.9979292924970528,0.9980740060134351,0.9982086242269863,0.9983338489435852,0.9984503335113193,0.9980554102713671,0.9981913258831709,0.9983177577858056,0.9984353655588393,0.9985447632004383,0.9986465222379701,0.9987411746316687,0.9988292154843958,0.9989111055698209,0.9972679080689579,0.9974587253866901,0.9976362470481357,0.9978013952006873,0.9979550286089134,0.999610110842821,0.9996374013244685,0.9995448573188915,0.9995767133194573,0.9996063405564564,0.9995058730055576,0.9993797805945156,0.9998405706636847,0.9998517323971224,0.9998621127982298,0.9998717665467193,0.9998390286062583,0.9998502982826039,0.9998607790729458,0.9998705261852742,0.9998795909659639,0.9998488502977628,0.9998102629596582,0.9998235461759652,0.9998358996049227,0.9998473883086255,0.9998580727991669,0.9998680093564691,0.9998772503239612,0.9998459121799067,0.9998065749130464,0.9998201162754098,0.9998327097876979,0.9997900027738837,0.9998047040970341,0.9998183764073443,0.9998310917050691,0.9998429169559608,0.9998028151890181,0.9998166197132898,0.9998294579739185,0.9990044064202752,0.9990740542003271,0.9991388338973138,0.9991990852024364,0.9989947847658371,0.9990651050082711,0.9991305102505499,0.9991913434462046,0.9992479236965943,0.9990560694042803,0.9991221062214867,0.999183526917938,0.9992406536609573,0.999293786202083,0.9991136210352833,0.9991756348966919,0.9989653588619984,0.9990377356215578,0.9991050539096514,0.9988767945733242,0.9985903989784544,0.9986889710683747,0.9987806585199404,0.9988659410455434,0.9989452650852517,0.9990190460938155,0.999087670673278,0.9991514985612374,0.9992108644841958,0.9992660798848652,0.999317434531754,0.9993651980188475,0.9994096211626943,0.9992589852273019,0.9993108359667509,0.9993590609015889,0.9994039132618063,0.9994456286339999,0.9994844261849112,0.999352864490492,0.9998767584700164,0.9998853869599116,0.9998934114090856,0.9999008740949396,0.9999078143370133,0.9999142687037679,0.9999202712049335,0.9998999152501936,0.9998743627685036,0.9998422875514087,0.9998533290942998,0.9998635977176111,0.9998731475122767,0.9998407620893995,0.9998519104149654,0.9998141041720147,0.9998271185089896,0.9997829844382451,0.9997981769895306,0.9998123061595258,0.9997643916075681,0.9997808854969896,0.9997249520733688,0.9996547454386643,0.9996789127007891,0.9995969591446946,0.9994940985435181,0.9995295055369418,0.9995624355530548,0.9995930617279581,0.9996215451156536,0.9996480355285046,0.9996726723195946,0.999695585110949,0.9997168944713279,0.9996446318460676,0.9996695068091292,0.9995851535124396,0.9996141902168993,0.9996411952599854,0.9996663106959206,0.9996896686597773,0.9997113920582982,0.9997315952128482,0.9997503844577807,0.9997678586972829,0.9997086008882254,0.999634222102438,0.999659825475822,0.9996836372557811,0.9997057827322596,0.9997263784437608,0.9996565357690463,0.9995688732423367,0.9995990490083679,0.9996271134761219,0.9996532142597006,0.999564704351915,0.9995951717920224,0.9996235075423561,0.9996498606405577,0.9996743697189221,0.9996971637288866,0.9996198667512792,0.9996464746014261,0.9996712206180175,0.9995873045646495,0.9996161907661981,0.9996430558291216,0.9996680410729322,0.9996912779491537,0.9996124792471723,0.9995135776267335,0.9995476219356497,0.9994321770733975,0.9994719155312609,0.9995088743038122,0.9993835473172922,0.9992262637566399,0.99928040245401,0.9993307555777511,0.9993775874862112,0.9994211441230586,0.9994616542937572,0.9994993308544059,0.9995343718188416,0.9995669613895287,0.9995972709173939,0.9994944898459838,0.9995298694648166,0.999562774019867,0.9995933765136733,0.9996218378759731,0.9996483078035197,0.9996729255418393,0.9996958206128959,0.999618180944811,0.9996449067528637,0.9996697624791608
M_t,0.0,0.0012755102040816326,0.00510204081632653,0.011479591836734693,0.02040816326530612,0.03188775510204082,0.04591836734693877,0.0625,0.08163265306122448,0.10331632653061226,0.12755102040816327,0.15433673469387754,0.18367346938775508,0.21556122448979592,0.25,0.2869897959183673,0.32653061224489793,0.3686224489795918,0.41326530612244905,0.46045918367346944,0.5102040816326531,0.5625,0.6173469387755102,0.6747448979591836,0.7346938775510203,0.7971938775510204,0.8622448979591837,0.9298469387755103,1.0,1.0,1.0,1.0,1.0,1.0,1.0,1.0,1.0,1.0,1.0,1.0,1.0,1.0,1.0,1.0,1.0,1.0,1.0,1.0,1.0,1.0,1.0,1.0,1.0,1.0,1.0,1.0,1.0,1.0,1.0,1.0,1.0,1.0,1.0,1.0,1.0,1.0,1.0,1.0,1.0,1.0,1.0,1.0,1.0,1.0,1.0,1.0,1.0,1.0,1.0,1.0,1.0,1.0,1.0,1.0,1.0,1.0,1.0,1.0,1.0,1.0,1.0,1.0,1.0,1.0,1.0,1.0,1.0,1.0,1.0,1.0,1.0,1.0,1.0,1.0,1.0,1.0,1.0,1.0,1.0,1.0,1.0,1.0,1.0,1.0,1.0,1.0,1.0,1.0,1.0,1.0,1.0,1.0,1.0,1.0,1.0,1.0,1.0,1.0,1.0,1.0,1.0,1.0,1.0,1.0,1.0,1.0,1.0,1.0,1.0,1.0,1.0,1.0,1.0,1.0,1.0,1.0,1.0,1.0,1.0,1.0,1.0,1.0,1.0,1.0,1.0,1.0,1.0,1.0,1.0,1.0,1.0,1.0,1.0,1.0,1.0,1.0,1.0,1.0,1.0,1.0,1.0,1.0,1.0,1.0,1.0,1.0,1.0,1.0,1.0,1.0,1.0,1.0,1.0,1.0,1.0,1.0,1.0,1.0,1.0,1.0,1.0,1.0,1.0,1.0,1.0,1.0,1.0,1.0,1.0,1.0,1.0,1.0,1.0,1.0,1.0,1.0,1.0,1.0,1.0,1.0,1.0,1.0,1.0,1.0,1.0,1.0,1.0,1.0,1.0,1.0,1.0,1.0,1.0,1.0,1.0,1.0,1.0,1.0,1.0,1.0,1.0,1.0,1.0,1.0,1.0,1.0,1.0,1.0,1.0,1.0,1.0,1.0,1.0,1.0,1.0,1.0,1.0,1.0,1.0,1.0,1.0,1.0,1.0,1.0,1.0,1.0,1.0,1.0,1.0,1.0,1.0,1.0,1.0,1.0,1.0,1.0,1.0,1.0,1.0,1.0,1.0,1.0,1.0,1.0,1.0,1.0,1.0,1.0,1.0,1.0,1.0,1.0,1.0,1.0,1.0,1.0,1.0,1.0,1.0,1.0,1.0,1.0,1.0,1.0,1.0,1.0,1.0,1.0,1.0,1.0,1.0,1.0,1.0,1.0,1.0,1.0,1.0,1.0,1.0,1.0,1.0,1.0,1.0,1.0,1.0,1.0,1.0,1.0,1.0,1.0,1.0,1.0,1.0,1.0,1.0,1.0,1.0,1.0,1.0,1.0,1.0,1.0,1.0,1.0,1.0,1.0,1.0,1.0,1.0,1.0,1.0,1.0,1.0,1.0,1.0,1.0,1.0,1.0,1.0,1.0,1.0,1.0,1.0,1.0,1.0,1.0,1.0,1.0,1.0,1.0,1.0,1.0,1.0,1.0,1.0,1.0,1.0,1.0,1.0,1.0,1.0,1.0,1.0,1.0,1.0,1.0,1.0,1.0,1.0,1.0,1.0,1.0,1.0,1.0,1.0,1.0,1.0,1.0,1.0,1.0,1.0,1.0,1.0,1.0,1.0,1.0,1.0,1.0,1.0,1.0,1.0
M_t^S,2.2399999999999998,2.7023434869272975,2.803331154277319,2.720480197725808,2.6400778569901724,2.537195105762576,2.4621264182641087,2.4098982151594885,2.3184276932166408,2.1975309846290974,2.0575816020008,1.96,1.96,1.96,1.96,1.96,1.96,1.96,1.96,1.96,1.96,1.96,1.96,1.96,1.96,1.96,1.96,1.96,1.96,1.96,1.96,1.96,1.96,1.96,1.96,1.96,1.96,1.96,1.96,1.96,1.96,1.96,1.96,1.96,1.96,1.96,1.96,1.96,1.96,1.96,1.96,1.96,1.96,1.96,1.96,1.96,1.96,1.96,1.96,1.96,1.96,1.96,1.96,1.96,1.96,1.96,1.96,1.96,1.96,1.96,1.96,1.96,1.96,1.96,1.96,1.96,1.96,1.96,1.96,1.96,1.96,1.96,1.96,1.96,1.96,1.96,1.96,1.96,1.96,1.96,1.96,1.96,1.96,1.96,1.96,1.96,1.96,1.96,1.96,1.96,1.96,1.96,1.96,1.96,1.96,1.96,1.96,1.96,1.96,1.96,1.96,1.96,1.96,1.96,1.96,1.96,1.96,1.96,1.96,1.96,1.96,1.96,1.96,1.96,1.96,1.96,1.96,1.96,1.96,1.96,1.96,1.96,1.96,1.96,1.96,1.96,1.96,1.96,1.96,1.96,1.96,1.96,1.96,1.96,1.96,1.96,1.96,1.96,1.96,1.96,1.96,1.96,1.96,1.96,1.96,1.96,1.96,1.96,1.96,1.96,1.96,1.96,1.96,1.96,1.96,1.96,1.96,1.96,1.96,1.96,1.96,1.96,1.96,1.96,1.96,1.96,1.96,1.96,1.96,1.96,1.96,1.96,1.96,1.96,1.96,1.96,1.96,1.96,1.96,1.96,1.96,1.96,1.96,1.96,1.96,1.96,1.96,1.96,1.96,1.96,1.96,1.96,1.96,1.96,1.96,1.96,1.96,1.96,1.96,1.96,1.96,1.96,1.96,1.96,1.96,1.96,1.96,1.96,1.96,1.96,1.96,1.96,1.96,1.96,1.96,1.96,1.96,1.96,1.96,1.96,1.96,1.96,1.96,1.96,1.96,1.96,1.96,1.96,1.96,1.96,1.96,1.96,1.96,1.96,1.96,1.96,1.96,1.96,1.96,1.96,1.96,1.96,1.96,1.96,1.96,1.96,1.96,1.96,1.96,1.96,1.96,1.96,1.96,1.96,1.96,1.96,1.96,1.96,1.96,1.96,1.96,1.96,1.96,1.96,1.96,1.96,1.96,1.96,1.96,1.96,1.96,1.96,1.96,1.96,1.96,1.96,1.96,1.96,1.96,1.96,1.96,1.96,1.96,1.96,1.96,1.96,1.96,1.96,1.96,1.96,1.96,1.96,1.96,1.96,1.96,1.96,1.96,1.96,1.96,1.96,1.96,1.96,1.96,1.96,1.96,1.96,1.96,1.96,1.96,1.96,1.96,1.96,1.96,1.96,1.96,1.96,1.96,1.96,1.96,1.96,1.96,1.96,1.96,1.96,1.96,1.96,1.96,1.96,1.96,1.96,1.96,1.96,1.96,1.96,1.96,1.96,1.96,1.96,1.96,1.96,1.96,1.96,1.96,1.96,1.96,1.96,1.96,1.96,1.96,1.96,1.96,1.96,1.96,1.96,1.96,1.96,1.96,1.96,1.96,1.96,1.96,1.96,1.96,1.96,1.96,1.96,1.96,1.96,1.96,1.96,1.96,1.96,1.96,1.96,1.96,1.96,1.96,1.96,1.96,1.96,1.96,1.96,1.96,1.96,1.96,1.96,1.96,1.96,1.96,1.96,1.96
M_t^F,2.565,2.7643870585966583,2.88206769185524,2.810909187003033,2.7415075918955605,2.6478785146885713,2.582414854632466,2.565,2.565,2.565,2.565,2.565,2.565,2.565,2.565,2.565,2.565,2.565,2.565,2.565,2.565,2.565,2.565,2.565,2.565,2.565,2.565,2.565,2.565,2.565,2.565,2.565,2.565,2.565,2.565,2.565,2.565,2.565,2.565,2.565,2.565,2.565,2.565,2.565,2.565,2.565,2.565,2.565,2.565,2.565,2.565,2.565,2.565,2.565,2.565,2.565,2.565,2.565,2.565,2.565,2.565,2.565,2.565,2.565,2.565,2.565,2.565,2.565,2.565,2.565,2.565,2.565,2.565,2.565,2.565,2.565,2.565,2.565,2.565,2.565,2.565,2.565,2.565,2.565,2.565,2.565,2.565,2.565,2.565,2.565,2.565,2.565,2.565,2.565,2.565,2.565,2.565,2.565,2.565,2.565,2.565,2.565,2.565,2.565,2.565,2.565,2.565,2.565,2.565,2.565,2.565,2.565,2.565,2.565,2.565,2.565,2.565,2.565,2.565,2.565,2.565,2.565,2.565,2.565,2.565,2.565,2.565,2.565,2.565,2.565,2.565,2.565,2.565,2.565,2.565,2.565,2.565,2.565,2.565,2.565,2.565,2.565,2.565,2.565,2.565,2.565,2.565,2.565,2.565,2.565,2.565,2.565,2.565,2.565,2.565,2.565,2.565,2.565,2.565,2.565,2.565,2.565,2.565,2.565,2.565,2.565,2.565,2.565,2.565,2.565,2.565,2.565,2.565,2.565,2.565,2.565,2.565,2.565,2.565,2.565,2.565,2.565,2.565,2.565,2.565,2.565,2.565,2.565,2.565,2.565,2.565,2.565,2.565,2.565,2.565,2.565,2.565,2.565,2.565,2.565,2.565,2.565,2.565,2.565,2.565,2.565,2.565,2.565,2.565,2.565,2.565,2.565,2.565,2.565,2.565,2.565,2.565,2.565,2.565,2.565,2.565,2.565,2.565,2.565,2.565,2.565,2.565,2.565,2.565,2.565,2.565,2.565,2.565,2.565,2.565,2.565,2.565,2.565,2.565,2.565,2.565,2.565,2.565,2.565,2.565,2.565,2.565,2.565,2.565,2.565,2.565,2.565,2.565,2.565,2.565,2.565,2.565,2.565,2.565,2.565,2.565,2.565,2.565,2.565,2.565,2.565,2.565,2.565,2.565,2.565,2.565,2.565,2.565,2.565,2.565,2.565,2.565,2.565,2.565,2.565,2.565,2.565,2.565,2.565,2.565,2.565,2.565,2.565,2.565,2.565,2.565,2.565,2.565,2.565,2.565,2.565,2.565,2.565,2.565,2.565,2.565,2.565,2.565,2.565,2.565,2.565,2.565,2.565,2.565,2.565,2.565,2.565,2.565,2.565,2.565,2.565,2.565,2.565,2.565,2.565,2.565,2.565,2.565,2.565,2.565,2.565,2.565,2.565,2.565,2.565,2.565,2.565,2.565,2.565,2.565,2.565,2.565,2.565,2.565,2.565,2.565,2.565,2.565,2.565,2.565,2.565,2.565,2.565,2.565,2.565,2.565,2.565,2.565,2.565,2.565,2.565,2.565,2.565,2.565,2.565,2.565,2.565,2.565,2.565,2.565,2.565,2.565,2.565,2.565,2.565,2.565,2.565,2.565,2.565,2.565,2.565,2.565,2.565,2.565,2.565,2.565,2.565,2.565,2.565,2.565,2.565,2.565,2.565,2.565,2.565,2.565,2.565,2.565,2.565,2.565,2.565,2.565,2.565,2.565,2.565,2.565
M_t^K,3.1350000000000002,3.1350000000000002,3.1350000000000002,3.1350000000000002,3.1350000000000002,3.1350000000000002,3.1350000000000002,3.1350000000000002,3.1350000000000002,3.1350000000000002,3.1350000000000002,3.1350000000000002,3.1350000000000002,3.1350000000000002,3.1350000000000002,3.1350000000000002,3.1350000000000002,3.1350000000000002,3.1350000000000002,3.1350000000000002,3.1350000000000002,3.1350000000000002,3.1350000000000002,3.1350000000000002,3.1350000000000002,3.1350000000000002,3.1350000000000002,3.1350000000000002,3.1350000000000002,3.1350000000000002,3.1350000000000002,3.1350000000000002,3.1350000000000002,3.1350000000000002,3.1350000000000002,3.1350000000000002,3.1350000000000002,3.1350000000000002,3.1350000000000002,3.1350000000000002,3.1350000000000002,3.1350000000000002,3.1350000000000002,3.1350000000000002,3.1350000000000002,3.1350000000000002,3.1350000000000002,3.1350000000000002,3.1350000000000002,3.1350000000000002,3.1350000000000002,3.1350000000000002,3.1350000000000002,3.1350000000000002,3.1350000000000002,3.1350000000000002,3.1350000000000002,3.1350000000000002,3.1350000000000002,3.1350000000000002,3.1350000000000002,3.1350000000000002,3.1350000000000002,3.1350000000000002,3.1350000000000002,3.1350000000000002,3.1350000000000002,3.1350000000000002,3.1350000000000002,3.1350000000000002,3.1350000000000002,3.1350000000000002,3.1350000000000002,3.1350000000000002,3.1350000000000002,3.1350000000000002,3.1350000000000002,3.1350000000000002,3.1350000000000002,3.1350000000000002,3.1350000000000002,3.1350000000000002,3.1350000000000002,3.1350000000000002,3.1350000000000002,3.1350000000000002,3.1350000000000002,3.1350000000000002,3.1350000000000002,3.1350000000000002,3.1350000000000002,3.1350000000000002,3.1350000000000002,3.1350000000000002,3.1350000000000002,3.1350000000000002,3.1350000000000002,3.1350000000000002,3.1350000000000002,3.1350000000000002,3.1350000000000002,3.1350000000000002,3.1350000000000002,3.1350000000000002,3.1350000000000002,3.1350000000000002,3.1350000000000002,3.1350000000000002,3.1350000000000002,3.1350000000000002,3.1350000000000002,3.1350000000000002,3.1350000000000002,3.1350000000000002,3.1350000000000002,3.1350000000000002,3.1350000000000002,3.1350000000000002,3.1350000000000002,3.1350000000000002,3.1350000000000002,3.1350000000000002,3.1350000000000002,3.1350000000000002,3.1350000000000002,3.1350000000000002,3.1350000000000002,3.1350000000000002,3.1350000000000002,3.1350000000000002,3.1350000000000002,3.1350000000000002,3.1350000000000002,3.1350000000000002,3.1350000000000002,3.1350000000000002,3.1350000000000002,3.1350000000000002,3.1350000000000002,3.1350000000000002,3.1350000000000002,3.1350000000000002,3.1350000000000002,3.1350000000000002,3.1350000000000002,3.1350000000000002,3.1350000000000002,3.1350000000000002,3.1350000000000002,3.1350000000000002,3.1350000000000002,3.1350000000000002,3.1350000000000002,3.1350000000000002,3.1350000000000002,3.1350000000000002,3.1350000000000002,3.1350000000000002,3.1350000000000002,3.1350000000000002,3.1350000000000002,3.1350000000000002,3.1350000000000002,3.1350000000000002,3.1350000000000002,3.1350000000000002,3.1350000000000002,3.1350000000000002,3.1350000000000002,3.1350000000000002,3.1350000000000002,3.1350000000000002,3.1350000000000002,3.1350000000000002,3.1350000000000002,3.1350000000000002,3.1350000000000002,3.1350000000000002,3.1350000000000002,3.1350000000000002,3.1350000000000002,3.1350000000000002,3.1350000000000002,3.1350000000000002,3.1350000000000002,3.1350000000000002,3.1350000000000002,3.1350000000000002,3.1350000000000002,3.1350000000000002,3.1350000000000002,3.1350000000000002,3.1350000000000002,3.1350000000000002,3.1350000000000002,3.1350000000000002,3.1350000000000002,3.1350000000000002,3.1350000000000002,3.1350000000000002,3.1350000000000002,3.1350000000000002,3.1350000000000002,3.1350000000000002,3.1350000000000002,3.1350000000000002,3.1350000000000002,3.1350000000000002,3.1350000000000002,3.1350000000000002,3.1350000000000002,3.1350000000000002,3.1350000000000002,3.1350000000000002,3.1350000000000002,3.1350000000000002,3.1350000000000002,3.1350000000000002,3.1350000000000002,3.1350000000000002,3.1350000000000002,3.1350000000000002,3.1350000000000002,3.1350000000000002,3.1350000000000002,3.1350000000000002,3.1350000000000002,3.1350000000000002,3.1350000000000002,3.1350000000000002,3.1350000000000002,3.1350000000000002,3.1350000000000002,3.1350000000000002,3.1350000000000002,3.1350000000000002,3.1350000000000002,3.1350000000000002,3.1350000000000002,3.1350000000000002,3.1350000000000002,3.1350000000000002,3.1350000000000002,3.1350000000000002,3.1350000000000002,3.1350000000000002,3.1350000000000002,3.1350000000000002,3.1350000000000002,3.1350000000000002,3.1350000000000002,3.1350000000000002,3.1350000000000002,3.1350000000000002,3.1350000000000002,3.1350000000000002,3.1350000000000002,3.1350000000000002,3.1350000000000002,3.1350000000000002,3.1350000000000002,3.1350000000000002,3.1350000000000002,3.1350000000000002,3.1350000000000002,3.1350000000000002,3.1350000000000002,3.1350000000000002,3.1350000000000002,3.1350000000000002,3.1350000000000002,3.1350000000000002,3.1350000000000002,3.1350000000000002,3.1350000000000002,3.1350000000000002,3.1350000000000002,3.1350000000000002,3.1350000000000002,3.1350000000000002,3.1350000000000002,3.1350000000000002,3.1350000000000002,3.1350000000000002,3.1350000000000002,3.1350000000000002,3.1350000000000002,3.1350000000000002,3.1350000000000002,3.1350000000000002,3.1350000000000002,3.1350000000000002,3.1350000000000002,3.1350000000000002,3.1350000000000002,3.1350000000000002,3.1350000000000002,3.1350000000000002,3.1350000000000002,3.1350000000000002,3.1350000000000002,3.1350000000000002,3.1350000000000002,3.1350000000000002,3.1350000000000002,3.1350000000000002,3.1350000000000002,3.1350000000000002,3.1350000000000002,3.1350000000000002,3.1350000000000002,3.1350000000000002,3.1350000000000002,3.1350000000000002,3.1350000000000002,3.1350000000000002,3.1350000000000002,3.1350000000000002,3.1350000000000002,3.1350000000000002,3.1350000000000002,3.1350000000000002,3.1350000000000002,3.1350000000000002,3.1350000000000002,3.1350000000000002,3.1350000000000002,3.1350000000000002,3.1350000000000002,3.1350000000000002,3.1350000000000002,3.1350000000000002,3.1350000000000002,3.1350000000000002,3.1350000000000002,3.1350000000000002,3.1350000000000002,3.1350000000000002,3.1350000000000002,3.1350000000000002,3.1350000000000002,3.1350000000000002,3.1350000000000002,3.1350000000000002,3.1350000000000002,3.1350000000000002,3.1350000000000002,3.1350000000000002,3.1350000000000002,3.1350000000000002,3.1350000000000002,3.1350000000000002,3.1350000000000002,3.1350000000000002,3.1350000000000002,3.1350000000000002,3.1350000000000002,3.1350000000000002,3.1350000000000002,3.1350000000000002,3.1350000000000002,3.1350000000000002,3.1350000000000002,3.1350000000000002,3.1350000000000002,3.1350000000000002,3.1350000000000002,3.1350000000000002,3.1350000000000002,3.1350000000000002,3.1350000000000002,3.1350000000000002,3.1350000000000002,3.1350000000000002,3.1350000000000002,3.1350000000000002,3.1350000000000002,3.1350000000000002,3.1350000000000002,3.1350000000000002,3.1350000000000002,3.1350000000000002,3.1350000000000002,3.1350000000000002,3.1350000000000002,3.1350000000000002,3.1350000000000002,3.1350000000000002,3.1350000000000002,3.1350000000000002,3.1350000000000002,3.1350000000000002,3.1350000000000002,3.1350000000000002,3.1350000000000002,3.1350000000000002,3.1350000000000002,3.1350000000000002,3.1350000000000002,3.1350000000000002,3.1350000000000002
