,0,1,2,3,4,5,6,7,8,9,10,11,12,13,14,15,16,17,18,19,20,21,22,23,24,25,26,27,28,29,30,31,32,33,34,35,36,37,38,39,40,41,42,43,44,45,46,47,48,49,50,51,52,53,54,55,56,57,58,59,60,61,62,63,64,65,66,67,68,69,70,71,72,73,74,75,76,77,78,79,80,81,82,83,84,85,86,87,88,89,90,91,92,93,94,95,96,97,98,99,100,101,102,103,104,105,106,107,108,109,110,111,112,113,114,115,116,117,118,119,120,121,122,123,124,125,126,127,128,129,130,131,132,133,134,135,136,137,138,139,140,141,142,143,144,145,146,147,148,149,150,151,152,153,154,155,156,157,158,159,160,161,162,163,164,165,166,167,168,169,170,171,172,173,174,175,176,177,178,179,180,181,182,183,184,185,186,187,188,189,190,191,192,193,194,195,196,197,198,199,200
a_F*,Cooperate,Cooperate,Cooperate,Cooperate,Cooperate,Cooperate,Cooperate,Cooperate,Cooperate,Cooperate,Cooperate,Cooperate,Cooperate,Cooperate,Cooperate,Cooperate,Cooperate,Cooperate,Cooperate,Cooperate,Cooperate,Cooperate,Cooperate,Cooperate,Cooperate,Cooperate,Cooperate,Cooperate,Cooperate,Cooperate,Cooperate,Cooperate,Cooperate,Cooperate,Cooperate,Cooperate,Cooperate,Cooperate,Cooperate,Cooperate,Cooperate,Cooperate,Cooperate,Cooperate,Cooperate,Cooperate,Cooperate,Cooperate,Cooperate,Cooperate,Cooperate,Cooperate,Cooperate,Cooperate,Cooperate,Cooperate,Cooperate,Cooperate,Cooperate,Cooperate,Cooperate,Cooperate,Cooperate,Cooperate,Cooperate,Cooperate,Cooperate,Cooperate,Cooperate,Cooperate,Cooperate,Cooperate,Cooperate,Cooperate,Cooperate,Cooperate,Cooperate,Cooperate,Cooperate,Cooperate,Cooperate,Cooperate,Cooperate,Cooperate,Cooperate,Cooperate,Cooperate,Cooperate,Cooperate,Cooperate,Cooperate,Cooperate,Cooperate,Cooperate,Cooperate,Cooperate,Cooperate,Cooperate,Cooperate,Cooperate,Cooperate,Cooperate,Cooperate,Cooperate,Cooperate,Cooperate,Cooperate,Cooperate,Cooperate,Cooperate,Cooperate,Cooperate,Cooperate,Cooperate,Cooperate,Cooperate,Cooperate,Cooperate,Cooperate,Cooperate,Cooperate,Cooperate,Cooperate,Cooperate,Cooperate,Cooperate,Cooperate,Cooperate,Cooperate,Cooperate,Cooperate,Cooperate,Cooperate,Cooperate,Cooperate,Cooperate,Cooperate,Cooperate,Cooperate,Cooperate,Cooperate,Cooperate,Cooperate,Cooperate,Cooperate,Cooperate,Cooperate,Cooperate,Cooperate,Cooperate,Cooperate,Cooperate,Cooperate,Cooperate,Cooperate,Cooperate,Cooperate,Cooperate,Cooperate,Cooperate,Cooperate,Cooperate,Cooperate,Cooperate,Cooperate,Cooperate,Cooperate,Cooperate,Cooperate,Cooperate,Cooperate,Cooperate,Cooperate,Cooperate,Cooperate,Cooperate,Cooperate,Cooperate,Cooperate,Cooperate,Cooperate,Cooperate,Cooperate,Cooperate,Cooperate,Cooperate,Cooperate,Cooperate,Cooperate,Cooperate,Cooperate,Cooperate,Cooperate,Cooperate,Cooperate,Cooperate,Cooperate,Cooperate,Cooperate,Cooperate,Cooperate
ã_F,Cooperate,Collude,Cooperate,Cooperate,Collude,Collude,Cooperate,Cooperate,Collude,Collude,Collude,Cooperate,Collude,Cooperate,Cooperate,Collude,Cooperate,Cooperate,Cooperate,Cooperate,Cooperate,Cooperate,Collude,Cooperate,Collude,Cooperate,Collude,Cooperate,Cooperate,Cooperate,Cooperate,Cooperate,Cooperate,Cooperate,Cooperate,Cooperate,Collude,Collude,Cooperate,Cooperate,Cooperate,Cooperate,Cooperate,Cooperate,Cooperate,Cooperate,Cooperate,Collude,Cooperate,Cooperate,Collude,Cooperate,Cooperate,Collude,Cooperate,Collude,Cooperate,Collude,Cooperate,Cooperate,Cooperate,Cooperate,Cooperate,Cooperate,Cooperate,Collude,Cooperate,Cooperate,Cooperate,Collude,Cooperate,Collude,Collude,Cooperate,Cooperate,Collude,Cooperate,Collude,Collude,Cooperate,Collude,Cooperate,Cooperate,Cooperate,Cooperate,Cooperate,Collude,Cooperate,Cooperate,Cooperate,Cooperate,Cooperate,Collude,Collude,Cooperate,Collude,Collude,Cooperate,Cooperate,Collude,Collude,Collude,Cooperate,Collude,Cooperate,Cooperate,Collude,Collude,Cooperate,Cooperate,Collude,Cooperate,Cooperate,Collude,Cooperate,Collude,Cooperate,Collude,Cooperate,Collude,Collude,Collude,Cooperate,Cooperate,Cooperate,Collude,Cooperate,Cooperate,Cooperate,Cooperate,Collude,Cooperate,Cooperate,Collude,Collude,Collude,Collude,Collude,Cooperate,Collude,Cooperate,Cooperate,Collude,Collude,Cooperate,Cooperate,Collude,Cooperate,Cooperate,Collude,Collude,Collude,Cooperate,Cooperate,Collude,Cooperate,Collude,Collude,Cooperate,Collude,Cooperate,Collude,Collude,Cooperate,Collude,Cooperate,Collude,Cooperate,Collude,Cooperate,Cooperate,Cooperate,Cooperate,Collude,Collude,Cooperate,Collude,Collude,Cooperate,Cooperate,Cooperate,Cooperate,Collude,Cooperate,Collude,Cooperate,Cooperate,Collude,Cooperate,Collude,Collude,Collude,Cooperate,Cooperate,Cooperate,Cooperate,Cooperate,Cooperate,Cooperate,Collude,Collude
a_K*(PAR),Continue,Continue,Continue,Continue,Continue,Continue,Continue,Continue,Continue,Continue,Continue,Continue,Continue,Continue,Continue,Continue,Continue,Continue,Continue,Continue,Continue,Continue,Continue,Continue,Continue,Continue,Continue,Continue,Continue,Continue,Continue,Continue,Continue,Continue,Continue,Continue,Continue,Continue,Continue,Continue,Continue,Continue,Continue,Continue,Continue,Continue,Continue,Continue,Continue,Continue,Continue,Continue,Continue,Continue,Continue,Continue,Continue,Continue,Continue,Continue,Continue,Continue,Continue,Continue,Continue,Continue,Continue,Continue,Continue,Continue,Continue,Continue,Continue,Continue,Continue,Continue,Continue,Continue,Continue,Continue,Continue,Continue,Continue,Continue,Continue,Continue,Continue,Continue,Continue,Continue,Continue,Continue,Continue,Continue,Continue,Continue,Continue,Continue,Continue,Continue,Continue,Continue,Continue,Continue,Continue,Continue,Continue,Continue,Continue,Continue,Continue,Continue,Continue,Continue,Continue,Continue,Continue,Continue,Continue,Continue,Continue,Continue,Continue,Continue,Continue,Continue,Continue,Continue,Continue,Continue,Continue,Continue,Continue,Continue,Continue,Continue,Continue,Continue,Continue,Continue,Continue,Continue,Continue,Continue,Continue,Continue,Continue,Continue,Continue,Continue,Continue,Continue,Continue,Continue,Continue,Continue,Continue,Continue,Continue,Continue,Continue,Continue,Continue,Continue,Continue,Continue,Continue,Continue,Continue,Continue,Continue,Continue,Continue,Continue,Continue,Continue,Continue,Continue,Continue,Continue,Continue,Continue,Continue,Continue,Continue,Continue,Continue,Continue,Continue,Continue,Continue,Continue,Continue,Continue,Continue,Continue,Continue,Continue,Continue,Continue,Continue
ã_K(PAR),Continue,Kill,Kill,Kill,Kill,Release,Release,Release,Kill,Kill,Release,Release,Release,Continue,Kill,Release,Kill,Continue,Kill,Continue,Kill,Release,Continue,Kill,Kill,Continue,Continue,Continue,Kill,Release,Kill,Continue,Kill,Release,Kill,Release,Kill,Kill,Continue,Release,Continue,Continue,Continue,Continue,Continue,Kill,Kill,Kill,Release,Kill,Kill,Release,Continue,Continue,Continue,Release,Continue,Release,Kill,Continue,Release,Release,Kill,Continue,Continue,Continue,Release,Kill,Continue,Continue,Continue,Release,Kill,Continue,Continue,Kill,Continue,Continue,Continue,Continue,Release,Kill,Continue,Kill,Continue,Continue,Continue,Release,Continue,Continue,Continue,Continue,Continue,Continue,Release,Continue,Continue,Continue,Continue,Continue,Release,Release,Continue,Continue,Release,Continue,Kill,Continue,Release,Kill,Kill,Continue,Continue,Continue,Kill,Release,Kill,Release,Release,Continue,Continue,Kill,Kill,Release,Kill,Continue,Kill,Kill,Release,Release,Continue,Continue,Continue,Continue,Release,Kill,Release,Continue,Continue,Continue,Release,Continue,Kill,Release,Kill,Continue,Release,Release,Continue,Continue,Kill,Kill,Kill,Continue,Kill,Continue,Release,Continue,Release,Continue,Continue,Release,Release,Kill,Release,Release,Kill,Continue,Continue,Kill,Continue,Release,Release,Kill,Release,Release,Kill,Release,Continue,Release,Continue,Continue,Continue,Continue,Continue,Release,Continue,Release,Continue,Kill,Kill,Continue,Continue,Continue,Kill,Kill,Continue,Continue,Continue,Release,Kill
a_S*,Negotiate,Negotiate,Negotiate,Negotiate,Negotiate,Negotiate,Negotiate,Negotiate,Negotiate,Negotiate,Negotiate,Negotiate,Negotiate,Negotiate,Negotiate,Negotiate,Negotiate,Negotiate,Negotiate,Negotiate,Negotiate,Negotiate,Negotiate,Negotiate,Negotiate,Negotiate,Negotiate,Negotiate,Negotiate,Negotiate,Negotiate,Negotiate,Negotiate,Negotiate,Negotiate,Negotiate,Negotiate,Negotiate,Negotiate,Negotiate,Negotiate,Negotiate,Negotiate,Negotiate,Negotiate,Negotiate,Negotiate,Negotiate,Negotiate,Negotiate,Negotiate,Negotiate,Negotiate,Negotiate,Negotiate,Negotiate,Negotiate,Negotiate,Negotiate,Negotiate,Negotiate,Negotiate,Negotiate,Negotiate,Negotiate,Negotiate,Negotiate,Negotiate,Negotiate,Negotiate,Negotiate,Negotiate,Negotiate,Negotiate,Negotiate,Negotiate,Negotiate,Negotiate,Negotiate,Negotiate,Negotiate,Negotiate,Negotiate,Negotiate,Negotiate,Negotiate,Negotiate,Negotiate,Negotiate,Negotiate,Negotiate,Negotiate,Negotiate,Negotiate,Negotiate,Negotiate,Negotiate,Negotiate,Negotiate,Negotiate,Negotiate,Negotiate,Negotiate,Negotiate,Negotiate,Negotiate,Negotiate,Negotiate,Negotiate,Negotiate,Negotiate,Negotiate,Negotiate,Negotiate,Negotiate,Negotiate,Negotiate,Negotiate,Negotiate,Negotiate,Negotiate,Negotiate,Negotiate,Negotiate,Negotiate,Negotiate,Negotiate,Negotiate,Negotiate,Negotiate,Negotiate,Negotiate,Negotiate,Negotiate,Negotiate,Negotiate,Negotiate,Negotiate,Negotiate,Negotiate,Negotiate,Negotiate,Negotiate,Negotiate,Negotiate,Negotiate,Negotiate,Negotiate,Negotiate,Negotiate,Negotiate,Negotiate,Negotiate,Negotiate,Negotiate,Negotiate,Negotiate,Negotiate,Negotiate,Negotiate,Negotiate,Negotiate,Negotiate,Negotiate,Negotiate,Negotiate,Negotiate,Negotiate,Negotiate,Negotiate,Negotiate,Negotiate,Negotiate,Negotiate,Negotiate,Negotiate,Negotiate,Negotiate,Negotiate,Negotiate,Negotiate,Negotiate,Negotiate,Negotiate,Negotiate,Negotiate,Negotiate,Negotiate,Negotiate,Negotiate,Negotiate,Negotiate,Negotiate,Negotiate,Negotiate,Negotiate,Negotiate,Negotiate,Negotiate,Negotiate,Negotiate
ã_S,Negotiate,Negotiate,Rescue,Negotiate,Rescue,Negotiate,Rescue,Rescue,Negotiate,Rescue,Negotiate,Rescue,Rescue,Rescue,Negotiate,Rescue,Rescue,Negotiate,Negotiate,Rescue,Negotiate,Negotiate,Negotiate,Negotiate,Negotiate,Negotiate,Negotiate,Negotiate,Negotiate,Negotiate,Rescue,Rescue,Negotiate,Rescue,Rescue,Negotiate,Negotiate,Negotiate,Negotiate,Rescue,Rescue,Negotiate,Negotiate,Rescue,Rescue,Negotiate,Rescue,Negotiate,Rescue,Negotiate,Negotiate,Rescue,Rescue,Negotiate,Negotiate,Negotiate,Rescue,Rescue,Negotiate,Negotiate,Rescue,Negotiate,Negotiate,Rescue,Negotiate,Rescue,Negotiate,Negotiate,Negotiate,Rescue,Rescue,Rescue,Negotiate,Rescue,Negotiate,Rescue,Negotiate,Negotiate,Rescue,Negotiate,Negotiate,Negotiate,Rescue,Negotiate,Negotiate,Rescue,Rescue,Negotiate,Negotiate,Negotiate,Rescue,Rescue,Rescue,Negotiate,Rescue,Negotiate,Negotiate,Negotiate,Negotiate,Rescue,Rescue,Rescue,Rescue,Rescue,Rescue,Negotiate,Rescue,Negotiate,Negotiate,Rescue,Rescue,Rescue,Negotiate,Rescue,Rescue,Negotiate,Rescue,Negotiate,Negotiate,Rescue,Negotiate,Rescue,Negotiate,Rescue,Negotiate,Negotiate,Negotiate,Rescue,Negotiate,Negotiate,Negotiate,Rescue,Rescue,Rescue,Negotiate,Rescue,Negotiate,Rescue,Rescue,Negotiate,Rescue,Negotiate,Rescue,Negotiate,Rescue,Negotiate,Rescue,Negotiate,Rescue,Negotiate,Negotiate,Rescue,Rescue,Rescue,Rescue,Rescue,Negotiate,Rescue,Rescue,Negotiate,Rescue,Rescue,Negotiate,Rescue,Negotiate,Negotiate,Negotiate,Negotiate,Rescue,Negotiate,Negotiate,Rescue,Negotiate,Rescue,Rescue,Rescue,Negotiate,Negotiate,Negotiate,Rescue,Rescue,Negotiate,Negotiate,Negotiate,Negotiate,Rescue,Negotiate,Rescue,Rescue,Rescue,Negotiate,Rescue,Negotiate,Rescue,Rescue,Negotiate,Rescue,Negotiate,Rescue,Negotiate,Negotiate
α_t*,0.0,0.72,0.73,0.9400000000000001,0.75,0.72,0.72,0.73,0.71,0.6900000000000001,0.7000000000000001,0.71,0.71,0.7000000000000001,0.7000000000000001,0.71,0.71,0.72,0.75,0.8200000000000001,0.8300000000000001,0.8200000000000001,0.88,0.91,0.92,0.93,0.93,0.9500000000000001,0.96,0.97,0.98,0.98,0.99,1.0,1.0,1.0,1.0,1.0,1.0,1.0,1.0,1.0,0.93,0.93,0.9400000000000001,0.9400000000000001,0.9500000000000001,0.9500000000000001,0.9500000000000001,0.96,0.97,0.97,0.98,0.98,0.99,0.99,1.0,1.0,0.99,0.97,0.96,0.9500000000000001,0.93,0.9500000000000001,0.96,0.9500000000000001,0.97,0.9500000000000001,0.97,0.9500000000000001,0.9400000000000001,0.93,0.9400000000000001,0.93,0.9400000000000001,0.93,0.92,0.93,0.9500000000000001,0.96,0.99,1.0,0.91,0.91,0.91,0.91,0.91,0.91,0.92,0.93,0.9400000000000001,0.93,0.92,0.91,0.92,0.91,0.92,0.93,0.9400000000000001,0.96,0.98,1.0,1.0,1.0,1.0,1.0,1.0,1.0,1.0,1.0,1.0,1.0,1.0,1.0,1.0,1.0,1.0,1.0,0.61,0.61,0.61,0.61,0.61,0.61,0.61,0.61,0.61,0.61,0.61,0.61,0.61,0.61,0.61,0.61,0.61,0.61,0.61,0.61,0.6,0.6,0.6,0.6,0.6,0.6,0.6,0.6,0.6,0.6,0.6,0.6,0.6,0.6,0.6,0.6,0.6,0.61,0.61,0.61,0.6,0.6,0.6,0.6,0.6,0.6,0.6,0.6,0.6,0.6,0.6,0.6,0.6,0.6,0.6,0.6,0.6,0.6,0.6,0.6,0.6,0.6,0.6,0.6,0.6,0.6,0.6,0.6,0.6,0.6,0.6,0.6,0.6,0.6,0.6,0.6,0.6,0.6,0.6,0.6,0.6,0.6,0.6
γ_t*,0.0,0.68,0.6900000000000001,0.84,0.7000000000000001,0.68,0.68,0.6900000000000001,0.67,0.65,0.66,0.67,0.67,0.65,0.66,0.66,0.67,0.67,0.65,0.66,0.64,0.67,0.64,0.61,0.62,0.63,0.62,0.61,0.63,0.56,0.59,0.54,0.58,0.61,0.58,0.67,0.73,0.73,0.78,0.8,0.8,0.85,0.56,0.6,0.5700000000000001,0.56,0.56,0.6,0.63,0.6,0.56,0.58,0.5700000000000001,0.61,0.58,0.56,0.58,0.54,0.54,0.59,0.55,0.54,0.59,0.54,0.6,0.56,0.53,0.58,0.56,0.6,0.56,0.54,0.58,0.55,0.59,0.5700000000000001,0.56,0.58,0.54,0.59,0.53,0.63,0.58,0.55,0.59,0.55,0.6,0.55,0.55,0.54,0.54,0.54,0.55,0.55,0.55,0.55,0.55,0.55,0.59,0.55,0.55,0.58,0.73,0.84,0.91,0.87,0.81,0.72,0.8300000000000001,0.76,0.86,0.79,0.88,0.9500000000000001,0.99,0.97,0.93,0.98,0.52,0.52,0.52,0.52,0.52,0.52,0.52,0.52,0.52,0.52,0.52,0.52,0.52,0.52,0.52,0.52,0.52,0.52,0.52,0.52,0.52,0.52,0.52,0.52,0.52,0.52,0.52,0.52,0.52,0.52,0.52,0.52,0.52,0.52,0.52,0.52,0.52,0.52,0.52,0.52,0.52,0.52,0.52,0.52,0.52,0.52,0.52,0.52,0.52,0.52,0.52,0.52,0.52,0.52,0.52,0.52,0.52,0.52,0.52,0.52,0.52,0.52,0.52,0.52,0.52,0.52,0.52,0.52,0.52,0.52,0.52,0.52,0.52,0.52,0.52,0.52,0.52,0.52,0.52,0.52,0.52,0.52,0.52
γ_R(DC)*,0.23,0.23,0.56,0.23,0.23,0.23,0.23,0.23,0.23,0.23,0.27,0.27,0.26,0.3,0.3,0.3,0.3,0.28,0.27,0.24,0.25,0.25,0.22,0.26,0.19,0.2,0.2,0.19,0.16,0.27,0.22,0.22,0.22,0.22,0.22,0.22,0.22,0.22,0.22,0.22,0.22,0.22,0.22,0.22,0.22,0.22,0.22,0.22,0.22,0.22,0.22,0.22,0.22,0.22,0.22,0.22,0.22,0.22,0.22,0.22,0.22,0.22,0.22,0.22,0.22,0.22,0.22,0.22,0.22,0.22,0.22,0.22,0.22,0.22,0.22,0.22,0.22,0.22,0.22,0.22,0.22,0.22,0.22,0.22,0.22,0.22,0.22,0.22,0.22,0.22,0.22,0.22,0.22,0.22,0.22,0.22,0.22,0.22,0.22,0.22,0.22,0.22,0.22,0.22,0.22,0.22,0.22,0.22,0.22,0.22,0.22,0.22,0.22,0.22,0.22,0.22,0.22,0.22,0.22,0.22,0.22,0.22,0.22,0.22,0.22,0.22,0.22,0.22,0.22,0.22,0.22,0.22,0.22,0.22,0.22,0.22,0.22,0.22,0.22,0.22,0.22,0.22,0.22,0.22,0.22,0.22,0.22,0.22,0.22,0.22,0.22,0.22,0.22,0.22,0.22,0.22,0.22,0.22,0.22,0.22,0.22,0.22,0.22,0.22,0.22,0.22,0.22,0.22,0.22,0.22,0.22,0.22,0.22,0.22,0.22,0.22,0.22,0.22,0.22,0.22,0.22,0.22,0.22,0.22,0.22,0.22,0.22,0.22,0.22,0.22,0.22,0.22,0.22,0.22,0.22,0.22,0.22,0.22,0.22,0.22,0.22
γ_R(PAR)*,0.37,0.37,0.37,0.37,0.37,0.37,0.37,0.37,0.37,0.37,0.37,0.37,0.37,0.37,0.37,0.37,0.37,0.37,0.37,0.37,0.37,0.37,0.37,0.37,0.37,0.37,0.37,0.37,0.37,0.37,0.37,0.37,0.37,0.37,0.37,0.37,0.37,0.37,0.37,0.37,0.37,0.37,0.37,0.37,0.37,0.37,0.37,0.37,0.37,0.37,0.37,0.37,0.37,0.37,0.37,0.37,0.37,0.37,0.37,0.37,0.37,0.37,0.37,0.37,0.37,0.37,0.37,0.37,0.37,0.37,0.37,0.37,0.37,0.37,0.37,0.37,0.37,0.37,0.37,0.37,0.37,0.37,0.37,0.37,0.37,0.37,0.37,0.37,0.37,0.37,0.37,0.37,0.37,0.37,0.37,0.37,0.37,0.37,0.37,0.37,0.37,0.37,0.37,0.37,0.37,0.37,0.37,0.37,0.37,0.37,0.37,0.37,0.37,0.37,0.37,0.37,0.37,0.37,0.37,0.37,0.37,0.37,0.37,0.37,0.37,0.37,0.37,0.37,0.37,0.37,0.37,0.37,0.37,0.37,0.37,0.37,0.37,0.37,0.37,0.37,0.37,0.37,0.37,0.37,0.37,0.37,0.37,0.37,0.37,0.37,0.37,0.37,0.37,0.37,0.37,0.37,0.37,0.37,0.37,0.37,0.37,0.37,0.37,0.37,0.37,0.37,0.37,0.37,0.37,0.37,0.37,0.37,0.37,0.37,0.37,0.37,0.37,0.37,0.37,0.37,0.37,0.37,0.37,0.37,0.37,0.37,0.37,0.37,0.37,0.37,0.37,0.37,0.37,0.37,0.37,0.37,0.37,0.37,0.37,0.37,0.37
γ_R(ELN)*,0.5,0.5,0.86,0.5,0.5,0.5,0.5,0.5,0.5,0.5,0.5,0.5,0.5,0.5,0.5,0.51,0.52,0.54,0.5,0.52,0.52,0.55,0.52,0.52,0.5,0.55,0.51,0.53,0.55,0.55,0.55,0.55,0.55,0.55,0.55,0.55,0.55,0.55,0.55,0.55,0.55,0.55,0.55,0.55,0.55,0.55,0.55,0.55,0.55,0.55,0.55,0.55,0.55,0.55,0.55,0.55,0.55,0.55,0.55,0.55,0.55,0.55,0.55,0.55,0.55,0.55,0.55,0.55,0.55,0.55,0.55,0.55,0.55,0.55,0.55,0.55,0.55,0.55,0.55,0.55,0.55,0.55,0.55,0.55,0.55,0.55,0.55,0.55,0.55,0.55,0.55,0.55,0.55,0.55,0.55,0.55,0.55,0.55,0.55,0.55,0.55,0.55,0.55,0.55,0.55,0.55,0.55,0.55,0.55,0.55,0.55,0.55,0.55,0.55,0.55,0.55,0.55,0.55,0.55,0.55,0.55,0.55,0.55,0.55,0.55,0.55,0.55,0.55,0.55,0.55,0.55,0.55,0.55,0.55,0.55,0.55,0.55,0.55,0.55,0.55,0.55,0.55,0.55,0.55,0.55,0.55,0.55,0.55,0.55,0.55,0.55,0.55,0.55,0.55,0.55,0.55,0.55,0.55,0.55,0.55,0.55,0.55,0.55,0.55,0.55,0.55,0.55,0.55,0.55,0.55,0.55,0.55,0.55,0.55,0.55,0.55,0.55,0.55,0.55,0.55,0.55,0.55,0.55,0.55,0.55,0.55,0.55,0.55,0.55,0.55,0.55,0.55,0.55,0.55,0.55,0.55,0.55,0.55,0.55,0.55,0.55
γ_R(FARC)*,0.64,0.64,0.64,0.64,0.64,0.64,0.64,0.64,0.64,0.64,0.64,0.64,0.64,0.64,0.64,0.64,0.64,0.64,0.64,0.64,0.64,0.64,0.64,0.64,0.64,0.64,0.64,0.64,0.64,0.64,0.64,0.64,0.64,0.64,0.64,0.64,0.64,0.64,0.64,0.64,0.64,0.64,0.64,0.64,0.64,0.64,0.64,0.64,0.64,0.64,0.64,0.64,0.64,0.64,0.64,0.64,0.64,0.64,0.64,0.64,0.64,0.64,0.64,0.64,0.64,0.64,0.64,0.64,0.64,0.64,0.64,0.64,0.64,0.64,0.64,0.64,0.64,0.64,0.64,0.64,0.64,0.64,0.64,0.64,0.64,0.64,0.64,0.64,0.64,0.64,0.64,0.64,0.64,0.64,0.64,0.64,0.64,0.64,0.64,0.64,0.64,0.64,0.64,0.64,0.64,0.64,0.64,0.64,0.64,0.64,0.64,0.64,0.64,0.64,0.64,0.64,0.64,0.64,0.64,0.64,0.64,0.64,0.64,0.64,0.64,0.64,0.64,0.64,0.64,0.64,0.64,0.64,0.64,0.64,0.64,0.64,0.64,0.64,0.64,0.64,0.64,0.64,0.64,0.64,0.64,0.64,0.64,0.64,0.64,0.64,0.64,0.64,0.64,0.64,0.64,0.64,0.64,0.64,0.64,0.64,0.64,0.64,0.64,0.64,0.64,0.64,0.64,0.64,0.64,0.64,0.64,0.64,0.64,0.64,0.64,0.64,0.64,0.64,0.64,0.64,0.64,0.64,0.64,0.64,0.64,0.64,0.64,0.64,0.64,0.64,0.64,0.64,0.64,0.64,0.64,0.64,0.64,0.64,0.64,0.64,0.64
α_R(DC)*,0.18,0.18,0.61,0.18,0.18,0.18,0.18,0.18,0.18,0.18,0.25,0.36,0.45,0.51,0.5700000000000001,0.62,0.66,0.7000000000000001,0.73,0.76,0.78,0.8,0.8200000000000001,0.8300000000000001,0.85,0.86,0.87,0.88,0.89,0.89,0.9,0.9,0.9,0.9,0.9,0.9,0.9,0.9,0.9,0.9,0.9,0.9,0.9,0.9,0.9,0.9,0.9,0.9,0.9,0.9,0.9,0.9,0.9,0.9,0.9,0.9,0.9,0.9,0.9,0.9,0.9,0.9,0.9,0.9,0.9,0.9,0.9,0.9,0.9,0.9,0.9,0.9,0.9,0.9,0.9,0.9,0.9,0.9,0.9,0.9,0.9,0.9,0.9,0.9,0.9,0.9,0.9,0.9,0.9,0.9,0.9,0.9,0.9,0.9,0.9,0.9,0.9,0.9,0.9,0.9,0.9,0.9,0.9,0.9,0.9,0.9,0.9,0.9,0.9,0.9,0.9,0.9,0.9,0.9,0.9,0.9,0.9,0.9,0.9,0.9,0.9,0.9,0.9,0.9,0.9,0.9,0.9,0.9,0.9,0.9,0.9,0.9,0.9,0.9,0.9,0.9,0.9,0.9,0.9,0.9,0.9,0.9,0.9,0.9,0.9,0.9,0.9,0.9,0.9,0.9,0.9,0.9,0.9,0.9,0.9,0.9,0.9,0.9,0.9,0.9,0.9,0.9,0.9,0.9,0.9,0.9,0.9,0.9,0.9,0.9,0.9,0.9,0.9,0.9,0.9,0.9,0.9,0.9,0.9,0.9,0.9,0.9,0.9,0.9,0.9,0.9,0.9,0.9,0.9,0.9,0.9,0.9,0.9,0.9,0.9,0.9,0.9,0.9,0.9,0.9,0.9
α_R(PAR)*,0.31,0.31,0.31,0.31,0.31,0.31,0.31,0.31,0.31,0.31,0.31,0.31,0.31,0.31,0.31,0.31,0.31,0.31,0.31,0.31,0.31,0.31,0.31,0.31,0.31,0.31,0.31,0.31,0.31,0.31,0.31,0.31,0.31,0.31,0.31,0.31,0.31,0.31,0.31,0.31,0.31,0.31,0.31,0.31,0.31,0.31,0.31,0.31,0.31,0.31,0.31,0.31,0.31,0.31,0.31,0.31,0.31,0.31,0.31,0.31,0.31,0.31,0.31,0.31,0.31,0.31,0.31,0.31,0.31,0.31,0.31,0.31,0.31,0.31,0.31,0.31,0.31,0.31,0.31,0.31,0.31,0.31,0.31,0.31,0.31,0.31,0.31,0.31,0.31,0.31,0.31,0.31,0.31,0.31,0.31,0.31,0.31,0.31,0.31,0.31,0.31,0.31,0.31,0.31,0.31,0.31,0.31,0.31,0.31,0.31,0.31,0.31,0.31,0.31,0.31,0.31,0.31,0.31,0.31,0.31,0.31,0.31,0.31,0.31,0.31,0.31,0.31,0.31,0.31,0.31,0.31,0.31,0.31,0.31,0.31,0.31,0.31,0.31,0.31,0.31,0.31,0.31,0.31,0.31,0.31,0.31,0.31,0.31,0.31,0.31,0.31,0.31,0.31,0.31,0.31,0.31,0.31,0.31,0.31,0.31,0.31,0.31,0.31,0.31,0.31,0.31,0.31,0.31,0.31,0.31,0.31,0.31,0.31,0.31,0.31,0.31,0.31,0.31,0.31,0.31,0.31,0.31,0.31,0.31,0.31,0.31,0.31,0.31,0.31,0.31,0.31,0.31,0.31,0.31,0.31,0.31,0.31,0.31,0.31,0.31,0.31
α_R(ELN)*,0.45,0.45,0.81,0.45,0.45,0.45,0.45,0.45,0.45,0.45,0.45,0.45,0.45,0.45,0.45,0.49,0.54,0.58,0.63,0.66,0.6900000000000001,0.71,0.74,0.76,0.78,0.79,0.81,0.8200000000000001,0.8300000000000001,0.84,0.85,0.85,0.85,0.85,0.85,0.85,0.85,0.85,0.85,0.85,0.85,0.85,0.85,0.85,0.85,0.85,0.85,0.85,0.85,0.85,0.85,0.85,0.85,0.85,0.85,0.85,0.85,0.85,0.85,0.85,0.85,0.85,0.85,0.85,0.85,0.85,0.85,0.85,0.85,0.85,0.85,0.85,0.85,0.85,0.85,0.85,0.85,0.85,0.85,0.85,0.85,0.85,0.85,0.85,0.85,0.85,0.85,0.85,0.85,0.85,0.85,0.85,0.85,0.85,0.85,0.85,0.85,0.85,0.85,0.85,0.85,0.85,0.85,0.85,0.85,0.85,0.85,0.85,0.85,0.85,0.85,0.85,0.85,0.85,0.85,0.85,0.85,0.85,0.85,0.85,0.85,0.85,0.85,0.85,0.85,0.85,0.85,0.85,0.85,0.85,0.85,0.85,0.85,0.85,0.85,0.85,0.85,0.85,0.85,0.85,0.85,0.85,0.85,0.85,0.85,0.85,0.85,0.85,0.85,0.85,0.85,0.85,0.85,0.85,0.85,0.85,0.85,0.85,0.85,0.85,0.85,0.85,0.85,0.85,0.85,0.85,0.85,0.85,0.85,0.85,0.85,0.85,0.85,0.85,0.85,0.85,0.85,0.85,0.85,0.85,0.85,0.85,0.85,0.85,0.85,0.85,0.85,0.85,0.85,0.85,0.85,0.85,0.85,0.85,0.85,0.85,0.85,0.85,0.85,0.85,0.85
α_R(FARC)*,0.59,0.59,0.59,0.59,0.59,0.59,0.59,0.59,0.59,0.59,0.59,0.59,0.59,0.59,0.59,0.59,0.59,0.59,0.59,0.59,0.59,0.59,0.59,0.59,0.59,0.59,0.59,0.59,0.59,0.59,0.59,0.59,0.59,0.59,0.59,0.59,0.59,0.59,0.59,0.59,0.59,0.59,0.59,0.59,0.59,0.59,0.59,0.59,0.59,0.59,0.59,0.59,0.59,0.59,0.59,0.59,0.59,0.59,0.59,0.59,0.59,0.59,0.59,0.59,0.59,0.59,0.59,0.59,0.59,0.59,0.59,0.59,0.59,0.59,0.59,0.59,0.59,0.59,0.59,0.59,0.59,0.59,0.59,0.59,0.59,0.59,0.59,0.59,0.59,0.59,0.59,0.59,0.59,0.59,0.59,0.59,0.59,0.59,0.59,0.59,0.59,0.59,0.59,0.59,0.59,0.59,0.59,0.59,0.59,0.59,0.59,0.59,0.59,0.59,0.59,0.59,0.59,0.59,0.59,0.59,0.59,0.59,0.59,0.59,0.59,0.59,0.59,0.59,0.59,0.59,0.59,0.59,0.59,0.59,0.59,0.59,0.59,0.59,0.59,0.59,0.59,0.59,0.59,0.59,0.59,0.59,0.59,0.59,0.59,0.59,0.59,0.59,0.59,0.59,0.59,0.59,0.59,0.59,0.59,0.59,0.59,0.59,0.59,0.59,0.59,0.59,0.59,0.59,0.59,0.59,0.59,0.59,0.59,0.59,0.59,0.59,0.59,0.59,0.59,0.59,0.59,0.59,0.59,0.59,0.59,0.59,0.59,0.59,0.59,0.59,0.59,0.59,0.59,0.59,0.59,0.59,0.59,0.59,0.59,0.59,0.59
γ_N(DC)*,0.59,0.59,0.59,0.59,0.59,0.59,0.59,0.59,0.59,0.59,0.59,0.59,0.59,0.59,0.59,0.59,0.59,0.59,0.61,0.58,0.6,0.62,0.62,0.61,0.58,0.61,0.58,0.5700000000000001,0.5700000000000001,0.5700000000000001,0.5700000000000001,0.5700000000000001,0.5700000000000001,0.5700000000000001,0.5700000000000001,0.5700000000000001,0.5700000000000001,0.5700000000000001,0.5700000000000001,0.5700000000000001,0.5700000000000001,0.5700000000000001,0.5700000000000001,0.5700000000000001,0.5700000000000001,0.5700000000000001,0.5700000000000001,0.5700000000000001,0.5700000000000001,0.5700000000000001,0.5700000000000001,0.5700000000000001,0.5700000000000001,0.5700000000000001,0.5700000000000001,0.5700000000000001,0.5700000000000001,0.5700000000000001,0.5700000000000001,0.5700000000000001,0.5700000000000001,0.5700000000000001,0.5700000000000001,0.5700000000000001,0.5700000000000001,0.5700000000000001,0.5700000000000001,0.5700000000000001,0.5700000000000001,0.5700000000000001,0.5700000000000001,0.5700000000000001,0.5700000000000001,0.5700000000000001,0.5700000000000001,0.5700000000000001,0.5700000000000001,0.5700000000000001,0.5700000000000001,0.5700000000000001,0.5700000000000001,0.5700000000000001,0.5700000000000001,0.5700000000000001,0.5700000000000001,0.5700000000000001,0.5700000000000001,0.5700000000000001,0.5700000000000001,0.5700000000000001,0.5700000000000001,0.5700000000000001,0.5700000000000001,0.5700000000000001,0.5700000000000001,0.5700000000000001,0.5700000000000001,0.5700000000000001,0.5700000000000001,0.5700000000000001,0.5700000000000001,0.5700000000000001,0.5700000000000001,0.5700000000000001,0.5700000000000001,0.5700000000000001,0.5700000000000001,0.5700000000000001,0.5700000000000001,0.5700000000000001,0.5700000000000001,0.5700000000000001,0.5700000000000001,0.5700000000000001,0.5700000000000001,0.5700000000000001,0.5700000000000001,0.5700000000000001,0.5700000000000001,0.5700000000000001,0.5700000000000001,0.5700000000000001,0.5700000000000001,0.5700000000000001,0.5700000000000001,0.5700000000000001,0.5700000000000001,0.5700000000000001,0.5700000000000001,0.5700000000000001,0.5700000000000001,0.5700000000000001,0.5700000000000001,0.5700000000000001,0.5700000000000001,0.5700000000000001,0.5700000000000001,0.5700000000000001,0.5700000000000001,0.5700000000000001,0.5700000000000001,0.5700000000000001,0.5700000000000001,0.5700000000000001,0.5700000000000001,0.5700000000000001,0.5700000000000001,0.5700000000000001,0.5700000000000001,0.5700000000000001,0.5700000000000001,0.5700000000000001,0.5700000000000001,0.5700000000000001,0.5700000000000001,0.5700000000000001,0.5700000000000001,0.5700000000000001,0.5700000000000001,0.5700000000000001,0.5700000000000001,0.5700000000000001,0.5700000000000001,0.5700000000000001,0.5700000000000001,0.5700000000000001,0.5700000000000001,0.5700000000000001,0.5700000000000001,0.5700000000000001,0.5700000000000001,0.5700000000000001,0.5700000000000001,0.5700000000000001,0.5700000000000001,0.5700000000000001,0.5700000000000001,0.5700000000000001,0.5700000000000001,0.5700000000000001,0.5700000000000001,0.5700000000000001,0.5700000000000001,0.5700000000000001,0.5700000000000001,0.5700000000000001,0.5700000000000001,0.5700000000000001,0.5700000000000001,0.5700000000000001,0.5700000000000001,0.5700000000000001,0.5700000000000001,0.5700000000000001,0.5700000000000001,0.5700000000000001,0.5700000000000001,0.5700000000000001,0.5700000000000001,0.5700000000000001,0.5700000000000001
γ_N(PAR)*,0.64,0.64,0.64,0.64,0.64,0.64,0.64,0.64,0.63,0.63,0.63,0.62,0.62,0.62,0.61,0.61,0.6,0.6,0.59,0.59,0.58,0.58,0.5700000000000001,0.5700000000000001,0.56,0.55,0.55,0.54,0.53,0.52,0.52,0.52,0.52,0.52,0.52,0.52,0.52,0.52,0.52,0.52,0.52,0.52,0.52,0.52,0.52,0.52,0.52,0.52,0.52,0.52,0.52,0.52,0.52,0.52,0.52,0.52,0.52,0.52,0.52,0.52,0.52,0.52,0.52,0.52,0.52,0.52,0.52,0.52,0.52,0.52,0.52,0.52,0.52,0.52,0.52,0.52,0.52,0.52,0.52,0.52,0.52,0.52,0.52,0.52,0.52,0.52,0.52,0.52,0.52,0.52,0.52,0.52,0.52,0.52,0.52,0.52,0.52,0.52,0.52,0.52,0.52,0.52,0.52,0.52,0.52,0.52,0.52,0.52,0.52,0.52,0.52,0.52,0.52,0.52,0.52,0.52,0.52,0.52,0.52,0.52,0.52,0.52,0.52,0.52,0.52,0.52,0.52,0.52,0.52,0.52,0.52,0.52,0.52,0.52,0.52,0.52,0.52,0.52,0.52,0.52,0.52,0.52,0.52,0.52,0.52,0.52,0.52,0.52,0.52,0.52,0.52,0.52,0.52,0.52,0.52,0.52,0.52,0.52,0.52,0.52,0.52,0.52,0.52,0.52,0.52,0.52,0.52,0.52,0.52,0.52,0.52,0.52,0.52,0.52,0.52,0.52,0.52,0.52,0.52,0.52,0.52,0.52,0.52,0.52,0.52,0.52,0.52,0.52,0.52,0.52,0.52,0.52,0.52,0.52,0.52,0.52,0.52,0.52,0.52,0.52,0.52
γ_N(ELN)*,0.6900000000000001,0.6900000000000001,0.79,0.6900000000000001,0.6900000000000001,0.6900000000000001,0.6900000000000001,0.6900000000000001,0.6900000000000001,0.6900000000000001,0.6900000000000001,0.6900000000000001,0.6900000000000001,0.68,0.68,0.68,0.68,0.68,0.68,0.68,0.67,0.67,0.67,0.67,0.66,0.68,0.66,0.68,0.65,0.65,0.65,0.65,0.65,0.65,0.65,0.65,0.65,0.65,0.65,0.65,0.65,0.65,0.65,0.65,0.65,0.65,0.65,0.65,0.65,0.65,0.65,0.65,0.65,0.65,0.65,0.65,0.65,0.65,0.65,0.65,0.65,0.65,0.65,0.65,0.65,0.65,0.65,0.65,0.65,0.65,0.65,0.65,0.65,0.65,0.65,0.65,0.65,0.65,0.65,0.65,0.65,0.65,0.65,0.65,0.65,0.65,0.65,0.65,0.65,0.65,0.65,0.65,0.65,0.65,0.65,0.65,0.65,0.65,0.65,0.65,0.65,0.65,0.65,0.65,0.65,0.65,0.65,0.65,0.65,0.65,0.65,0.65,0.65,0.65,0.65,0.65,0.65,0.65,0.65,0.65,0.65,0.65,0.65,0.65,0.65,0.65,0.65,0.65,0.65,0.65,0.65,0.65,0.65,0.65,0.65,0.65,0.65,0.65,0.65,0.65,0.65,0.65,0.65,0.65,0.65,0.65,0.65,0.65,0.65,0.65,0.65,0.65,0.65,0.65,0.65,0.65,0.65,0.65,0.65,0.65,0.65,0.65,0.65,0.65,0.65,0.65,0.65,0.65,0.65,0.65,0.65,0.65,0.65,0.65,0.65,0.65,0.65,0.65,0.65,0.65,0.65,0.65,0.65,0.65,0.65,0.65,0.65,0.65,0.65,0.65,0.65,0.65,0.65,0.65,0.65,0.65,0.65,0.65,0.65,0.65,0.65
γ_N(FARC)*,0.74,0.74,0.74,0.74,0.74,0.74,0.74,0.74,0.74,0.74,0.74,0.74,0.74,0.74,0.74,0.74,0.74,0.74,0.74,0.73,0.73,0.73,0.73,0.73,0.73,0.73,0.73,0.73,0.73,0.73,0.72,0.72,0.72,0.72,0.72,0.72,0.72,0.72,0.72,0.72,0.72,0.72,0.72,0.72,0.72,0.72,0.72,0.72,0.72,0.72,0.72,0.72,0.72,0.72,0.72,0.72,0.72,0.72,0.72,0.72,0.72,0.72,0.72,0.72,0.72,0.72,0.72,0.72,0.72,0.72,0.72,0.72,0.72,0.72,0.72,0.72,0.72,0.72,0.72,0.72,0.72,0.72,0.72,0.72,0.72,0.72,0.72,0.72,0.72,0.72,0.72,0.72,0.72,0.72,0.72,0.72,0.72,0.72,0.72,0.72,0.72,0.72,0.72,0.72,0.72,0.72,0.72,0.72,0.72,0.72,0.72,0.72,0.72,0.72,0.72,0.72,0.72,0.72,0.72,0.72,0.72,0.72,0.72,0.72,0.72,0.72,0.72,0.72,0.72,0.72,0.72,0.72,0.72,0.72,0.72,0.72,0.72,0.72,0.72,0.72,0.72,0.72,0.72,0.72,0.72,0.72,0.72,0.72,0.72,0.72,0.72,0.72,0.72,0.72,0.72,0.72,0.72,0.72,0.72,0.72,0.72,0.72,0.72,0.72,0.72,0.72,0.72,0.72,0.72,0.72,0.72,0.72,0.72,0.72,0.72,0.72,0.72,0.72,0.72,0.72,0.72,0.72,0.72,0.72,0.72,0.72,0.72,0.72,0.72,0.72,0.72,0.72,0.72,0.72,0.72,0.72,0.72,0.72,0.72,0.72,0.72
α_N(DC)*,0.62,0.62,0.62,0.62,0.62,0.62,0.62,0.62,0.62,0.62,0.62,0.62,0.62,0.62,0.62,0.62,0.62,0.64,0.67,0.71,0.73,0.75,0.77,0.79,0.81,0.8200000000000001,0.84,0.85,0.86,0.87,0.88,0.88,0.88,0.88,0.88,0.88,0.88,0.88,0.88,0.88,0.88,0.88,0.88,0.88,0.88,0.88,0.88,0.88,0.88,0.88,0.88,0.88,0.88,0.88,0.88,0.88,0.88,0.88,0.88,0.88,0.88,0.88,0.88,0.88,0.88,0.88,0.88,0.88,0.88,0.88,0.88,0.88,0.88,0.88,0.88,0.88,0.88,0.88,0.88,0.88,0.88,0.88,0.88,0.88,0.88,0.88,0.88,0.88,0.88,0.88,0.88,0.88,0.88,0.88,0.88,0.88,0.88,0.88,0.88,0.88,0.88,0.88,0.88,0.88,0.88,0.88,0.88,0.88,0.88,0.88,0.88,0.88,0.88,0.88,0.88,0.88,0.88,0.88,0.88,0.88,0.88,0.88,0.88,0.88,0.88,0.88,0.88,0.88,0.88,0.88,0.88,0.88,0.88,0.88,0.88,0.88,0.88,0.88,0.88,0.88,0.88,0.88,0.88,0.88,0.88,0.88,0.88,0.88,0.88,0.88,0.88,0.88,0.88,0.88,0.88,0.88,0.88,0.88,0.88,0.88,0.88,0.88,0.88,0.88,0.88,0.88,0.88,0.88,0.88,0.88,0.88,0.88,0.88,0.88,0.88,0.88,0.88,0.88,0.88,0.88,0.88,0.88,0.88,0.88,0.88,0.88,0.88,0.88,0.88,0.88,0.88,0.88,0.88,0.88,0.88,0.88,0.88,0.88,0.88,0.88,0.88
α_N(PAR)*,0.67,0.67,0.67,0.67,0.67,0.67,0.67,0.67,0.67,0.67,0.66,0.66,0.66,0.66,0.66,0.65,0.65,0.65,0.65,0.64,0.64,0.64,0.63,0.63,0.63,0.62,0.62,0.62,0.61,0.61,0.6,0.6,0.6,0.6,0.6,0.6,0.6,0.6,0.6,0.6,0.6,0.6,0.6,0.6,0.6,0.6,0.6,0.6,0.6,0.6,0.6,0.6,0.6,0.6,0.6,0.6,0.6,0.6,0.6,0.6,0.6,0.6,0.6,0.6,0.6,0.6,0.6,0.6,0.6,0.6,0.6,0.6,0.6,0.6,0.6,0.6,0.6,0.6,0.6,0.6,0.6,0.6,0.6,0.6,0.6,0.6,0.6,0.6,0.6,0.6,0.6,0.6,0.6,0.6,0.6,0.6,0.6,0.6,0.6,0.6,0.6,0.6,0.6,0.6,0.6,0.6,0.6,0.6,0.6,0.6,0.6,0.6,0.6,0.6,0.6,0.6,0.6,0.6,0.6,0.6,0.6,0.6,0.6,0.6,0.6,0.6,0.6,0.6,0.6,0.6,0.6,0.6,0.6,0.6,0.6,0.6,0.6,0.6,0.6,0.6,0.6,0.6,0.6,0.6,0.6,0.6,0.6,0.6,0.6,0.6,0.6,0.6,0.6,0.6,0.6,0.6,0.6,0.6,0.6,0.6,0.6,0.6,0.6,0.6,0.6,0.6,0.6,0.6,0.6,0.6,0.6,0.6,0.6,0.6,0.6,0.6,0.6,0.6,0.6,0.6,0.6,0.6,0.6,0.6,0.6,0.6,0.6,0.6,0.6,0.6,0.6,0.6,0.6,0.6,0.6,0.6,0.6,0.6,0.6,0.6,0.6
α_N(ELN)*,0.72,0.72,0.88,0.72,0.72,0.72,0.72,0.72,0.72,0.72,0.72,0.72,0.72,0.72,0.72,0.72,0.72,0.71,0.71,0.71,0.71,0.71,0.72,0.74,0.76,0.77,0.79,0.8,0.8200000000000001,0.8300000000000001,0.84,0.84,0.84,0.84,0.84,0.84,0.84,0.84,0.84,0.84,0.84,0.84,0.84,0.84,0.84,0.84,0.84,0.84,0.84,0.84,0.84,0.84,0.84,0.84,0.84,0.84,0.84,0.84,0.84,0.84,0.84,0.84,0.84,0.84,0.84,0.84,0.84,0.84,0.84,0.84,0.84,0.84,0.84,0.84,0.84,0.84,0.84,0.84,0.84,0.84,0.84,0.84,0.84,0.84,0.84,0.84,0.84,0.84,0.84,0.84,0.84,0.84,0.84,0.84,0.84,0.84,0.84,0.84,0.84,0.84,0.84,0.84,0.84,0.84,0.84,0.84,0.84,0.84,0.84,0.84,0.84,0.84,0.84,0.84,0.84,0.84,0.84,0.84,0.84,0.84,0.84,0.84,0.84,0.84,0.84,0.84,0.84,0.84,0.84,0.84,0.84,0.84,0.84,0.84,0.84,0.84,0.84,0.84,0.84,0.84,0.84,0.84,0.84,0.84,0.84,0.84,0.84,0.84,0.84,0.84,0.84,0.84,0.84,0.84,0.84,0.84,0.84,0.84,0.84,0.84,0.84,0.84,0.84,0.84,0.84,0.84,0.84,0.84,0.84,0.84,0.84,0.84,0.84,0.84,0.84,0.84,0.84,0.84,0.84,0.84,0.84,0.84,0.84,0.84,0.84,0.84,0.84,0.84,0.84,0.84,0.84,0.84,0.84,0.84,0.84,0.84,0.84,0.84,0.84,0.84,0.84
α_N(FARC)*,0.77,0.77,0.77,0.77,0.77,0.77,0.77,0.77,0.77,0.77,0.77,0.77,0.77,0.77,0.77,0.77,0.77,0.77,0.77,0.77,0.77,0.77,0.77,0.77,0.77,0.76,0.76,0.76,0.76,0.76,0.76,0.76,0.76,0.76,0.76,0.76,0.76,0.76,0.76,0.76,0.76,0.76,0.76,0.76,0.76,0.76,0.76,0.76,0.76,0.76,0.76,0.76,0.76,0.76,0.76,0.76,0.76,0.76,0.76,0.76,0.76,0.76,0.76,0.76,0.76,0.76,0.76,0.76,0.76,0.76,0.76,0.76,0.76,0.76,0.76,0.76,0.76,0.76,0.76,0.76,0.76,0.76,0.76,0.76,0.76,0.76,0.76,0.76,0.76,0.76,0.76,0.76,0.76,0.76,0.76,0.76,0.76,0.76,0.76,0.76,0.76,0.76,0.76,0.76,0.76,0.76,0.76,0.76,0.76,0.76,0.76,0.76,0.76,0.76,0.76,0.76,0.76,0.76,0.76,0.76,0.76,0.76,0.76,0.76,0.76,0.76,0.76,0.76,0.76,0.76,0.76,0.76,0.76,0.76,0.76,0.76,0.76,0.76,0.76,0.76,0.76,0.76,0.76,0.76,0.76,0.76,0.76,0.76,0.76,0.76,0.76,0.76,0.76,0.76,0.76,0.76,0.76,0.76,0.76,0.76,0.76,0.76,0.76,0.76,0.76,0.76,0.76,0.76,0.76,0.76,0.76,0.76,0.76,0.76,0.76,0.76,0.76,0.76,0.76,0.76,0.76,0.76,0.76,0.76,0.76,0.76,0.76,0.76,0.76,0.76,0.76,0.76,0.76,0.76,0.76,0.76,0.76,0.76,0.76,0.76,0.76
H(μ_τ),1.3040114826148388,1.2985591002244155,1.3862943611198906,1.3862943611198906,1.3862943611198906,1.3862943611198906,1.3862943611198906,1.3737398645819399,1.3719581429081233,1.270446011544666,1.329366798125564,1.3659663625921723,1.3789970148577166,1.32349738531271,1.3570949607792118,1.3694180184383056,1.3621538860929296,1.3385194296721221,1.3555790214784391,1.3013597099558987,1.3291323656243341,1.3374423998635594,1.2895905468466915,1.19830689816555,1.2428106165128423,1.1455687430469599,1.0377186803027278,1.0954048220899733,1.1405438593944148,1.0484807382590309,1.0879823544083749,1.002320547994088,1.0351419356873486,1.0598391428060316,0.9868064116289086,1.00544875516709,1.0212392737824136,0.957545098653354,0.9690944545923061,0.9823027058448505,0.9993495852539439,0.9297666230986567,1.050990861885359,1.1115443170009174,1.1500317981644428,1.0811942841789906,1.1225785235162262,1.1431487564036924,1.1450863680012873,1.1163232461438932,1.12240082839693,1.1141820998161436,1.0927023765806152,1.0883528989533973,1.0586333864994153,1.0134092468476528,1.0208065038509968,0.9762509707118562,0.9265144870785861,0.8747862447860193,0.8225120836588318,0.7677626753129634,0.7106718596432525,0.7565424164419344,0.7887975129383958,0.7476627996489142,0.7757586865218187,0.7395474173481336,0.7637767065321466,0.7332940865811489,0.6965642611103663,0.6525817757315027,0.6939224527214664,0.6530791957923896,0.6923473938235438,0.6543020988589128,0.6087097674757482,0.6553713156782577,0.6908416886770709,0.7115695627740286,0.716241534467133,0.7044039855123803,0.6134009858653267,0.5429421293062613,0.6090163912028642,0.5419747051239473,0.6061141155712871,0.5420896525121308,0.6044870006522938,0.662401731343795,0.7119913289262841,0.659338921856501,0.6031635944992242,0.5450346496655606,0.6031582736326181,0.5467649187965473,0.6037359901186351,0.6542174230486987,0.6945259885815195,0.7218221714372329,0.7332483452377159,0.7287006629831929,0.7092729210979002,0.6770985278013496,0.6361951462562626,0.6545887077017902,0.673894111608139,0.6914424809654586,0.6561492989187375,0.6774484676732762,0.6375055648670247,0.6621278119925662,0.6177877563706555,0.5652411992225648,0.509975906206289,0.5389404548008145,0.5705350176387648,0.5129827455174053,0.45603149076614,0.4137917340843421,0.4532527676902037,0.409222673918135,0.4532141832632954,0.40769055086962314,0.36510733172173854,0.3262978127837216,0.2917322056806225,0.2615934691762225,0.23585298476329583,0.2557311876771178,0.22810801581795034,0.20469653001692345,0.18524488409918316,0.16944674158436293,0.1771641841486585,0.1596975366992663,0.14556357412183005,0.13443066782149019,0.13736736034517208,0.12480945950999527,0.1149158466312741,0.10738719927584547,0.10195223570556294,0.09837040924090885,0.09138744062100976,0.09135588754530867,0.08358432425354036,0.07765982743759955,0.07335399826433875,0.0704689027655006,0.06883542934344634,0.06831103688050466,0.0687772269504525,0.07013696065464006,0.07231215906084026,0.0752413687665452,0.07893167095368346,0.08330557098663602,0.06330427802034039,0.06638032779708804,0.07003729434848298,0.05306381052418497,0.05564347141825278,0.058722641162282166,0.04440965359373883,0.04656480593691689,0.04914797169950173,0.052145646811779564,0.05555091213426454,0.05936261273897369,0.06358467204890471,0.0464453078993538,0.03426769925429599,0.03637021150140191,0.038769714734432824,0.028555708460956234,0.02150871988476029,0.022525771554602846,0.023767591273552803,0.02522687409417086,0.06367872451852415,0.06613055035107555,0.05197190156609233,0.05343308651689815,0.05547902873263255,0.05807049192100465,0.0611785132672592,0.04646696411561616,0.03647979545131242,0.03745577483626167,0.03886177097297635,0.030508733404128952,0.031299854630993544,0.03245846683986711,0.03395942251704411,0.03578454998087723,0.027077997458516034,0.02832096804747984,0.029840020143489417,0.03162474476401525,0.0235914610491301
ΔH,0.008244333521409963,0.01789978399932446,0.026164742603670188,0.02857483993509602,0.026588919538080846,0.026317158506375504,0.026484165687788774,0.025088165182896915,0.02645521892410141,0.024143954746735696,0.025578511321979525,0.026194608709932066,0.025807417492097917,0.025462770539050883,0.025995739504124815,0.025790190639158883,0.0249523376908678,0.023673762897616246,0.026171823431358154,0.026715673398723938,0.02703987532360319,0.02684414219026765,0.02734758120703651,0.026215042271612088,0.027351424537259472,0.026111730274559264,0.024395845134304928,0.02617926454403352,0.027405502722203545,0.02655613407826518,0.027618574747142244,0.026296952508211402,0.02630494609251688,0.025934533015168126,0.025129995773760738,0.024492128266490276,0.023789012949488764,0.023141004710615865,0.02232455898356589,0.021677432264443186,0.02130217867736961,0.020206529032212317,0.02768128037301465,0.028962644562767093,0.029266294234031598,0.02810281172680451,0.02857490381663408,0.028217132482344143,0.02719012891452932,0.027575412990860304,0.02670777239650657,0.025425979432667445,0.02608522207263575,0.024929430971070587,0.02532712384468283,0.025283504826216552,0.024503224046575678,0.024532555974537518,0.02424634025618766,0.023529455775671337,0.022716396576517695,0.0214459529522969,0.019694204781714575,0.021354640729414287,0.02212486564141669,0.02125525278478102,0.022200596948271367,0.021160162718823816,0.021978230973822455,0.02109934036353245,0.020048281541740876,0.01854377310250388,0.02004870701885708,0.018646961103562565,0.020099688157668716,0.018737168700472706,0.017035640661035467,0.018837347902064483,0.020427529266861977,0.02117821163700384,0.021632840287271637,0.020800867605056395,0.01607358889988686,0.013919476380873874,0.016070303934692887,0.01400004962010648,0.01610130382434749,0.014106216500397117,0.01627289783795105,0.0183595899359581,0.020141213613417697,0.01841986814764285,0.016468846392974745,0.014459040329310446,0.016570772772413145,0.014585106493339994,0.016682122723577608,0.01861761294184927,0.020090687012048414,0.021297316594246496,0.02172458509921782,0.021340668895106107,0.019872060638146283,0.018015187012880518,0.0159680248603572,0.01725273317169762,0.01857336219685224,0.01986709830515887,0.01801319606008467,0.019328598555440335,0.017368260223306287,0.01876697831932206,0.016710759697728506,0.014454311912254103,0.012250364882182396,0.013576581801224563,0.015034837756307318,0.012756679164646845,0.012334203370913122,0.010678455696788547,0.012575099661111255,0.010872564120201711,0.01284933767046853,0.011107487083369783,0.00950809449034773,0.008081744563163129,0.0068408639585179065,0.005784413635905095,0.004902360860951083,0.005855678000253661,0.004923082930396283,0.004151548502126873,0.003523674900851148,0.0030213246285177575,0.0035041335028433984,0.0029623859928141483,0.0025308293443266072,0.0021930686193702698,0.0024864622354833776,0.0021180508915675106,0.0018299057616478348,0.0016090829952266072,0.001444573129844945,0.0013271828515982464,0.0013361827286004907,0.0014775696580345554,0.0012686094273697962,0.0011084653224002622,0.0009887686298816895,0.0009026540250468285,0.0008445550242170419,0.0008100089460321425,0.0007954802687276941,0.0007982060043293382,0.0008160635422570922,0.0008480395293825188,0.0008926274436370923,0.0009489913158077651,0.0006901165168055473,0.0007252775610574191,0.0007700604877898393,0.0005602278362631455,0.0005881754148945387,0.0006240852805948077,0.00045445440147747623,0.00047658580055526256,0.0005052905325239956,0.0005402840842022305,0.0005814344115333964,0.000628739239368542,0.0006823083176284023,0.00046997532669025566,0.0003305376505166255,0.00035298631594561647,0.0003795878580429776,0.0002671405986086235,0.0001959728123610352,0.00020439723237107923,0.00021583174684559892,0.0002301251942975202,0.0007059515243802023,0.0007308083105509872,0.0005648492493498941,0.0005742190034018838,0.0005935892658951308,0.0006220484491988795,0.0006589633495033484,0.00048175906296141213,0.00037454260812080226,0.0003792241598024257,0.0003907668463602118,0.00030485092883736353,0.0003080001371306394,0.0003168233197783782,0.0003307756300043943,0.00034947762275597954,0.000256793198096128,0.0002677187442744755,0.00028255248884630213,0.00030108816274705685,0.00021662208025957988
Γ_τ(μ_τ) feasible,False,False,False,True,True,True,True,True,True,True,True,True,True,True,True,True,True,True,True,True,True,True,True,True,True,True,True,True,True,True,True,True,True,True,True,True,True,True,True,True,True,True,True,True,True,True,True,True,True,True,True,True,True,True,True,True,True,True,True,True,True,True,True,True,True,True,True,True,True,True,True,True,True,True,True,True,True,True,True,True,True,True,True,True,True,True,True,True,True,True,True,True,True,True,True,True,True,True,True,True,True,True,True,True,True,True,True,True,True,True,True,True,True,True,True,True,True,True,False,False,False,False,False,False,False,False,False,False,False,False,False,False,False,False,False,False,False,False,False,False,False,False,False,False,False,False,False,False,False,False,False,False,False,False,False,False,False,False,False,False,False,False,False,False,False,False,False,False,False,False,False,False,False,False,False,False,False,False,False,False,False,False,False,False,False,False,False,False,False,False,False,False,False,False,False,False,False,False,False,False,False
IR^K(PAR) OK,Yes,No,No,No,No,No,No,No,No,No,No,No,No,No,No,No,No,No,No,No,No,No,No,No,No,No,No,No,No,No,No,No,No,No,No,No,No,No,No,No,No,No,No,No,No,No,No,No,No,No,No,No,No,No,No,No,No,No,No,No,No,No,No,No,No,No,No,No,No,No,No,No,No,No,No,No,No,No,No,No,No,No,No,No,No,No,No,No,No,No,No,No,No,No,No,No,No,No,No,No,No,No,No,No,No,No,No,No,No,No,No,No,No,No,No,No,No,No,No,No,No,No,No,No,No,No,No,No,No,No,No,No,No,No,No,No,No,No,No,No,No,No,No,No,No,No,No,No,No,No,No,No,No,No,No,No,No,No,No,No,No,No,No,No,No,No,No,No,No,No,No,No,No,No,No,No,No,No,No,No,No,No,No,No,No,No,No,No,No,No,No,No,No,No,No,No,No,No,No,No,No
-sgn(κ_h(DC)),0,-1,1,1,-1,1,1,1,-1,-1,1,1,1,1,1,1,1,1,1,1,1,1,1,1,-1,1,1,1,1,1,1,1,1,1,1,1,-1,-1,1,1,1,1,1,1,1,1,1,-1,1,1,-1,1,1,1,1,1,1,1,1,1,1,1,1,1,1,-1,1,1,1,-1,1,1,-1,1,1,-1,1,1,-1,1,1,1,1,1,1,1,-1,1,1,1,1,1,-1,1,1,1,1,1,1,-1,1,1,1,-1,1,1,-1,1,1,1,-1,1,1,-1,1,1,1,1,1,-1,1,-1,1,1,1,1,1,1,1,1,1,1,1,-1,1,-1,1,-1,1,1,1,1,-1,1,1,1,1,1,1,1,-1,-1,1,1,-1,1,1,-1,1,1,1,1,1,1,1,1,-1,1,-1,1,1,1,1,-1,1,1,-1,1,1,1,1,1,1,1,1,1,1,1,1,-1,-1,-1,1,1,1,1,1,1,1,1,-1
-sgn(κ_h(PAR)),0,-1,-1,-1,-1,-1,1,1,-1,-1,-1,1,-1,-1,-1,-1,-1,-1,-1,-1,-1,1,-1,-1,-1,-1,-1,-1,-1,1,-1,-1,-1,-1,-1,1,-1,-1,-1,-1,-1,-1,-1,-1,-1,-1,-1,-1,-1,-1,-1,1,-1,-1,-1,-1,-1,-1,-1,-1,1,1,-1,-1,-1,-1,1,-1,-1,-1,-1,-1,-1,-1,-1,-1,-1,-1,-1,-1,-1,-1,-1,-1,-1,-1,-1,1,-1,-1,-1,-1,-1,-1,1,-1,-1,-1,-1,-1,-1,-1,-1,-1,-1,-1,-1,-1,1,-1,-1,-1,-1,-1,-1,-1,-1,-1,1,-1,-1,-1,-1,1,-1,-1,-1,-1,1,1,-1,-1,-1,-1,-1,-1,-1,-1,-1,-1,1,-1,-1,-1,-1,-1,-1,1,-1,-1,-1,-1,-1,-1,-1,-1,-1,-1,1,-1,-1,-1,-1,-1,-1,1,-1,-1,-1,-1,-1,1,1,-1,-1,1,-1,-1,-1,1,-1,-1,-1,-1,-1,1,-1,-1,-1,-1,-1,-1,-1,-1,-1,-1,-1,-1,-1,-1,-1
-sgn(κ_h(ELN)),0,-1,1,-1,-1,1,1,1,-1,-1,1,1,1,1,1,1,1,1,1,1,1,1,1,1,-1,1,1,1,1,1,1,1,1,1,1,1,-1,-1,1,1,1,1,1,1,1,1,1,-1,1,1,-1,1,1,1,1,1,1,1,1,1,1,1,1,1,1,-1,1,1,1,-1,1,1,-1,1,1,-1,1,1,-1,1,1,1,1,1,1,1,-1,1,1,1,1,1,-1,1,1,1,1,1,1,-1,1,1,1,-1,1,1,-1,1,1,-1,-1,1,1,-1,-1,1,-1,1,1,-1,1,-1,1,1,1,1,1,1,1,1,1,1,1,-1,1,-1,1,-1,1,1,1,1,-1,1,1,1,1,1,1,1,-1,-1,1,1,-1,1,1,-1,1,1,1,1,1,1,1,1,-1,1,-1,1,1,1,1,-1,1,1,-1,1,1,1,1,1,1,1,1,1,1,1,1,-1,-1,-1,1,1,1,1,1,1,1,1,-1
-sgn(κ_h(FARC)),0,-1,-1,-1,-1,-1,-1,-1,-1,-1,-1,-1,-1,-1,-1,-1,-1,-1,-1,-1,-1,1,-1,-1,-1,-1,-1,-1,-1,1,-1,-1,-1,-1,-1,1,-1,-1,-1,-1,-1,-1,-1,-1,-1,-1,-1,-1,-1,-1,-1,-1,-1,-1,-1,-1,-1,-1,-1,-1,-1,1,-1,-1,-1,-1,1,-1,-1,-1,-1,-1,-1,-1,-1,-1,-1,-1,-1,-1,-1,-1,-1,-1,-1,-1,-1,1,-1,-1,-1,-1,-1,-1,-1,-1,-1,-1,-1,-1,-1,-1,-1,-1,-1,-1,-1,-1,1,-1,-1,-1,-1,-1,-1,-1,-1,-1,1,-1,-1,-1,-1,-1,-1,-1,-1,-1,1,1,-1,-1,-1,-1,-1,-1,-1,-1,-1,-1,-1,1,-1,-1,-1,1,-1,1,-1,-1,-1,-1,-1,-1,-1,-1,-1,-1,-1,-1,-1,-1,-1,-1,-1,1,-1,1,-1,-1,1,-1,1,-1,-1,-1,-1,-1,1,-1,-1,1,-1,1,-1,-1,1,-1,-1,-1,-1,-1,1,-1,-1,-1,-1,1,-1,-1,-1
m outcome,Continue Captivity (cont),Continue Captivity (cont),Continue Captivity (cont),Continue Captivity (cont),Continue Captivity (cont),Continue Captivity (cont),Continue Captivity (cont),Continue Captivity (cont),Continue Captivity (cont),Continue Captivity (cont),Continue Captivity (cont),Continue Captivity (cont),Continue Captivity (cont),Continue Captivity (cont),Continue Captivity (cont),Continue Captivity (cont),Continue Captivity (cont),Continue Captivity (cont),Continue Captivity (cont),Continue Captivity (cont),Continue Captivity (cont),Continue Captivity (cont),Continue Captivity (cont),Continue Captivity (cont),Continue Captivity (cont),Continue Captivity (cont),Continue Captivity (cont),Continue Captivity (cont),Continue Captivity (cont),Continue Captivity (cont),Continue Captivity (cont),Continue Captivity (cont),Continue Captivity (cont),Continue Captivity (cont),Continue Captivity (cont),Continue Captivity (cont),Continue Captivity (cont),Continue Captivity (cont),Continue Captivity (cont),Continue Captivity (cont),Continue Captivity (cont),Ransom Paid (j=1),Continue Captivity (cont),Continue Captivity (cont),Continue Captivity (cont),Continue Captivity (cont),Continue Captivity (cont),Continue Captivity (cont),Continue Captivity (cont),Continue Captivity (cont),Continue Captivity (cont),Continue Captivity (cont),Continue Captivity (cont),Continue Captivity (cont),Continue Captivity (cont),Continue Captivity (cont),Continue Captivity (cont),Continue Captivity (cont),Continue Captivity (cont),Continue Captivity (cont),Continue Captivity (cont),Continue Captivity (cont),Continue Captivity (cont),Continue Captivity (cont),Continue Captivity (cont),Continue Captivity (cont),Continue Captivity (cont),Continue Captivity (cont),Continue Captivity (cont),Continue Captivity (cont),Continue Captivity (cont),Continue Captivity (cont),Continue Captivity (cont),Continue Captivity (cont),Continue Captivity (cont),Continue Captivity (cont),Continue Captivity (cont),Continue Captivity (cont),Continue Captivity (cont),Continue Captivity (cont),Continue Captivity (cont),Ransom Paid (j=1),Continue Captivity (cont),Continue Captivity (cont),Continue Captivity (cont),Continue Captivity (cont),Continue Captivity (cont),Continue Captivity (cont),Continue Captivity (cont),Continue Captivity (cont),Continue Captivity (cont),Continue Captivity (cont),Continue Captivity (cont),Continue Captivity (cont),Continue Captivity (cont),Continue Captivity (cont),Continue Captivity (cont),Continue Captivity (cont),Continue Captivity (cont),Continue Captivity (cont),Continue Captivity (cont),Continue Captivity (cont),Continue Captivity (cont),Continue Captivity (cont),Continue Captivity (cont),Continue Captivity (cont),Continue Captivity (cont),Continue Captivity (cont),Continue Captivity (cont),Continue Captivity (cont),Continue Captivity (cont),Continue Captivity (cont),Continue Captivity (cont),Continue Captivity (cont),Continue Captivity (cont),Continue Captivity (cont),Continue Captivity (cont),Continue Captivity (cont),Continue Captivity (cont),Continue Captivity (cont),Continue Captivity (cont),Continue Captivity (cont),Continue Captivity (cont),Continue Captivity (cont),Continue Captivity (cont),Continue Captivity (cont),Continue Captivity (cont),Continue Captivity (cont),Continue Captivity (cont),Continue Captivity (cont),Continue Captivity (cont),Continue Captivity (cont),Continue Captivity (cont),Continue Captivity (cont),Continue Captivity (cont),Continue Captivity (cont),Continue Captivity (cont),Continue Captivity (cont),Continue Captivity (cont),Continue Captivity (cont),Continue Captivity (cont),Continue Captivity (cont),Continue Captivity (cont),Continue Captivity (cont),Continue Captivity (cont),Continue Captivity (cont),Continue Captivity (cont),Continue Captivity (cont),Continue Captivity (cont),Continue Captivity (cont),Continue Captivity (cont),Continue Captivity (cont),Continue Captivity (cont),Continue Captivity (cont),Continue Captivity (cont),Continue Captivity (cont),Continue Captivity (cont),Continue Captivity (cont),Continue Captivity (cont),Continue Captivity (cont),Continue Captivity (cont),Continue Captivity (cont),Continue Captivity (cont),Continue Captivity (cont),Continue Captivity (cont),Continue Captivity (cont),Continue Captivity (cont),Continue Captivity (cont),Continue Captivity (cont),Continue Captivity (cont),Continue Captivity (cont),Continue Captivity (cont),Continue Captivity (cont),Continue Captivity (cont),Continue Captivity (cont),Continue Captivity (cont),Continue Captivity (cont),Continue Captivity (cont),Continue Captivity (cont),Ransom Paid (j=1),Continue Captivity (cont),Continue Captivity (cont),Continue Captivity (cont),Continue Captivity (cont),Continue Captivity (cont),Continue Captivity (cont),Continue Captivity (cont),Continue Captivity (cont),Continue Captivity (cont),Continue Captivity (cont),Continue Captivity (cont),Continue Captivity (cont),Continue Captivity (cont),Continue Captivity (cont),Continue Captivity (cont),Continue Captivity (cont),Continue Captivity (cont),Continue Captivity (cont),Continue Captivity (cont),Continue Captivity (cont),Continue Captivity (cont)
v (m draw),0.10610738867452196,0.819684804878159,0.4699045417621539,0.28842533715510266,0.10859730414873991,0.5047025286742001,0.9355523083424896,0.20820908750150036,0.05464186660921255,0.7355756295285889,0.7948693513219772,0.8328097833028629,0.6985810766931116,0.17385806290163808,0.7698479288015573,0.2837306198716205,0.9579405173540375,0.13694091590944768,0.2026758819746889,0.13986467430439153,0.9435238549821696,0.1831977305686633,0.15309063625278563,0.3057291800409192,0.6197869844970816,0.8552475753797618,0.5178507116226324,0.75793610776815,0.7372359873750357,0.40432177713272954,0.09426126246630562,0.4544050970944239,0.739197509575598,0.14191535297596114,0.8641826146915407,0.3602230623836026,0.760795016239982,0.2117057135157181,0.6655876350085518,0.7741845380436224,0.09172878850127597,0.973024070487521,0.35737392284097047,0.9647620507421526,0.15399469676953437,0.8718460673197483,0.5848644491435706,0.8452468285877903,0.3653685246812599,0.01832261618278408,0.825941135853138,0.36695019397559014,0.7112463520397694,0.8205892409523561,0.4145243580641661,0.6310100006073991,0.5871011971591834,0.9419308128872603,0.4752381394610503,0.03922311507257614,0.8647516381353415,0.336709774428412,0.6197443916281958,0.41168249900865583,0.27154089974360207,0.46961740186220224,0.15859393899721042,0.19975190900518414,0.5585365599444384,0.572509402568609,0.8675674262152996,0.9651599286202232,0.42852582581948573,0.9133266784492987,0.6406590155867866,0.0929241421248359,0.3124029610005059,0.9081410990405642,0.5835647627441738,0.4055566223340269,0.4842211069971305,0.9780150245476632,0.8756478005023309,0.6785799375900705,0.4794512415310097,0.6390009633316789,0.7628296234911125,0.46568482049215787,0.4339857350653311,0.6442904344676438,0.12230547868142272,0.6395360938474005,0.3447005317577764,0.7373778713755605,0.33909619827521054,0.3049667628746039,0.46898350057351257,0.09513633890163031,0.513881793747689,0.7434748429668805,0.18389516792743743,0.6980022008634157,0.3235113969846003,0.2075033271126101,0.7614325043131632,0.28385448110456546,0.3047024001867571,0.5850442722608871,0.5222465741985914,0.8065728550223641,0.6896162350181984,0.6945168380310004,0.3958999338157937,0.013481826451498868,0.24077601819611694,0.6761259488456853,0.8805827765249022,0.39052186786111887,0.3027914394684478,0.1841219905220055,0.47066520726517436,0.6254304836358416,0.03230031435816472,0.7694658454252985,0.0480108593589218,0.4562952874062649,0.46395456697214277,0.4779378657972124,0.9231743678589261,0.34073195197208894,0.17207597941145425,0.9437439890074308,0.5967346053808676,0.258429533122837,0.38623561870601075,0.2300489049624932,0.4003369061568367,0.7885186410769575,0.4237188013331762,0.030182774765357467,0.2318447626943625,0.1027719414553202,0.9116222890572773,0.8492709261705987,0.30743377160220786,0.664254875668182,0.9251284379278002,0.8281762937018411,0.805919748349657,0.44980547135741433,0.7123775176121552,0.003291451060948636,0.3836748876220383,0.2886927728919926,0.5045040386080498,0.5456021594400674,0.3481790352938279,0.79166767719262,0.7080859543652955,0.3207081989738393,0.6841233905484794,0.8022042476526436,0.4263116203911189,0.5214264560290411,0.4762168575426894,0.4980355090806061,0.2383324122945144,0.6702502106538094,0.6964201168810408,0.779852295332495,0.3747222219139562,0.008273824517295525,0.311171626007717,0.3299307302940463,0.7224099256409315,0.2571483222824722,0.9449022843283559,0.07458797469127998,0.5190329538027804,0.9806903037793238,0.09857881284668646,0.5313705875206827,0.8247511682008732,0.040649267192726546,0.2087747480810056,0.07931216725030477,0.626910136458721,0.3892377012994632,0.9309156333094107,0.7828859855136733,0.13387785637618188,0.6221259512776681,0.4397350760285106,0.6017293682510549,0.6808291560722894,0.7987569722106915,0.9602925530889158,0.3010553329492316,0.7243648103767326,0.6629388214199435,0.272095617329398
closes episode,False,False,False,False,False,False,False,False,False,False,False,False,False,False,False,False,False,False,False,False,False,False,False,False,False,False,False,False,False,False,False,False,False,False,False,False,False,False,False,False,False,True,False,False,False,False,False,False,False,False,False,False,False,False,False,False,False,False,False,False,False,False,False,False,False,False,False,False,False,False,False,False,False,False,False,False,False,False,False,False,False,True,False,False,False,False,False,False,False,False,False,False,False,False,False,False,False,False,False,False,False,False,False,False,False,False,False,False,False,False,False,False,False,False,False,False,False,False,False,False,False,False,False,False,False,False,False,False,False,False,False,False,False,False,False,False,False,False,False,False,False,False,False,False,False,False,False,False,False,False,False,False,False,False,False,False,False,False,False,False,False,False,False,False,False,False,False,False,False,False,False,False,False,False,False,False,False,False,False,True,False,False,False,False,False,False,False,False,False,False,False,False,False,False,False,False,False,False,False,False,False
μ_DC,0.15,0.1369064572844606,0.25,0.25,0.25,0.25,0.25,0.19254875087705484,0.3009713840959646,0.4249997310845245,0.3560288070576259,0.2900075451112998,0.22955291939966327,0.3390714287955682,0.27567462553960287,0.21833164045439143,0.16855595099314105,0.12702103497479544,0.20352097436445138,0.2971367584929824,0.23494689904091476,0.18106667646407854,0.2619258355926115,0.3501324968998825,0.28314807361366595,0.36751835103209807,0.45067122429418394,0.3788988814669945,0.30993448687142156,0.38461263947928037,0.3164263521585362,0.3871281972222835,0.3197755884906087,0.2571737977762308,0.3189990477253141,0.25744232464727207,0.20172913166855178,0.25200665780493803,0.1970057515542206,0.15000400918391063,0.11160046904358066,0.14438500965516318,0.5012009657478801,0.4231432825277103,0.3463679384756502,0.43606101045354523,0.3610940790889429,0.29100503839841413,0.22770857481082102,0.3001432325827775,0.23665707012813741,0.1828459597621164,0.2451688783481749,0.19067578838325072,0.25036138962212895,0.31581965046767985,0.25421017677933727,0.31687982238388995,0.38315723127346146,0.4503679154130189,0.5158131014775961,0.5796879609000254,0.6399151089359094,0.5756754195179535,0.5091052293752476,0.5701531479935865,0.5033340091414561,0.5649938479060165,0.49790691980658114,0.5584665633709807,0.6163834131754024,0.6716924765606458,0.6115514977000515,0.6666086473515817,0.6059656842608878,0.6610269750547996,0.7124092793569692,0.6559713549015141,0.594099054242932,0.5293436955088942,0.4622876762998158,0.3969495235880641,0.7450321619707166,0.7898514128111963,0.7427841331029638,0.7872994167613583,0.74001520488556,0.7843707604496744,0.7367873300851338,0.6826389868532832,0.622893740018867,0.6790089179641281,0.7300655690148937,0.7753956359018805,0.7267951100642015,0.7723456804745307,0.7233780103099651,0.6681378905678701,0.6075583775934332,0.5423594313889213,0.4759073830249329,0.40972144885722295,0.3455301985116955,0.2837946906577758,0.2273896852750679,0.2661652283210696,0.30924240603087516,0.356761319164558,0.2944336959053573,0.3402769694084277,0.2789434056681683,0.3228075972285831,0.26291131931642125,0.20932231542901836,0.16332381539515656,0.19227417234156496,0.225110869723673,0.17679546555076794,0.13645611383638748,0.1116239944599084,0.14212900132811548,0.11643711116911223,0.14788697555566319,0.12132694688453041,0.09897706813259521,0.08036241510274178,0.0649912865464452,0.05238842710943208,0.042115532355636816,0.05476492844115877,0.044059535488651214,0.035365889485334714,0.02833445869455655,0.022666103806961945,0.02965184975749891,0.02373274105767278,0.018970705136646664,0.015148125016908416,0.01985551306362097,0.01587567811842421,0.01268242105485211,0.010124134886614893,0.008077052367954194,0.0064406414139481505,0.008474950916940116,0.01113136450570558,0.008886046618319017,0.007090059490801053,0.005654707172071051,0.004508365065315929,0.0035933535217833033,0.002863324606658023,0.0022811008658638714,0.0018169023377626805,0.0014469011252701296,0.0011520487185356155,0.0009162810540798873,0.0007286402950731813,0.0009609252532624732,0.0007651252488959032,0.0006091393383299761,0.0008033275596861049,0.0006397409801081614,0.0005094103377296256,0.0006713045367621438,0.000534670152249065,0.00042580745949963875,0.0003390793566834893,0.0002699909633451809,0.0002149588080037242,0.00017112643841303972,0.0002256592675147748,0.00029719280580320373,0.00023671821367464175,0.0001885378771318907,0.0002481851491503204,0.00032647713712503635,0.0002601046209749285,0.0002072173918826069,0.00016507725834216848,0.0013204643065099129,0.001051525601609449,0.0013858457802166737,0.0011038794659284077,0.0008791733962043263,0.0007001253611793589,0.0005574763334297238,0.0007347563833350453,0.0009672736252758372,0.0007705906453587705,0.0006138495855309667,0.0008077799320711026,0.0006435628125962093,0.0005126951464665823,0.0004084127809076097,0.00032532094523110176,0.0004281130374755842,0.00034105745544191213,0.0002716904050664707,0.00021642072397852916,0.00028475462407804485
μ_PAR,0.35,0.3441511761542438,0.25,0.25,0.25,0.25,0.25,0.2372200475669346,0.2779109736996113,0.2929477747564438,0.3008733604448381,0.30145795595307423,0.2944934815455267,0.32598627507054545,0.3267548474241513,0.31983306184729626,0.30595251535002743,0.2864309559587123,0.34676401851240835,0.3836754390328517,0.3831708706380988,0.3733064350489107,0.41566102821760464,0.43014017878959376,0.4450783988336106,0.4502538125664696,0.4321811952549551,0.46959279325095976,0.4982768448486375,0.4891042955814515,0.5236063101979519,0.508777753334565,0.5481020335485514,0.5773372446390788,0.570879739971893,0.6040494323227411,0.6251887496154068,0.6288342253030133,0.6525772415403293,0.6623952275107157,0.6580788232687856,0.6895794784502093,0.3203824211893924,0.3515222652857364,0.37514277451487427,0.3729554505232488,0.40177489104365743,0.42165827012394075,0.4310521511851281,0.45131398566920183,0.4653819479962945,0.46920809231666644,0.49875347785907387,0.5071106457983297,0.5296899942739905,0.5308026395536242,0.558691958107088,0.5538142429436516,0.5308054937393994,0.4940462880057723,0.44893515723690897,0.398598578288792,0.34699684778942214,0.40665511713089403,0.4675898283612789,0.41537618770051676,0.477533710272405,0.4232501610282087,0.48651153258984425,0.4319017743432287,0.3777303072274306,0.32479314494602946,0.3837014634073768,0.3305436067224126,0.39018583125617945,0.33665718487990515,0.28622261023084855,0.34215635730457755,0.40336397713885663,0.4672883311385029,0.5332716129939465,0.5973296474529801,0.24390309413412,0.20372728711638702,0.2482839581782842,0.20750681211183272,0.2527640535476081,0.21142124316801425,0.25736626207911895,0.3093314185453463,0.366244374211141,0.31452218080191596,0.26614265002453874,0.22240891966297116,0.27016126702861143,0.225891062393534,0.2741794293642103,0.32851798192642995,0.3879240488789426,0.4515838158606188,0.5161442236849367,0.5799984531982026,0.6413002857527658,0.69921148314168,0.750670468599654,0.718371859942989,0.6800397223762205,0.6359632615788944,0.6961547866973943,0.6532934126525823,0.7127194620529003,0.6714493451608349,0.7296389819142012,0.7810326036656245,0.8242373913788208,0.7987419173625925,0.7684659927450684,0.814905611040567,0.8528825350193424,0.8763317252774817,0.8500827248731649,0.8747514287600964,0.8464292779927292,0.8722335173103005,0.8937680790864063,0.9115027577872562,0.9259230456588472,0.9374969667471551,0.9466546200308488,0.9378195890583764,0.9477012249220579,0.9555003833381095,0.9615590345610688,0.9661680199497251,0.9629308200878605,0.968068189151532,0.9719776411694309,0.9748693896275318,0.9735004987675793,0.9768018542269162,0.979254291991141,0.9810030655664342,0.9821650279878459,0.9828331885242034,0.9843731732512753,0.9841082371354364,0.9858757304934543,0.9871487348153835,0.9880114091401879,0.9885304264302763,0.9887580610130885,0.9887347594020235,0.988491255561379,0.98805029423785,0.9874280228958204,0.9866351069178126,0.985664644007759,0.9845287639769109,0.9891732024754336,0.9884037741633458,0.9875012048684308,0.9912553361149911,0.9906407044552559,0.9899172157024286,0.9929390481531647,0.9924487154596104,0.991869474024662,0.9912010088475625,0.9904412943295308,0.9895867721217918,0.9886324780432203,0.9922996102268565,0.9947176490043202,0.9942883067948839,0.9937986342067017,0.9957434498424667,0.9970026799643666,0.9968062349470842,0.9965704531379351,0.9962955182089657,0.9892068358802141,0.9885517727373281,0.9916681313533765,0.9912706178550589,0.9907503678462866,0.9901127196832029,0.989360097895447,0.9925290075779045,0.9945372892455405,0.994293461481079,0.9939669487916204,0.995577151524917,0.9953869166109597,0.9951288538828249,0.9948063823279447,0.9944212347003847,0.9960673453084912,0.995811006352044,0.9955035234322672,0.9951452431952599,0.9966216008411847
μ_ELN,0.35,0.3610871359941079,0.25,0.25,0.25,0.25,0.25,0.27540002147292353,0.22759429551010832,0.16845528607413704,0.19936740886865845,0.2305482010877657,0.26034898237593923,0.20193840280704003,0.23294220313422276,0.2624922776461822,0.28916308225416526,0.311843222801019,0.2638316714758892,0.2040139215072632,0.23664471405065368,0.2671799062320638,0.20941355519113225,0.15287020149983227,0.18370985321441047,0.13107974067392655,0.08885365281564732,0.11212369494409613,0.1381355706981548,0.09573271874555384,0.1181414737967899,0.08057178192580844,0.09975035144267831,0.12156659774834205,0.08481449639581588,0.10395899490630309,0.12623179310359708,0.09112443845763901,0.11189713216406086,0.13536960806739648,0.16075221799215272,0.12212124618914472,0.17043788704320348,0.21420560027423752,0.2632922766445133,0.18232536023803847,0.22525449830742797,0.2714398004748373,0.3203760895322963,0.23587897887447287,0.2811684609390844,0.3262818692008544,0.24279372066927216,0.28487371051804505,0.20943066604790891,0.14727736437874897,0.1788546396279299,0.12456866338959185,0.08342240175370454,0.054186473808034596,0.034517023899364445,0.021339623409765928,0.012902146443684342,0.01739115611021478,0.022898125951893274,0.014261849961539992,0.018826107151323296,0.011600728837909687,0.015353183416091373,0.009515101456856032,0.005827474754419307,0.003485449070154731,0.004703731596227428,0.0028263311425061285,0.0038164004758958468,0.0022999240438682685,0.0013603684495357953,0.001860541449613476,0.002519307520002265,0.0033419633395752935,0.004402603743868616,0.005666299837131667,0.011046004845460642,0.006412359317337872,0.008918123573478326,0.005187179489665209,0.007210583432861519,0.004203127245817173,0.005838909020861668,0.008018173749158305,0.010844750926684384,0.0064605093732305096,0.003787737803834678,0.002193520651735066,0.0030406664965873945,0.0017618496637413442,0.0024403990405197484,0.0033408460251124115,0.004512655515686457,0.006049427097367615,0.007937714428950587,0.01026474293157215,0.013147609903802768,0.016962203394790674,0.02189399863110619,0.015435943565486486,0.010702295379270371,0.007266628403289042,0.0093987990000024,0.006422388869971155,0.008326634469053065,0.005737034495371576,0.007440939746430858,0.00963232599326617,0.012420241982961733,0.008972693387063949,0.006416429433581756,0.008289156203713443,0.010647182967118116,0.012026741006140727,0.007779063236593102,0.008800041086038464,0.005677764873044758,0.006432109448691852,0.0072456845457644775,0.008123561965114134,0.009071880737572313,0.010097787752602163,0.011209386747358148,0.007404509281203925,0.008225879662262155,0.009117498563824223,0.01008683040200345,0.011142056396551617,0.007404478362478482,0.008183503238222724,0.009032823245813826,0.009959730781981039,0.006631687159494524,0.0073076171887650416,0.008045374374882864,0.008851209079894444,0.009731911750967385,0.01069485671016532,0.007134920630068957,0.004751234476452313,0.005227177325382505,0.005747898781251702,0.006317859142838337,0.00694191803389426,0.007625370296033553,0.008373984723369076,0.009194045627715185,0.010092397228019715,0.011076490845321274,0.012154434855072773,0.013348771906523789,0.014657991674631617,0.009819855366314249,0.010775777234866347,0.011823152865278014,0.007905246721060157,0.008676159355561238,0.009521200032599255,0.006361354851394016,0.006982590400736874,0.007663805575345938,0.008410719517141046,0.009229573119584299,0.010127172744748987,0.011110936641255792,0.007428358211858542,0.0049600272326795845,0.005444751086574929,0.005976481158798355,0.00398867670994977,0.0026601855173029308,0.0029208402568905215,0.003206908196277965,0.0035208551502453893,0.009466302346118933,0.010389009481562688,0.006941851197842081,0.00762048544095114,0.008364425307041096,0.009179900327012835,0.010073703813552888,0.006731505656510667,0.004492874607503001,0.004932865465758921,0.005415494162710873,0.003613060962751288,0.003967105566303627,0.004355546042631979,0.004781710885015206,0.0052492420788545725,0.0035022660521397144,0.0038451989483363805,0.004221493794038098,0.004634376208656208,0.0030915005660751825
μ_FARC,0.15000000000000002,0.1578552305671876,0.25,0.25,0.25,0.25,0.25,0.2948311800830869,0.1935233466943157,0.11359720808489485,0.14373042362887775,0.1779862978478604,0.21560461667887068,0.1330038933268463,0.16462832390202295,0.19934302005213017,0.2363284514026662,0.27470478626547323,0.18588333564725107,0.11517388096690287,0.1452375162703327,0.178446982254947,0.11299958099865157,0.06685712281069144,0.08806367433831305,0.05114809572750579,0.028293927635213684,0.03938463033794954,0.05365309758178612,0.03055034619371432,0.04182586384672209,0.023522267517343043,0.032372026518161595,0.04392235983634835,0.02530671590697702,0.03454924812368378,0.04685032561244444,0.028034678434409675,0.038519874741389334,0.05223115523797727,0.0695684896954809,0.04391426570548276,0.007978726019524087,0.01112885191231589,0.0151970103649624,0.008658178785167467,0.011876531559971659,0.01589689100280783,0.02086318447175446,0.012663802873547795,0.016792520936483722,0.021664078720362853,0.013283923123479018,0.017339855300374695,0.010517950055971675,0.006100345599947112,0.008243225485644733,0.0047372712828665665,0.0026148732334345254,0.0013993227731741425,0.0007347173861305789,0.0003738374014166511,0.00018589683098414647,0.0002783072409376131,0.0004068163115800875,0.0002088143443567463,0.00030617343481557046,0.00015526222786496152,0.00022836418748321986,0.00011656082893475774,5.88048427477536e-05,2.8929423169925564e-05,4.330729634443512e-05,2.141478349953914e-05,3.208400703685166e-05,1.591602142707582e-05,7.741962646545503e-06,1.1746344294872708e-05,1.7661098209249505e-05,2.601001302775614e-05,3.810696236897092e-05,5.4529121824007966e-05,1.8739049702572575e-05,8.940755078708935e-06,1.3785145273733238e-05,6.591637143828212e-06,1.0158133970317594e-05,4.869136494318218e-06,7.498814885586859e-06,1.1420852212268508e-05,1.713484330747959e-05,8.391860725396055e-06,4.043156732862756e-06,1.9237834131523e-06,2.956410599648092e-06,1.4074681939998678e-06,2.1612853047477107e-06,3.281480587378899e-06,4.9180119377590234e-06,7.325653092300719e-06,1.0678861179724959e-05,1.535501300235712e-05,2.1905831735919962e-05,3.162280575339601e-05,4.584749417197951e-05,2.6968170454961466e-05,1.5576213634090827e-05,8.790853258512796e-06,1.2718397246014154e-05,7.229069018805941e-06,1.0497809878444194e-05,6.023115210293215e-06,8.75902294665707e-06,1.275491209096776e-05,1.855124306096578e-05,1.1216908778556213e-05,6.708097676860002e-06,9.767204951574785e-06,1.4168177152048992e-05,1.7539256469219024e-05,9.210562126499098e-06,1.141898475286233e-05,5.981578562886999e-06,7.426356477237636e-06,9.168235234041995e-06,1.1265144887827826e-05,1.3787057135167481e-05,1.68183908106974e-05,2.0460866156256325e-05,1.0973219260969612e-05,1.3359927028726319e-05,1.622861273145529e-05,1.967634237114594e-05,2.381984676148476e-05,1.2851792162205906e-05,1.5566552572298444e-05,1.883044810870762e-05,2.275457357870519e-05,1.2301009305390734e-05,1.4850465894512804e-05,1.791257912401067e-05,2.159046705624277e-05,2.6007893232566055e-05,3.13133516830478e-05,1.6955201715664445e-05,9.163882405729616e-06,1.1045562844154678e-05,1.3306912563855903e-05,1.6024544902599006e-05,1.9290470513513808e-05,2.3215169094547792e-05,2.7931267949498856e-05,3.359794504199717e-05,4.040619636764185e-05,4.858513358811563e-05,5.8409508579130614e-05,7.03030316373843e-05,8.460405338421489e-05,4.601690498968379e-05,5.532335289179028e-05,6.650292796114691e-05,3.60896042625517e-05,4.339520907453369e-05,5.2173927242573146e-05,2.829245867916202e-05,3.402398740360032e-05,4.09129404925434e-05,4.9192278613002995e-05,5.914158753980553e-05,7.109632545552272e-05,8.545887711089243e-05,4.637229377007151e-05,2.513095719699015e-05,3.0223904866413655e-05,3.63467573680952e-05,1.9688298433235256e-05,1.0657381205404689e-05,1.2820175050337577e-05,1.5421273904414144e-05,1.8549382446751705e-05,6.3974671571413015e-06,7.692179499696238e-06,4.171668564807724e-06,5.017238061602762e-06,6.033450467918416e-06,7.254628604816673e-06,8.721957570329982e-06,4.730382249691203e-06,2.562521680559009e-06,3.0824078033046692e-06,3.7074601377396925e-06,2.007580260629658e-06,2.4150101403467013e-06,2.9049280766601136e-06,3.494006132375235e-06,4.202275529623757e-06,2.2756018935786585e-06,2.7372441777521812e-06,3.2923686282061866e-06,3.959872105247521e-06,2.1439686620707545e-06
α_R^μ,0.3815,0.3869538241510077,0.58,0.3825,0.3825,0.3825,0.3825,0.40607739581545643,0.35692345851334817,0.3101409932731616,0.35679422743424044,0.40661328880525305,0.4389555589186681,0.4433267522836162,0.46038324177165435,0.4807474641317706,0.501674058158804,0.5206532139507778,0.5319522780865844,0.547365100520117,0.5510165384441714,0.5555597889916092,0.5652698875640412,0.579580483449857,0.5739014195768802,0.5893748353948403,0.6147250117504265,0.5941831433523018,0.5766153664713651,0.5923677687673662,0.5721991855008851,0.5885006335059398,0.5615969544135907,0.5396767642262584,0.5510951466656295,0.5277026182659257,0.5103034471318725,0.5157408348336733,0.4974434097131721,0.486226677241535,0.4821296515662097,0.4734286230362195,0.699979072080046,0.6784416393748857,0.6607900759908603,0.6681559807559793,0.6480083645852794,0.6327215943922626,0.6231928391379156,0.6180050206206475,0.606160546144922,0.6001372676698116,0.5894777458614042,0.5811856783099671,0.573750805558599,0.5775714673084408,0.5588736128348716,0.5655526093960773,0.5818430279037043,0.6053695763265087,0.6331746436455551,0.6636439680446853,0.6945691244644516,0.6591176478425711,0.622850981912661,0.6541502243118675,0.6172188918169219,0.6496542372608232,0.6121197437030675,0.6446660642076827,0.6768295154968432,0.7081888039071521,0.6733675247479696,0.7048313168937664,0.6695895934928779,0.7012523307520201,0.7310582415329021,0.6980310807510871,0.6618838131716298,0.624124723357266,0.5851378049880437,0.5472752889831197,0.7555390651131882,0.7794775110013903,0.7530622851011035,0.7773095784720209,0.7505055302137373,0.7750498007362676,0.7478596352896623,0.717090013906602,0.6833682698676672,0.7141062863813832,0.7427851962167433,0.7686684649934021,0.7404519026410039,0.7666357443894877,0.7381114467246453,0.7060063311031685,0.6708976538019389,0.6332608063349079,0.5950747118574741,0.5572829154124512,0.5209686601028399,0.48660731170688554,0.45599551087145557,0.4753804453225212,0.4982366204028399,0.5244156190837777,0.488794793195391,0.514233526080082,0.4790759313442739,0.5035561674646235,0.4691382383861863,0.43870519351487003,0.4130731761019988,0.42829015684499583,0.4462821632984508,0.41878820384234483,0.39626255305531494,0.3823575078664733,0.39805938388874385,0.3834531150919678,0.4003209834512831,0.3850583171439802,0.37231170695880955,0.36180370261234784,0.3532475350366895,0.34636668653039715,0.34090696197592285,0.34631281529352687,0.3404408417354938,0.33579386803237726,0.3321697284227342,0.32939638125733867,0.3314966081744682,0.32842576760738734,0.32607571310883143,0.32432201966284774,0.325299308056269,0.32331692150225383,0.3218321461069542,0.32075893781702147,0.3200279754527205,0.31958396879618994,0.3188578256377123,0.3191357375627242,0.3180685360181111,0.3172907263769665,0.3167524080412273,0.3164139724585831,0.3162442787850567,0.3162191340235734,0.31632004157443766,0.3165331806173936,0.31684858055778753,0.31725945822807755,0.3177686275002885,0.3183689024133418,0.3158825525306317,0.31628583414248607,0.31676251557669394,0.3147529015787808,0.31507472388880775,0.315456608816492,0.3138391231848726,0.31409558092269785,0.3144011370351295,0.31475561919771106,0.3151598237974603,0.3156154059500142,0.3161247988705329,0.3141574366444929,0.312860795129086,0.31308829202618105,0.313348714265322,0.31230582738493284,0.31163210575698486,0.3117343051141102,0.3118583066438941,0.31200385119063945,0.31589266849854913,0.31623261903525335,0.31456741672436067,0.31476775584966865,0.3150371913356937,0.3153722514356921,0.3157711532441618,0.3140698438277133,0.3129975612330349,0.3131192589064564,0.31328757619216574,0.3124282052022806,0.31252261526807495,0.31265529837929806,0.3128240657403607,0.31302770671741614,0.3121444475287963,0.31227839775918215,0.31244082585098565,0.31263136014401116,0.31183801584511206
γ_R^μ,0.435,0.44039533591255015,0.6075,0.435,0.435,0.435,0.435,0.4584495962911258,0.40970256825034423,0.3630704710207261,0.3991220968269601,0.4190268120492019,0.4368077930782042,0.4084280435474739,0.42543491007322287,0.4452883194527333,0.4653842276473248,0.4857517470201194,0.4341345204801782,0.3930712574830656,0.4165172086156781,0.4445450671549177,0.3926330448094141,0.3724673787248744,0.36669281973875806,0.34492621949227664,0.3134647637256871,0.3303718427182427,0.3442644968297516,0.3570192188985746,0.35509449569825674,0.3327847033929856,0.3487291721459944,0.365164955084081,0.3442495654873336,0.35942456737943834,0.37511194092372474,0.3561707634289249,0.37099098723657303,0.38596833998879865,0.4009788210998302,0.38218092460625186,0.32765293083086616,0.34809030568653154,0.3695406118232048,0.3397471215468104,0.35958836135318795,0.3795005688964667,0.39914446970156386,0.37085595808584637,0.3896457431026652,0.4071531437463343,0.38051419721158203,0.3973576605668617,0.37298315796041664,0.3507840713300086,0.36628797949725084,0.34616944929891696,0.3282484633976749,0.31257619512225043,0.2990394727745015,0.28698887417713653,0.2763853121638425,0.2868542381271988,0.2978657186691802,0.28710054066701557,0.29797126474341995,0.2873809748064448,0.29813919337452977,0.2879742051803994,0.278607310787027,0.26988132029278683,0.27912564000232626,0.2705232244944587,0.27980076212842797,0.2712642373954617,0.2633855647472857,0.271942365738663,0.2813433857136772,0.291207021778307,0.3014596061087636,0.3114922282953665,0.26023851611999504,0.25267892675931264,0.2601913642670054,0.25284055953596485,0.2602983669812531,0.25310226350364945,0.2605349287910041,0.26905050687695337,0.27852262057166616,0.26931381979495816,0.261173049104774,0.2540860077535517,0.2615288516906174,0.2544656608847062,0.261933153827831,0.27038155469909825,0.2796798492170318,0.2897369600955229,0.3000455644359897,0.3103935822526102,0.3205429545804988,0.3304925311699493,0.33984484578576535,0.33286096699964995,0.32554425784131863,0.3177961687682881,0.3275301634014533,0.32011643643396576,0.32966011776287146,0.3226131528659862,0.3319050361930899,0.3403389151906997,0.3477420800832861,0.3427769875238069,0.33739013802586654,0.3449753654293901,0.3514519012664542,0.35542594981136577,0.35008336803514367,0.35412152384600337,0.34884056637001054,0.35296074278433387,0.3564601384218615,0.35941092047742895,0.36188796805622275,0.3639638786945725,0.36570588419504113,0.36312103517364336,0.36487533519620724,0.3663406480441256,0.3675707732806174,0.36861208593896067,0.3668884986255051,0.3679173223934236,0.3687853866347389,0.3695266765230865,0.36821869800167845,0.3689380290020056,0.36955064062561455,0.37008042682749387,0.37054720839115374,0.3709674326006919,0.37001762098033464,0.36918799177815514,0.3696109672277889,0.36997470572339747,0.37029333519702384,0.3705784989133422,0.37083983172067403,0.3710853600015542,0.3713218345282705,0.3715550058233984,0.3717898511694361,0.3720307615334491,0.3722843186036044,0.3725519855515864,0.37163585974229446,0.37183980842022224,0.37205475240555,0.3713121894689887,0.3714774642434348,0.371651491415564,0.37105198715657994,0.3711858522258943,0.3713266603785703,0.37147634952480835,0.37163679274565914,0.3718098432807273,0.37199737352648404,0.37131577610732525,0.37085501133945503,0.3709527079178462,0.3710572995515033,0.3706860498759954,0.3704327393154712,0.3704901970003577,0.3705503246105018,0.3706140006715534,0.37150759209245743,0.3717143697549047,0.37104278269909163,0.3712074601137586,0.37137534957746304,0.37154932200440866,0.37173200016496905,0.371102734763879,0.3706643182664129,0.3707731594371397,0.3708837125256955,0.37052972603015494,0.37061819663278306,0.3707078783462845,0.37080038942382226,0.3708972000468021,0.37056680534627506,0.37064171624831227,0.3707200042616965,0.37080279377442965,0.37051433577982057
α_N^μ,0.6950000000000001,0.6969945569922011,0.735,0.6950000000000001,0.6950000000000001,0.6950000000000001,0.6950000000000001,0.7036256815381021,0.6856834802401388,0.6685324985579701,0.6735312388489912,0.6818110830240787,0.6901553300012455,0.6731838752825527,0.6810586627956917,0.6857456726278568,0.6935441513963172,0.7004049573701701,0.6922063200535126,0.6900531521257146,0.6965912280123714,0.7018180355404362,0.7013367782899788,0.7121969188624595,0.7171778485756971,0.7203263647093594,0.7382139401923105,0.7328428560746589,0.7245400562017358,0.735643036317692,0.7236454705310953,0.7314966856872082,0.7186567733665191,0.7082122244107624,0.7137242870432001,0.7025618893785384,0.6942758393100491,0.6969172779647215,0.6881801021131786,0.6828468133457465,0.6809596220015962,0.6767631843017177,0.782517959462899,0.7716700794795464,0.7626046908262593,0.7672404779897487,0.7570676667882821,0.7491704654259661,0.7439867719502615,0.7426772685128188,0.7364312136110961,0.7329707699368557,0.7290432065978708,0.724533288119701,0.7220474209546497,0.7247521248778418,0.7154228790866206,0.7193807928862498,0.7277237808948078,0.7393316616732815,0.7528293089313552,0.7674939526545776,0.7823024891414964,0.7654075240900284,0.7481101050633764,0.7630991357240708,0.7455007760254957,0.7610072942912413,0.743135239835702,0.7586729118261497,0.7739953584050129,0.7889150299215251,0.7723702441065242,0.7873321670980042,0.7705914611483894,0.7856420813493007,0.7998023253618635,0.7841203887354184,0.7669551947685349,0.7490224675460728,0.7305032713764559,0.7125145032250614,0.8112630447626635,0.8226987923441086,0.8101221125497085,0.821689814432643,0.8089364226932789,0.820633342526744,0.8077029903992259,0.7930651053550711,0.7770157290026162,0.7916743619772472,0.8053280633021678,0.817637530814289,0.8042328638028532,0.8166798596470776,0.8031318844621637,0.7878809374419244,0.7712001699318362,0.7533136753967609,0.735160827327718,0.7171880007856801,0.699907386893265,0.6835385018478475,0.6689310071475522,0.678235205292889,0.6891589167738515,0.7016385667193868,0.68469918155706,0.6968200814141959,0.6801042255092404,0.6917639792013259,0.6754023963914129,0.6609240473444437,0.6487144945854444,0.6559920093739381,0.6645720598823164,0.6514936905958983,0.6407653026946413,0.6341439425712833,0.6416645692385949,0.634716228025561,0.6427719737776865,0.635516439612391,0.6294540102857475,0.6244529335235771,0.6203770175391636,0.6170949195937953,0.6144858756175293,0.6171130179060952,0.6143130186440898,0.6120932452892485,0.6103576359457359,0.6090244137766038,0.6100816490258405,0.6086116989217332,0.6074826878889538,0.6066354511241824,0.6071531167375815,0.6062013940730056,0.6054848337579903,0.6049625024221558,0.6046013947461766,0.6043751553426145,0.6040880800402343,0.604258544557131,0.6037443829012763,0.6033668414709349,0.6031021681296455,0.6029314890217052,0.6028399422842023,0.6028159562263449,0.6028506548643002,0.602937372980717,0.6030712637393267,0.6032489835277801,0.6034715124377701,0.6037354739330736,0.6026331870636272,0.6028092733425213,0.6030187561708729,0.6021279652664483,0.6022683489532168,0.602436070730747,0.6017192172280167,0.6018309731767912,0.6019650854972217,0.6021213856685632,0.6023001576724434,0.6025020853370537,0.6027282136169948,0.6018534101327533,0.6012776414746196,0.6013778571853854,0.6014929615648874,0.6010299243798993,0.6007315633035406,0.6007758821835347,0.6008301462406586,0.6008941947695862,0.6026426661636365,0.6027890201927456,0.6020547485729132,0.602138805514378,0.6022545959767017,0.60240037192019,0.6025751778018242,0.6018220500060563,0.6013495365243466,0.6014001462777311,0.6014721896766212,0.6010936342248819,0.6011326893250623,0.6011893504797347,0.6012625252320389,0.6013515803276746,0.6009607795993098,0.601018781794193,0.6010897586029682,0.6011734816723282,0.6008220344655858
γ_N^μ,0.665,0.6669945569922011,0.69,0.665,0.665,0.665,0.665,0.6736256815381021,0.6529043705031427,0.6356030208104058,0.6435312388489912,0.648796503464548,0.6572103951857904,0.6379046285037768,0.6421941438158665,0.6499224192329218,0.6545334702667751,0.6621359175514998,0.6456977702672066,0.6215142286860903,0.627782589685927,0.6380559059576909,0.622117580258528,0.6099894596756891,0.5990047714312277,0.5982981245804875,0.5783869455128852,0.5745473635003938,0.5697042674749927,0.558091458111566,0.5595448819708541,0.5545351950149379,0.555430730415711,0.5574468195633656,0.5520371800991172,0.5532966351949198,0.5558666548093841,0.5500534455766218,0.5521008897073169,0.5555444805555525,0.5603915097302551,0.5518778656284435,0.5688127188069154,0.5712296625444996,0.574585794960562,0.5672369831106558,0.5697130950464071,0.5730168041822111,0.5772069572740904,0.5682041894575299,0.5717432576157846,0.5758917567282895,0.5664784122291099,0.5700353428465834,0.5618476460785291,0.5561571090126107,0.5576102570877267,0.5529853716164148,0.5505257484383416,0.5498425019203302,0.5504248116580234,0.5518333165685542,0.5537102138506713,0.5511002827184132,0.5485133811048245,0.550403460763551,0.547675329073708,0.5497888395898021,0.5469369326719176,0.5491836035237273,0.5515885033453942,0.5540435180917864,0.5511977214517811,0.5537021383728048,0.5508008330763181,0.5533535220827283,0.5557988602588175,0.5530427874023847,0.5500359949093888,0.5469068420121951,0.5436943436941676,0.540595000982595,0.5586913365383862,0.5603279655028295,0.5583013197487552,0.5600406224991532,0.5579401677173441,0.559765918391739,0.5575999244399459,0.5551765961004973,0.5525579315900737,0.5547919904888715,0.5569964929965898,0.5590553242365023,0.5567356334298864,0.5588466059736518,0.5564865846478267,0.5538418608077756,0.5509655476990986,0.5479058622227224,0.5448294077992463,0.5418235600265661,0.5389900803794263,0.5364011455353622,0.5342248735846317,0.5353203277136578,0.5368565339435757,0.5387844858213071,0.5359460723447174,0.5378502048373216,0.5350317323263611,0.5368873989688694,0.5341146399374463,0.5317208691329938,0.5297845324761551,0.5307824021391522,0.5320910209320847,0.5299193170250115,0.5282097731129751,0.5271481839050877,0.5281195703995882,0.5269681446965911,0.5281336545269916,0.526904006843852,0.5258926260446259,0.5250764368395795,0.5244316662346336,0.523935497441472,0.5235670890681696,0.5237030272724668,0.5232750131159324,0.5229568150101102,0.5227319461554626,0.5225865364912522,0.5224477450334297,0.522253605784367,0.52212656836841,0.5220567221672187,0.5218573551857766,0.5217467442336396,0.5216836022373021,0.5216611820181283,0.5216742027246699,0.5217186261133556,0.5213546782680991,0.5211760614837053,0.5211260444957846,0.5211043911986155,0.521107261956153,0.5211317256917749,0.5211756088483923,0.5212373704979609,0.5213160005639046,0.5214109379958043,0.5215220058928729,0.5216493608688021,0.5217952150068798,0.5219588917431326,0.521333830841282,0.5214501719735557,0.5215807674249948,0.5210750663725746,0.5211685668070433,0.521273661306573,0.5208661998492551,0.5209412750571889,0.5210257676858685,0.5211201859607851,0.5212251723712212,0.5213414996623088,0.5214700698607061,0.5209862439896713,0.520664689371978,0.5207256983329116,0.520793638795974,0.5205348748894377,0.5203642794503467,0.5203952784994547,0.5204303431898912,0.5204696749089384,0.5212979220137525,0.5214046859485836,0.5209725672784433,0.5210468605282325,0.5211325406498191,0.5212298442362916,0.5213391997039475,0.520912779630963,0.5206329498845753,0.5206804185243772,0.5207354482124565,0.5205104884378134,0.5205483848662773,0.5205924367284809,0.5206427418553238,0.5206995079726185,0.5204771553590307,0.5205174761848914,0.520563037187204,0.5206140819177452,0.520416561598526
L_C(voice),1.0,1.0,1.0,1.0,1.0,1.0,1.0,1.0,1.0,1.0,1.0,1.0,1.0,1.0,1.0,1.0,1.0,1.0,1.0,1.0,1.0,1.0,1.0,1.0,1.0,1.0,1.0,1.0,1.0,1.0,1.0,1.0,1.0,1.0,1.0,1.0,1.0,1.0,1.0,1.0,1.0,1.0,1.0,1.0,1.0,1.0,1.0,1.0,1.0,1.0,1.0,1.0,1.0,1.0,1.0,1.0,1.0,1.0,1.0,1.0,1.0,1.0,1.0,1.0,1.0,1.0,1.0,1.0,1.0,1.0,1.0,1.0,1.0,1.0,1.0,1.0,1.0,1.0,1.0,1.0,1.0,1.0,1.0,1.0,1.0,1.0,1.0,1.0,1.0,1.0,1.0,1.0,1.0,1.0,1.0,1.0,1.0,1.0,1.0,1.0,1.0,1.0,1.0,1.0,1.0,1.0,1.0,1.0,1.0,1.0,1.0,1.0,1.0,1.0,1.0,1.0,1.0,1.0,1.0,1.0,1.0,1.0,1.0,1.0,1.0,1.0,1.0,1.0,1.0,1.0,1.0,1.0,1.0,1.0,1.0,1.0,1.0,1.0,1.0,1.0,1.0,1.0,1.0,1.0,1.0,1.0,1.0,1.0,1.0,1.0,1.0,1.0,1.0,1.0,1.0,1.0,1.0,1.0,1.0,1.0,1.0,1.0,1.0,1.0,1.0,1.0,1.0,1.0,1.0,1.0,1.0,1.0,1.0,1.0,1.0,1.0,1.0,1.0,1.0,1.0,1.0,1.0,1.0,1.0,1.0,1.0,1.0,1.0,1.0,1.0,1.0,1.0,1.0,1.0,1.0,1.0,1.0,1.0,1.0,1.0,1.0
V_τ (signal),Ignored,Ignored,Ignored,Ignored,Ignored,Ignored,Ignored,Ignored,Ignored,Ignored,Ignored,Ignored,Ignored,Ignored,Ignored,Ignored,Ignored,Ignored,Ignored,Ignored,Ignored,Ignored,Ignored,Ignored,Ignored,Ignored,Ignored,Ignored,Ignored,Ignored,Ignored,Ignored,Ignored,Ignored,Ignored,Ignored,Ignored,Ignored,Ignored,Ignored,Ignored,Ignored,Ignored,Ignored,Ignored,Ignored,Ignored,Ignored,Ignored,Ignored,Ignored,Ignored,Ignored,Ignored,Ignored,Ignored,Ignored,Ignored,Ignored,Ignored,Ignored,Ignored,Ignored,Ignored,Ignored,Ignored,Ignored,Ignored,Ignored,Ignored,Ignored,Ignored,Ignored,Ignored,Ignored,Ignored,Ignored,Ignored,Ignored,Ignored,Ignored,Ignored,Ignored,Ignored,Ignored,Ignored,Ignored,Ignored,Ignored,Ignored,Ignored,Ignored,Ignored,Ignored,Ignored,Ignored,Ignored,Ignored,Ignored,Ignored,Ignored,Ignored,Ignored,Ignored,Ignored,Ignored,Ignored,Ignored,Ignored,Ignored,Ignored,Ignored,Ignored,Ignored,Ignored,Ignored,Ignored,Ignored,Ignored,Ignored,Ignored,Ignored,Ignored,Ignored,Ignored,Ignored,Ignored,Ignored,Ignored,Ignored,Ignored,Ignored,Ignored,Ignored,Ignored,Ignored,Ignored,Ignored,Ignored,Ignored,Ignored,Ignored,Ignored,Ignored,Ignored,Ignored,Ignored,Ignored,Ignored,Ignored,Ignored,Ignored,Ignored,Ignored,Ignored,Ignored,Ignored,Ignored,Ignored,Ignored,Ignored,Ignored,Ignored,Ignored,Ignored,Ignored,Ignored,Ignored,Ignored,Ignored,Ignored,Ignored,Ignored,Ignored,Ignored,Ignored,Ignored,Ignored,Ignored,Ignored,Ignored,Ignored,Ignored,Ignored,Ignored,Ignored,Ignored,Ignored,Ignored,Ignored,Ignored,Ignored,Ignored,Ignored,Ignored,Ignored,Ignored,Ignored,Ignored,Ignored,Ignored
d (detection),False,False,False,False,True,True,False,True,True,False,False,False,True,False,False,False,False,True,True,False,False,True,True,False,True,True,False,False,True,False,True,False,False,True,False,False,True,False,False,False,True,True,False,False,True,False,False,False,True,False,False,True,False,True,True,False,True,True,True,True,True,True,False,False,True,False,True,False,True,True,True,False,True,False,True,True,False,False,False,False,False,False,True,False,True,False,True,False,False,False,True,True,True,False,True,False,False,False,False,False,False,False,False,False,True,True,True,False,True,False,True,False,False,False,True,True,False,False,False,True,False,True,False,False,False,False,False,False,True,False,False,False,False,True,False,False,False,True,False,False,False,False,False,True,True,False,False,False,False,False,False,False,False,False,False,False,False,True,False,False,True,False,False,True,False,False,False,False,False,False,True,True,False,False,True,True,False,False,False,True,False,True,False,False,False,False,True,True,False,False,True,False,False,False,False,True,False,False,False,True,False
p_det,0.14185106490048782,0.35434369377420455,0.35893259366518293,0.44522076489278517,0.36586440898919936,0.35434369377420455,0.35434369377420455,0.35893259366518293,0.34978145142617295,0.34073961154861454,0.34524653939368083,0.34978145142617295,0.34978145142617295,0.3429895373265012,0.34524653939368083,0.34751053780725555,0.34978145142617295,0.35205919791934975,0.35434369377420455,0.3728522336868044,0.3705168880326052,0.37519352553157076,0.382252125230751,0.382252125230751,0.38698582386066455,0.3917409692534856,0.389360766050778,0.3917409692534856,0.3989121211516302,0.38461624360881785,0.3941263315682394,0.382252125230751,0.3941263315682394,0.40371730070321216,0.3965167501352737,0.4182406231581638,0.4329070950345457,0.4329070950345457,0.4452207648927852,0.45016600268752216,0.45016600268752216,0.46257015465625045,0.37519352553157076,0.38461624360881785,0.3798935676569099,0.3775406687981454,0.3798935676569099,0.389360766050778,0.39651675013527377,0.3917409692534856,0.38461624360881785,0.389360766050778,0.389360766050778,0.3989121211516302,0.3941263315682394,0.389360766050778,0.3965167501352737,0.38698582386066455,0.38461624360881785,0.3917409692534856,0.3798935676569099,0.37519352553157076,0.382252125230751,0.37519352553157076,0.3917409692534856,0.3798935676569099,0.3775406687981454,0.38461624360881785,0.38461624360881785,0.389360766050778,0.3775406687981454,0.3705168880326052,0.382252125230751,0.3728522336868045,0.3846162436088178,0.3775406687981455,0.3728522336868044,0.3798935676569099,0.37519352553157076,0.389360766050778,0.382252125230751,0.40854102156721994,0.37519352553157076,0.3681875822638984,0.3775406687981454,0.3681875822638984,0.3798935676569099,0.3681875822638984,0.3705168880326052,0.3705168880326052,0.3728522336868044,0.3705168880326052,0.3705168880326052,0.3681875822638984,0.3705168880326052,0.3681875822638984,0.3705168880326052,0.3728522336868045,0.3846162436088178,0.3798935676569099,0.38461624360881785,0.3965167501352737,0.4329070950345457,0.46008511544443426,0.4775151752081999,0.4675456936126812,0.45264238185691075,0.43045377606077095,0.45760205922564895,0.44028635073280703,0.4650570548417855,0.4476920904256748,0.4700359482354282,0.48750260351578967,0.49750002083312495,0.4925005624493796,0.48250714233361036,0.4950001666600003,0.29525430200190894,0.29525430200190894,0.29525430200190894,0.29525430200190894,0.29525430200190894,0.29525430200190894,0.29525430200190894,0.29525430200190894,0.29525430200190894,0.29525430200190894,0.29525430200190894,0.29525430200190894,0.29525430200190894,0.29525430200190894,0.29525430200190894,0.29525430200190894,0.29525430200190894,0.29525430200190894,0.29525430200190894,0.29525430200190894,0.29317777890643243,0.29317777890643243,0.29317777890643243,0.29317777890643243,0.29317777890643243,0.29317777890643243,0.29317777890643243,0.29317777890643243,0.29317777890643243,0.29317777890643243,0.29317777890643243,0.29317777890643243,0.29317777890643243,0.29317777890643243,0.29317777890643243,0.29317777890643243,0.29317777890643243,0.29525430200190894,0.29525430200190894,0.29525430200190894,0.29317777890643243,0.29317777890643243,0.29317777890643243,0.29317777890643243,0.29317777890643243,0.29317777890643243,0.29317777890643243,0.29317777890643243,0.29317777890643243,0.29317777890643243,0.29317777890643243,0.29317777890643243,0.29317777890643243,0.29317777890643243,0.29317777890643243,0.29317777890643243,0.29317777890643243,0.29317777890643243,0.29317777890643243,0.29317777890643243,0.29317777890643243,0.29317777890643243,0.29317777890643243,0.29317777890643243,0.29317777890643243,0.29317777890643243,0.29317777890643243,0.29317777890643243,0.29317777890643243,0.29317777890643243,0.29317777890643243,0.29317777890643243,0.29317777890643243,0.29317777890643243,0.29317777890643243,0.29317777890643243,0.29317777890643243,0.29317777890643243,0.29317777890643243,0.29317777890643243,0.29317777890643243,0.29317777890643243,0.29317777890643243
ι = max_θ μ_τ(θ),0.35,0.3610871359941079,0.25,0.25,0.25,0.25,0.25,0.2948311800830869,0.3009713840959646,0.4249997310845245,0.3560288070576259,0.30145795595307423,0.2944934815455267,0.3390714287955682,0.3267548474241513,0.31983306184729626,0.30595251535002743,0.311843222801019,0.34676401851240835,0.3836754390328517,0.3831708706380988,0.3733064350489107,0.41566102821760464,0.43014017878959376,0.4450783988336106,0.4502538125664696,0.45067122429418394,0.46959279325095976,0.4982768448486375,0.4891042955814515,0.5236063101979519,0.508777753334565,0.5481020335485514,0.5773372446390788,0.570879739971893,0.6040494323227411,0.6251887496154068,0.6288342253030133,0.6525772415403293,0.6623952275107157,0.6580788232687856,0.6895794784502093,0.5012009657478801,0.4231432825277103,0.37514277451487427,0.43606101045354523,0.40177489104365743,0.42165827012394075,0.4310521511851281,0.45131398566920183,0.4653819479962945,0.46920809231666644,0.49875347785907387,0.5071106457983297,0.5296899942739905,0.5308026395536242,0.558691958107088,0.5538142429436516,0.5308054937393994,0.4940462880057723,0.5158131014775961,0.5796879609000254,0.6399151089359094,0.5756754195179535,0.5091052293752476,0.5701531479935865,0.5033340091414561,0.5649938479060165,0.49790691980658114,0.5584665633709807,0.6163834131754024,0.6716924765606458,0.6115514977000515,0.6666086473515817,0.6059656842608878,0.6610269750547996,0.7124092793569692,0.6559713549015141,0.594099054242932,0.5293436955088942,0.5332716129939465,0.5973296474529801,0.7450321619707166,0.7898514128111963,0.7427841331029638,0.7872994167613583,0.74001520488556,0.7843707604496744,0.7367873300851338,0.6826389868532832,0.622893740018867,0.6790089179641281,0.7300655690148937,0.7753956359018805,0.7267951100642015,0.7723456804745307,0.7233780103099651,0.6681378905678701,0.6075583775934332,0.5423594313889213,0.5161442236849367,0.5799984531982026,0.6413002857527658,0.69921148314168,0.750670468599654,0.718371859942989,0.6800397223762205,0.6359632615788944,0.6961547866973943,0.6532934126525823,0.7127194620529003,0.6714493451608349,0.7296389819142012,0.7810326036656245,0.8242373913788208,0.7987419173625925,0.7684659927450684,0.814905611040567,0.8528825350193424,0.8763317252774817,0.8500827248731649,0.8747514287600964,0.8464292779927292,0.8722335173103005,0.8937680790864063,0.9115027577872562,0.9259230456588472,0.9374969667471551,0.9466546200308488,0.9378195890583764,0.9477012249220579,0.9555003833381095,0.9615590345610688,0.9661680199497251,0.9629308200878605,0.968068189151532,0.9719776411694309,0.9748693896275318,0.9735004987675793,0.9768018542269162,0.979254291991141,0.9810030655664342,0.9821650279878459,0.9828331885242034,0.9843731732512753,0.9841082371354364,0.9858757304934543,0.9871487348153835,0.9880114091401879,0.9885304264302763,0.9887580610130885,0.9887347594020235,0.988491255561379,0.98805029423785,0.9874280228958204,0.9866351069178126,0.985664644007759,0.9845287639769109,0.9891732024754336,0.9884037741633458,0.9875012048684308,0.9912553361149911,0.9906407044552559,0.9899172157024286,0.9929390481531647,0.9924487154596104,0.991869474024662,0.9912010088475625,0.9904412943295308,0.9895867721217918,0.9886324780432203,0.9922996102268565,0.9947176490043202,0.9942883067948839,0.9937986342067017,0.9957434498424667,0.9970026799643666,0.9968062349470842,0.9965704531379351,0.9962955182089657,0.9892068358802141,0.9885517727373281,0.9916681313533765,0.9912706178550589,0.9907503678462866,0.9901127196832029,0.989360097895447,0.9925290075779045,0.9945372892455405,0.994293461481079,0.9939669487916204,0.995577151524917,0.9953869166109597,0.9951288538828249,0.9948063823279447,0.9944212347003847,0.9960673453084912,0.995811006352044,0.9955035234322672,0.9951452431952599,0.9966216008411847
M_t,0.0,0.0011111111111111111,0.0044444444444444444,0.010000000000000002,0.017777777777777778,0.027777777777777776,0.04000000000000001,0.05444444444444445,0.07111111111111111,0.09,0.1111111111111111,0.13444444444444442,0.16000000000000003,0.1877777777777778,0.2177777777777778,0.25,0.28444444444444444,0.32111111111111107,0.36,0.4011111111111111,0.4444444444444444,0.48999999999999994,0.5377777777777777,0.5877777777777778,0.6400000000000001,0.6944444444444445,0.7511111111111112,0.81,0.8711111111111112,0.9344444444444444,1.0,1.0,1.0,1.0,1.0,1.0,1.0,1.0,1.0,1.0,1.0,1.0,1.0,1.0,1.0,1.0,1.0,1.0,1.0,1.0,1.0,1.0,1.0,1.0,1.0,1.0,1.0,1.0,1.0,1.0,1.0,1.0,1.0,1.0,1.0,1.0,1.0,1.0,1.0,1.0,1.0,1.0,1.0,1.0,1.0,1.0,1.0,1.0,1.0,1.0,1.0,1.0,1.0,1.0,1.0,1.0,1.0,1.0,1.0,1.0,1.0,1.0,1.0,1.0,1.0,1.0,1.0,1.0,1.0,1.0,1.0,1.0,1.0,1.0,1.0,1.0,1.0,1.0,1.0,1.0,1.0,1.0,1.0,1.0,1.0,1.0,1.0,1.0,1.0,1.0,1.0,1.0,1.0,1.0,1.0,1.0,1.0,1.0,1.0,1.0,1.0,1.0,1.0,1.0,1.0,1.0,1.0,1.0,1.0,1.0,1.0,1.0,1.0,1.0,1.0,1.0,1.0,1.0,1.0,1.0,1.0,1.0,1.0,1.0,1.0,1.0,1.0,1.0,1.0,1.0,1.0,1.0,1.0,1.0,1.0,1.0,1.0,1.0,1.0,1.0,1.0,1.0,1.0,1.0,1.0,1.0,1.0,1.0,1.0,1.0,1.0,1.0,1.0,1.0,1.0,1.0,1.0,1.0,1.0,1.0,1.0,1.0,1.0,1.0,1.0,1.0,1.0,1.0,1.0,1.0,1.0
M_t^S,3.0,2.899163609360107,3.003569093868556,2.91480021184908,2.8286548467751853,2.745055462003318,2.663926812444057,2.561783942404682,2.48284738397681,2.231189939977764,2.265668268608986,2.2592415409594597,2.213385964346652,2.1,2.1,2.1,2.1,2.1,2.1,2.1,2.1,2.1,2.1,2.1,2.1,2.1,2.1,2.1,2.1,2.1,2.1,2.1,2.1,2.1,2.1,2.1,2.1,2.1,2.1,2.1,2.1,2.1,2.1,2.1,2.1,2.1,2.1,2.1,2.1,2.1,2.1,2.1,2.1,2.1,2.1,2.1,2.1,2.1,2.1,2.1,2.1,2.1,2.1,2.1,2.1,2.1,2.1,2.1,2.1,2.1,2.1,2.1,2.1,2.1,2.1,2.1,2.1,2.1,2.1,2.1,2.1,2.1,2.1,2.1,2.1,2.1,2.1,2.1,2.1,2.1,2.1,2.1,2.1,2.1,2.1,2.1,2.1,2.1,2.1,2.1,2.1,2.1,2.1,2.1,2.1,2.1,2.1,2.1,2.1,2.1,2.1,2.1,2.1,2.1,2.1,2.1,2.1,2.1,2.1,2.1,2.1,2.1,2.1,2.1,2.1,2.1,2.1,2.1,2.1,2.1,2.1,2.1,2.1,2.1,2.1,2.1,2.1,2.1,2.1,2.1,2.1,2.1,2.1,2.1,2.1,2.1,2.1,2.1,2.1,2.1,2.1,2.1,2.1,2.1,2.1,2.1,2.1,2.1,2.1,2.1,2.1,2.1,2.1,2.1,2.1,2.1,2.1,2.1,2.1,2.1,2.1,2.1,2.1,2.1,2.1,2.1,2.1,2.1,2.1,2.1,2.1,2.1,2.1,2.1,2.1,2.1,2.1,2.1,2.1,2.1,2.1,2.1,2.1,2.1,2.1,2.1,2.1,2.1,2.1,2.1,2.1
M_t^F,3.0,2.913695727426841,3.0337554651107785,2.9588517757926667,2.8857974651532214,2.814546871870174,2.745055462003318,2.7,2.7,2.7,2.7,2.7,2.7,2.7,2.7,2.7,2.7,2.7,2.7,2.7,2.7,2.7,2.7,2.7,2.7,2.7,2.7,2.7,2.7,2.7,2.7,2.7,2.7,2.7,2.7,2.7,2.7,2.7,2.7,2.7,2.7,2.7,2.7,2.7,2.7,2.7,2.7,2.7,2.7,2.7,2.7,2.7,2.7,2.7,2.7,2.7,2.7,2.7,2.7,2.7,2.7,2.7,2.7,2.7,2.7,2.7,2.7,2.7,2.7,2.7,2.7,2.7,2.7,2.7,2.7,2.7,2.7,2.7,2.7,2.7,2.7,2.7,2.7,2.7,2.7,2.7,2.7,2.7,2.7,2.7,2.7,2.7,2.7,2.7,2.7,2.7,2.7,2.7,2.7,2.7,2.7,2.7,2.7,2.7,2.7,2.7,2.7,2.7,2.7,2.7,2.7,2.7,2.7,2.7,2.7,2.7,2.7,2.7,2.7,2.7,2.7,2.7,2.7,2.7,2.7,2.7,2.7,2.7,2.7,2.7,2.7,2.7,2.7,2.7,2.7,2.7,2.7,2.7,2.7,2.7,2.7,2.7,2.7,2.7,2.7,2.7,2.7,2.7,2.7,2.7,2.7,2.7,2.7,2.7,2.7,2.7,2.7,2.7,2.7,2.7,2.7,2.7,2.7,2.7,2.7,2.7,2.7,2.7,2.7,2.7,2.7,2.7,2.7,2.7,2.7,2.7,2.7,2.7,2.7,2.7,2.7,2.7,2.7,2.7,2.7,2.7,2.7,2.7,2.7,2.7,2.7,2.7,2.7,2.7,2.7,2.7,2.7,2.7,2.7,2.7,2.7
M_t^K,3.3000000000000003,3.3000000000000003,3.3000000000000003,3.3000000000000003,3.3000000000000003,3.3000000000000003,3.3000000000000003,3.3000000000000003,3.3000000000000003,3.3000000000000003,3.3000000000000003,3.3000000000000003,3.3000000000000003,3.3000000000000003,3.3000000000000003,3.3000000000000003,3.3000000000000003,3.3000000000000003,3.3000000000000003,3.3000000000000003,3.3000000000000003,3.3000000000000003,3.3000000000000003,3.3000000000000003,3.3000000000000003,3.3000000000000003,3.3000000000000003,3.3000000000000003,3.3000000000000003,3.3000000000000003,3.3000000000000003,3.3000000000000003,3.3000000000000003,3.3000000000000003,3.3000000000000003,3.3000000000000003,3.3000000000000003,3.3000000000000003,3.3000000000000003,3.3000000000000003,3.3000000000000003,3.3000000000000003,3.3000000000000003,3.3000000000000003,3.3000000000000003,3.3000000000000003,3.3000000000000003,3.3000000000000003,3.3000000000000003,3.3000000000000003,3.3000000000000003,3.3000000000000003,3.3000000000000003,3.3000000000000003,3.3000000000000003,3.3000000000000003,3.3000000000000003,3.3000000000000003,3.3000000000000003,3.3000000000000003,3.3000000000000003,3.3000000000000003,3.3000000000000003,3.3000000000000003,3.3000000000000003,3.3000000000000003,3.3000000000000003,3.3000000000000003,3.3000000000000003,3.3000000000000003,3.3000000000000003,3.3000000000000003,3.3000000000000003,3.3000000000000003,3.3000000000000003,3.3000000000000003,3.3000000000000003,3.3000000000000003,3.3000000000000003,3.3000000000000003,3.3000000000000003,3.3000000000000003,3.3000000000000003,3.3000000000000003,3.3000000000000003,3.3000000000000003,3.3000000000000003,3.3000000000000003,3.3000000000000003,3.3000000000000003,3.3000000000000003,3.3000000000000003,3.3000000000000003,3.3000000000000003,3.3000000000000003,3.3000000000000003,3.3000000000000003,3.3000000000000003,3.3000000000000003,3.3000000000000003,3.3000000000000003,3.3000000000000003,3.3000000000000003,3.3000000000000003,3.3000000000000003,3.3000000000000003,3.3000000000000003,3.3000000000000003,3.3000000000000003,3.3000000000000003,3.3000000000000003,3.3000000000000003,3.3000000000000003,3.3000000000000003,3.3000000000000003,3.3000000000000003,3.3000000000000003,3.3000000000000003,3.3000000000000003,3.3000000000000003,3.3000000000000003,3.3000000000000003,3.3000000000000003,3.3000000000000003,3.3000000000000003,3.3000000000000003,3.3000000000000003,3.3000000000000003,3.3000000000000003,3.3000000000000003,3.3000000000000003,3.3000000000000003,3.3000000000000003,3.3000000000000003,3.3000000000000003,3.3000000000000003,3.3000000000000003,3.3000000000000003,3.3000000000000003,3.3000000000000003,3.3000000000000003,3.3000000000000003,3.3000000000000003,3.3000000000000003,3.3000000000000003,3.3000000000000003,3.3000000000000003,3.3000000000000003,3.3000000000000003,3.3000000000000003,3.3000000000000003,3.3000000000000003,3.3000000000000003,3.3000000000000003,3.3000000000000003,3.3000000000000003,3.3000000000000003,3.3000000000000003,3.3000000000000003,3.3000000000000003,3.3000000000000003,3.3000000000000003,3.3000000000000003,3.3000000000000003,3.3000000000000003,3.3000000000000003,3.3000000000000003,3.3000000000000003,3.3000000000000003,3.3000000000000003,3.3000000000000003,3.3000000000000003,3.3000000000000003,3.3000000000000003,3.3000000000000003,3.3000000000000003,3.3000000000000003,3.3000000000000003,3.3000000000000003,3.3000000000000003,3.3000000000000003,3.3000000000000003,3.3000000000000003,3.3000000000000003,3.3000000000000003,3.3000000000000003,3.3000000000000003,3.3000000000000003,3.3000000000000003,3.3000000000000003,3.3000000000000003,3.3000000000000003,3.3000000000000003,3.3000000000000003,3.3000000000000003,3.3000000000000003,3.3000000000000003,3.3000000000000003,3.3000000000000003,3.3000000000000003,3.3000000000000003
