,0,1,2,3,4,5,6,7,8,9,10,11,12,13,14,15,16,17,18,19,20,21,22,23,24,25,26,27,28,29,30,31,32,33,34,35,36,37,38,39,40,41,42,43,44,45,46,47,48,49,50,51,52,53,54,55,56,57,58,59,60,61,62,63,64,65,66,67,68,69,70,71,72,73,74,75,76,77,78,79,80,81,82,83,84,85,86,87,88,89,90,91,92,93,94,95,96,97,98,99,100,101,102,103,104,105,106,107,108,109,110,111,112,113,114,115,116,117,118,119,120,121,122,123,124,125,126,127,128,129,130,131,132,133,134,135,136,137,138,139,140,141,142,143,144,145,146,147,148,149,150,151,152,153,154,155,156,157,158,159,160,161,162,163,164,165,166,167,168,169,170,171,172,173,174,175,176,177,178,179,180,181,182,183,184,185,186,187,188,189,190,191,192,193,194,195,196,197,198,199,200
a_F*,Cooperate,Cooperate,Cooperate,Cooperate,Cooperate,Cooperate,Cooperate,Cooperate,Cooperate,Cooperate,Cooperate,Cooperate,Cooperate,Cooperate,Cooperate,Cooperate,Cooperate,Cooperate,Cooperate,Cooperate,Cooperate,Cooperate,Cooperate,Cooperate,Cooperate,Cooperate,Cooperate,Cooperate,Cooperate,Cooperate,Cooperate,Cooperate,Cooperate,Cooperate,Cooperate,Cooperate,Cooperate,Cooperate,Cooperate,Cooperate,Cooperate,Cooperate,Cooperate,Cooperate,Cooperate,Cooperate,Cooperate,Cooperate,Cooperate,Cooperate,Cooperate,Cooperate,Cooperate,Cooperate,Cooperate,Cooperate,Cooperate,Cooperate,Cooperate,Cooperate,Cooperate,Cooperate,Cooperate,Cooperate,Cooperate,Cooperate,Cooperate,Cooperate,Cooperate,Cooperate,Cooperate,Cooperate,Cooperate,Cooperate,Cooperate,Cooperate,Cooperate,Cooperate,Cooperate,Cooperate,Cooperate,Cooperate,Cooperate,Cooperate,Cooperate,Cooperate,Cooperate,Cooperate,Cooperate,Cooperate,Cooperate,Cooperate,Cooperate,Cooperate,Cooperate,Cooperate,Cooperate,Cooperate,Cooperate,Cooperate,Cooperate,Cooperate,Cooperate,Cooperate,Cooperate,Cooperate,Cooperate,Cooperate,Cooperate,Cooperate,Cooperate,Cooperate,Cooperate,Cooperate,Cooperate,Cooperate,Cooperate,Cooperate,Cooperate,Cooperate,Cooperate,Cooperate,Cooperate,Cooperate,Cooperate,Cooperate,Cooperate,Cooperate,Cooperate,Cooperate,Cooperate,Cooperate,Cooperate,Cooperate,Cooperate,Cooperate,Cooperate,Cooperate,Cooperate,Cooperate,Cooperate,Cooperate,Cooperate,Cooperate,Cooperate,Cooperate,Cooperate,Cooperate,Cooperate,Cooperate,Cooperate,Cooperate,Cooperate,Cooperate,Cooperate,Cooperate,Cooperate,Cooperate,Cooperate,Cooperate,Cooperate,Cooperate,Cooperate,Cooperate,Cooperate,Cooperate,Cooperate,Cooperate,Cooperate,Cooperate,Cooperate,Cooperate,Cooperate,Cooperate,Cooperate,Cooperate,Cooperate,Cooperate,Cooperate,Cooperate,Cooperate,Cooperate,Cooperate,Cooperate,Cooperate,Cooperate,Cooperate,Cooperate,Cooperate,Cooperate,Cooperate,Cooperate,Cooperate,Cooperate,Cooperate,Cooperate,Cooperate,Cooperate,Cooperate,Cooperate,Cooperate
ã_F,Cooperate,Cooperate,Cooperate,Cooperate,Collude,Collude,Cooperate,Collude,Collude,Cooperate,Cooperate,Cooperate,Cooperate,Cooperate,Cooperate,Collude,Collude,Collude,Collude,Cooperate,Collude,Collude,Collude,Collude,Collude,Collude,Collude,Cooperate,Cooperate,Cooperate,Collude,Cooperate,Collude,Cooperate,Collude,Cooperate,Cooperate,Collude,Cooperate,Collude,Collude,Collude,Collude,Cooperate,Cooperate,Cooperate,Cooperate,Collude,Cooperate,Collude,Cooperate,Collude,Collude,Cooperate,Collude,Cooperate,Cooperate,Collude,Cooperate,Collude,Cooperate,Cooperate,Collude,Cooperate,Collude,Cooperate,Collude,Collude,Cooperate,Collude,Collude,Cooperate,Cooperate,Cooperate,Collude,Cooperate,Cooperate,Collude,Collude,Cooperate,Cooperate,Collude,Collude,Collude,Cooperate,Cooperate,Collude,Cooperate,Collude,Cooperate,Collude,Cooperate,Collude,Cooperate,Collude,Cooperate,Cooperate,Collude,Cooperate,Cooperate,Collude,Collude,Collude,Collude,Collude,Collude,Collude,Collude,Collude,Cooperate,Cooperate,Cooperate,Cooperate,Collude,Cooperate,Collude,Cooperate,Cooperate,Cooperate,Collude,Cooperate,Cooperate,Cooperate,Collude,Collude,Cooperate,Cooperate,Collude,Cooperate,Collude,Collude,Cooperate,Collude,Cooperate,Collude,Collude,Collude,Cooperate,Collude,Cooperate,Collude,Collude,Cooperate,Cooperate,Cooperate,Cooperate,Collude,Cooperate,Collude,Cooperate,Collude,Cooperate,Cooperate,Cooperate,Cooperate,Cooperate,Cooperate,Cooperate,Cooperate,Cooperate,Collude,Collude,Collude,Cooperate,Cooperate,Cooperate,Cooperate,Collude,Cooperate,Collude,Cooperate,Cooperate,Cooperate,Cooperate,Cooperate,Cooperate,Collude,Collude,Collude,Collude,Collude,Cooperate,Cooperate,Collude,Cooperate,Cooperate,Collude,Collude,Collude,Collude,Cooperate,Collude,Cooperate,Collude,Collude,Cooperate,Cooperate,Cooperate,Cooperate,Cooperate,Cooperate
a_K*(DC),Continue,Continue,Continue,Continue,Continue,Continue,Continue,Continue,Continue,Continue,Continue,Continue,Continue,Continue,Continue,Continue,Continue,Continue,Continue,Continue,Continue,Continue,Continue,Continue,Continue,Continue,Continue,Continue,Continue,Continue,Continue,Continue,Continue,Continue,Continue,Continue,Continue,Continue,Continue,Continue,Continue,Continue,Continue,Continue,Continue,Continue,Continue,Continue,Continue,Continue,Continue,Continue,Continue,Continue,Continue,Continue,Continue,Continue,Continue,Continue,Continue,Continue,Continue,Continue,Continue,Continue,Continue,Continue,Continue,Continue,Continue,Continue,Continue,Continue,Continue,Continue,Continue,Continue,Continue,Continue,Continue,Continue,Continue,Continue,Continue,Continue,Continue,Continue,Continue,Continue,Continue,Continue,Continue,Continue,Continue,Continue,Continue,Continue,Continue,Continue,Continue,Continue,Continue,Continue,Continue,Continue,Continue,Continue,Continue,Continue,Continue,Continue,Continue,Continue,Continue,Continue,Continue,Continue,Continue,Continue,Continue,Continue,Continue,Continue,Continue,Continue,Continue,Continue,Continue,Continue,Continue,Continue,Continue,Continue,Continue,Continue,Continue,Continue,Continue,Continue,Continue,Continue,Continue,Continue,Continue,Continue,Continue,Continue,Continue,Continue,Continue,Continue,Continue,Continue,Continue,Continue,Continue,Continue,Continue,Continue,Continue,Continue,Continue,Continue,Continue,Continue,Continue,Continue,Continue,Continue,Continue,Continue,Continue,Continue,Continue,Continue,Continue,Continue,Continue,Continue,Continue,Continue,Continue,Continue,Continue,Continue,Continue,Continue,Continue,Continue,Continue,Continue,Continue,Continue,Continue,Continue,Continue,Continue,Continue,Continue,Continue
ã_K(DC),Continue,Kill,Continue,Kill,Kill,Kill,Continue,Continue,Kill,Kill,Continue,Continue,Release,Release,Continue,Kill,Release,Kill,Kill,Continue,Continue,Continue,Kill,Release,Release,Kill,Continue,Continue,Continue,Kill,Release,Continue,Continue,Kill,Continue,Continue,Continue,Continue,Continue,Release,Release,Continue,Continue,Release,Kill,Continue,Release,Continue,Kill,Continue,Continue,Kill,Release,Release,Release,Continue,Kill,Kill,Continue,Continue,Kill,Continue,Continue,Continue,Release,Release,Release,Continue,Continue,Release,Release,Kill,Kill,Release,Continue,Release,Continue,Kill,Continue,Continue,Release,Kill,Release,Kill,Kill,Continue,Kill,Continue,Kill,Kill,Kill,Release,Kill,Kill,Continue,Continue,Release,Continue,Kill,Continue,Kill,Continue,Continue,Kill,Kill,Release,Kill,Release,Release,Release,Continue,Kill,Release,Release,Continue,Release,Release,Continue,Continue,Release,Release,Kill,Release,Kill,Release,Continue,Release,Kill,Continue,Kill,Continue,Continue,Kill,Continue,Continue,Continue,Release,Kill,Kill,Continue,Kill,Continue,Kill,Continue,Continue,Kill,Release,Continue,Continue,Continue,Kill,Release,Release,Kill,Kill,Continue,Continue,Kill,Continue,Release,Kill,Continue,Continue,Kill,Continue,Release,Continue,Kill,Continue,Continue,Release,Continue,Release,Continue,Release,Continue,Continue,Release,Release,Kill,Kill,Kill,Continue,Kill,Continue,Continue,Continue,Continue,Continue,Release,Continue,Release,Release,Continue,Kill,Release,Release,Release,Release,Release,Continue
a_S*,Negotiate,Negotiate,Negotiate,Negotiate,Negotiate,Negotiate,Negotiate,Negotiate,Negotiate,Negotiate,Negotiate,Negotiate,Negotiate,Negotiate,Negotiate,Negotiate,Negotiate,Negotiate,Negotiate,Negotiate,Negotiate,Negotiate,Negotiate,Negotiate,Negotiate,Negotiate,Negotiate,Negotiate,Negotiate,Negotiate,Negotiate,Negotiate,Negotiate,Negotiate,Negotiate,Negotiate,Negotiate,Negotiate,Negotiate,Negotiate,Negotiate,Negotiate,Negotiate,Negotiate,Negotiate,Negotiate,Negotiate,Negotiate,Negotiate,Negotiate,Negotiate,Negotiate,Negotiate,Negotiate,Negotiate,Negotiate,Negotiate,Negotiate,Negotiate,Negotiate,Negotiate,Negotiate,Negotiate,Negotiate,Negotiate,Negotiate,Negotiate,Negotiate,Negotiate,Negotiate,Negotiate,Negotiate,Negotiate,Negotiate,Negotiate,Negotiate,Negotiate,Negotiate,Negotiate,Negotiate,Negotiate,Negotiate,Negotiate,Negotiate,Negotiate,Negotiate,Negotiate,Negotiate,Negotiate,Negotiate,Negotiate,Negotiate,Negotiate,Negotiate,Negotiate,Negotiate,Negotiate,Negotiate,Negotiate,Negotiate,Negotiate,Negotiate,Negotiate,Negotiate,Negotiate,Negotiate,Negotiate,Negotiate,Negotiate,Negotiate,Negotiate,Negotiate,Negotiate,Negotiate,Negotiate,Negotiate,Negotiate,Negotiate,Negotiate,Negotiate,Negotiate,Negotiate,Negotiate,Negotiate,Negotiate,Negotiate,Negotiate,Negotiate,Negotiate,Negotiate,Negotiate,Negotiate,Negotiate,Negotiate,Negotiate,Negotiate,Negotiate,Negotiate,Negotiate,Negotiate,Negotiate,Negotiate,Negotiate,Negotiate,Negotiate,Negotiate,Negotiate,Negotiate,Negotiate,Negotiate,Negotiate,Negotiate,Negotiate,Negotiate,Negotiate,Negotiate,Negotiate,Negotiate,Negotiate,Negotiate,Negotiate,Negotiate,Negotiate,Negotiate,Negotiate,Negotiate,Negotiate,Negotiate,Negotiate,Negotiate,Negotiate,Negotiate,Negotiate,Negotiate,Negotiate,Negotiate,Negotiate,Negotiate,Negotiate,Negotiate,Negotiate,Negotiate,Negotiate,Negotiate,Negotiate,Negotiate,Negotiate,Negotiate,Negotiate,Negotiate,Negotiate,Negotiate,Negotiate,Negotiate,Negotiate,Negotiate,Negotiate,Negotiate,Negotiate,Negotiate,Negotiate
ã_S,Negotiate,Rescue,Negotiate,Rescue,Negotiate,Rescue,Negotiate,Negotiate,Negotiate,Negotiate,Negotiate,Rescue,Negotiate,Rescue,Rescue,Negotiate,Negotiate,Negotiate,Negotiate,Negotiate,Negotiate,Rescue,Negotiate,Rescue,Negotiate,Rescue,Negotiate,Rescue,Rescue,Negotiate,Rescue,Rescue,Negotiate,Negotiate,Rescue,Negotiate,Rescue,Rescue,Negotiate,Negotiate,Negotiate,Rescue,Negotiate,Rescue,Negotiate,Rescue,Negotiate,Negotiate,Negotiate,Rescue,Rescue,Negotiate,Negotiate,Negotiate,Negotiate,Negotiate,Negotiate,Rescue,Negotiate,Negotiate,Rescue,Rescue,Negotiate,Rescue,Negotiate,Rescue,Negotiate,Negotiate,Negotiate,Negotiate,Rescue,Negotiate,Negotiate,Negotiate,Negotiate,Negotiate,Rescue,Negotiate,Rescue,Negotiate,Negotiate,Negotiate,Negotiate,Rescue,Negotiate,Negotiate,Negotiate,Rescue,Rescue,Negotiate,Negotiate,Negotiate,Negotiate,Rescue,Rescue,Rescue,Rescue,Negotiate,Negotiate,Rescue,Negotiate,Rescue,Negotiate,Negotiate,Negotiate,Rescue,Negotiate,Negotiate,Negotiate,Negotiate,Rescue,Negotiate,Negotiate,Negotiate,Rescue,Rescue,Negotiate,Rescue,Negotiate,Negotiate,Negotiate,Negotiate,Rescue,Negotiate,Negotiate,Negotiate,Negotiate,Negotiate,Negotiate,Negotiate,Negotiate,Rescue,Rescue,Negotiate,Negotiate,Negotiate,Rescue,Negotiate,Negotiate,Rescue,Rescue,Negotiate,Negotiate,Rescue,Rescue,Negotiate,Rescue,Rescue,Rescue,Rescue,Negotiate,Rescue,Negotiate,Rescue,Rescue,Negotiate,Negotiate,Negotiate,Negotiate,Negotiate,Rescue,Negotiate,Rescue,Rescue,Negotiate,Negotiate,Negotiate,Rescue,Rescue,Rescue,Rescue,Negotiate,Rescue,Rescue,Negotiate,Negotiate,Negotiate,Negotiate,Rescue,Negotiate,Negotiate,Negotiate,Negotiate,Rescue,Negotiate,Negotiate,Rescue,Negotiate,Negotiate,Rescue,Negotiate,Rescue,Negotiate,Negotiate,Negotiate,Negotiate,Rescue,Negotiate,Rescue,Rescue,Rescue
α_t*,0.0,0.72,0.74,0.91,0.72,0.72,0.72,0.73,0.71,0.72,0.72,0.73,0.73,0.73,0.74,0.74,0.73,0.72,0.72,0.7000000000000001,0.73,0.8,0.8200000000000001,0.84,0.86,0.88,0.88,0.87,0.9,0.92,0.9400000000000001,0.9500000000000001,0.96,0.96,0.97,0.97,0.98,0.97,0.9500000000000001,0.97,0.99,1.0,1.0,0.98,0.86,0.85,0.84,0.85,0.86,0.85,0.84,0.84,0.8200000000000001,0.8200000000000001,0.8200000000000001,0.8200000000000001,0.8200000000000001,0.8200000000000001,0.8200000000000001,0.8200000000000001,0.8200000000000001,0.8200000000000001,0.8200000000000001,0.8200000000000001,0.8200000000000001,0.8200000000000001,0.8200000000000001,0.8200000000000001,0.8200000000000001,0.8200000000000001,0.8200000000000001,0.8200000000000001,0.8200000000000001,0.8200000000000001,0.8200000000000001,0.8200000000000001,0.8200000000000001,0.8200000000000001,0.8200000000000001,0.8200000000000001,0.8200000000000001,0.8200000000000001,0.8200000000000001,0.8200000000000001,0.8200000000000001,0.8200000000000001,0.8200000000000001,0.8200000000000001,0.8200000000000001,0.8200000000000001,0.8200000000000001,0.8200000000000001,0.8200000000000001,0.8200000000000001,0.8200000000000001,0.8200000000000001,0.8200000000000001,0.8200000000000001,0.8200000000000001,0.8200000000000001,0.8200000000000001,0.8200000000000001,0.8200000000000001,0.8200000000000001,0.8200000000000001,0.8200000000000001,0.8200000000000001,0.8200000000000001,0.8200000000000001,0.8200000000000001,0.8200000000000001,0.8200000000000001,0.8200000000000001,0.8200000000000001,0.8200000000000001,0.8200000000000001,0.8200000000000001,0.8200000000000001,0.8200000000000001,0.8200000000000001,0.8200000000000001,0.8200000000000001,0.8200000000000001,0.8200000000000001,0.8200000000000001,0.8200000000000001,0.8200000000000001,0.8200000000000001,0.8200000000000001,0.8200000000000001,0.8200000000000001,0.8200000000000001,0.8200000000000001,0.8200000000000001,0.8200000000000001,0.8200000000000001,0.8200000000000001,0.8200000000000001,0.8200000000000001,0.8200000000000001,0.8200000000000001,0.8200000000000001,0.8200000000000001,0.8200000000000001,0.8200000000000001,0.8200000000000001,0.8200000000000001,0.8200000000000001,0.8200000000000001,0.8200000000000001,0.8200000000000001,0.8200000000000001,0.8200000000000001,0.8200000000000001,0.8200000000000001,0.8200000000000001,0.8200000000000001,0.8200000000000001,0.8200000000000001,0.8200000000000001,0.8200000000000001,0.8200000000000001,0.8200000000000001,0.8200000000000001,0.8200000000000001,0.8200000000000001,0.8200000000000001,0.8200000000000001,0.8200000000000001,0.8200000000000001,0.8200000000000001,0.8200000000000001,0.8200000000000001,0.8200000000000001,0.8200000000000001,0.8200000000000001,0.8200000000000001,0.8200000000000001,0.8200000000000001,0.8200000000000001,0.8200000000000001,0.8200000000000001,0.8200000000000001,0.8200000000000001,0.8200000000000001,0.8200000000000001,0.8200000000000001,0.8200000000000001,0.8200000000000001,0.8200000000000001,0.8200000000000001,0.8200000000000001,0.8200000000000001,0.8200000000000001,0.8200000000000001,0.8200000000000001,0.8200000000000001,0.8200000000000001,0.8200000000000001,0.8200000000000001,0.8200000000000001
γ_t*,0.5,0.68,0.6900000000000001,0.81,0.6900000000000001,0.68,0.68,0.6900000000000001,0.67,0.68,0.68,0.6900000000000001,0.6900000000000001,0.6900000000000001,0.7000000000000001,0.7000000000000001,0.68,0.67,0.67,0.65,0.65,0.62,0.62,0.63,0.61,0.58,0.5700000000000001,0.59,0.55,0.55,0.54,0.55,0.54,0.54,0.55,0.58,0.54,0.54,0.55,0.55,0.55,0.59,0.52,0.51,0.55,0.55,0.58,0.54,0.54,0.54,0.56,0.55,0.56,0.5700000000000001,0.56,0.5700000000000001,0.56,0.56,0.56,0.56,0.56,0.56,0.56,0.56,0.56,0.56,0.5700000000000001,0.56,0.56,0.56,0.56,0.56,0.56,0.56,0.56,0.56,0.56,0.56,0.56,0.56,0.56,0.56,0.56,0.56,0.56,0.56,0.56,0.56,0.56,0.56,0.56,0.56,0.56,0.56,0.56,0.56,0.56,0.56,0.56,0.56,0.56,0.56,0.56,0.56,0.56,0.56,0.56,0.56,0.56,0.56,0.56,0.56,0.56,0.56,0.56,0.56,0.56,0.56,0.56,0.56,0.56,0.56,0.56,0.56,0.56,0.56,0.56,0.56,0.56,0.56,0.56,0.56,0.56,0.56,0.56,0.56,0.56,0.56,0.56,0.56,0.56,0.56,0.56,0.56,0.56,0.56,0.56,0.56,0.56,0.56,0.56,0.56,0.56,0.56,0.56,0.56,0.56,0.56,0.56,0.56,0.56,0.56,0.56,0.56,0.56,0.56,0.56,0.56,0.56,0.56,0.56,0.56,0.56,0.56,0.56,0.56,0.56,0.56,0.56,0.56,0.56,0.56,0.56,0.56,0.56,0.56,0.56,0.56,0.56,0.56,0.56,0.56,0.56,0.56,0.56,0.56,0.56,0.56,0.56,0.56,0.56
γ_R(DC)*,0.23,0.23,0.37,0.23,0.23,0.23,0.23,0.23,0.23,0.23,0.23,0.23,0.23,0.27,0.27,0.26,0.29,0.28,0.29,0.28,0.29,0.27,0.24,0.25,0.24,0.21,0.25,0.28,0.21,0.22,0.22,0.22,0.22,0.22,0.22,0.22,0.22,0.22,0.22,0.22,0.22,0.22,0.22,0.22,0.22,0.22,0.22,0.22,0.22,0.22,0.22,0.22,0.22,0.22,0.22,0.22,0.22,0.22,0.22,0.22,0.22,0.22,0.22,0.22,0.22,0.22,0.22,0.22,0.22,0.22,0.22,0.22,0.22,0.22,0.22,0.22,0.22,0.22,0.22,0.22,0.22,0.22,0.22,0.22,0.22,0.22,0.22,0.22,0.22,0.22,0.22,0.22,0.22,0.22,0.22,0.22,0.22,0.22,0.22,0.22,0.22,0.22,0.22,0.22,0.22,0.22,0.22,0.22,0.22,0.22,0.22,0.22,0.22,0.22,0.22,0.22,0.22,0.22,0.22,0.22,0.22,0.22,0.22,0.22,0.22,0.22,0.22,0.22,0.22,0.22,0.22,0.22,0.22,0.22,0.22,0.22,0.22,0.22,0.22,0.22,0.22,0.22,0.22,0.22,0.22,0.22,0.22,0.22,0.22,0.22,0.22,0.22,0.22,0.22,0.22,0.22,0.22,0.22,0.22,0.22,0.22,0.22,0.22,0.22,0.22,0.22,0.22,0.22,0.22,0.22,0.22,0.22,0.22,0.22,0.22,0.22,0.22,0.22,0.22,0.22,0.22,0.22,0.22,0.22,0.22,0.22,0.22,0.22,0.22,0.22,0.22,0.22,0.22,0.22,0.22,0.22,0.22,0.22,0.22,0.22,0.22
γ_R(PAR)*,0.37,0.37,0.37,0.37,0.37,0.37,0.37,0.37,0.37,0.37,0.37,0.37,0.37,0.37,0.37,0.37,0.37,0.37,0.37,0.37,0.37,0.37,0.37,0.37,0.37,0.37,0.37,0.37,0.37,0.37,0.37,0.37,0.37,0.37,0.37,0.37,0.37,0.37,0.37,0.37,0.37,0.37,0.37,0.37,0.37,0.37,0.37,0.37,0.37,0.37,0.37,0.37,0.37,0.37,0.37,0.37,0.37,0.37,0.37,0.37,0.37,0.37,0.37,0.37,0.37,0.37,0.37,0.37,0.37,0.37,0.37,0.37,0.37,0.37,0.37,0.37,0.37,0.37,0.37,0.37,0.37,0.37,0.37,0.37,0.37,0.37,0.37,0.37,0.37,0.37,0.37,0.37,0.37,0.37,0.37,0.37,0.37,0.37,0.37,0.37,0.37,0.37,0.37,0.37,0.37,0.37,0.37,0.37,0.37,0.37,0.37,0.37,0.37,0.37,0.37,0.37,0.37,0.37,0.37,0.37,0.37,0.37,0.37,0.37,0.37,0.37,0.37,0.37,0.37,0.37,0.37,0.37,0.37,0.37,0.37,0.37,0.37,0.37,0.37,0.37,0.37,0.37,0.37,0.37,0.37,0.37,0.37,0.37,0.37,0.37,0.37,0.37,0.37,0.37,0.37,0.37,0.37,0.37,0.37,0.37,0.37,0.37,0.37,0.37,0.37,0.37,0.37,0.37,0.37,0.37,0.37,0.37,0.37,0.37,0.37,0.37,0.37,0.37,0.37,0.37,0.37,0.37,0.37,0.37,0.37,0.37,0.37,0.37,0.37,0.37,0.37,0.37,0.37,0.37,0.37,0.37,0.37,0.37,0.37,0.37,0.37
γ_R(ELN)*,0.5,0.5,1.0,0.63,0.5,0.5,0.5,0.5,0.5,0.5,0.5,0.5,0.5,0.5,0.5,0.5,0.5,0.5,0.53,0.51,0.51,0.53,0.53,0.52,0.54,0.55,0.55,0.54,0.51,0.54,0.49,0.49,0.49,0.49,0.49,0.49,0.49,0.49,0.49,0.49,0.49,0.49,0.49,0.49,0.49,0.49,0.49,0.49,0.49,0.49,0.49,0.49,0.49,0.49,0.49,0.49,0.49,0.49,0.49,0.49,0.49,0.49,0.49,0.49,0.49,0.49,0.49,0.49,0.49,0.49,0.49,0.49,0.49,0.49,0.49,0.49,0.49,0.49,0.49,0.49,0.49,0.49,0.49,0.49,0.49,0.49,0.49,0.49,0.49,0.49,0.49,0.49,0.49,0.49,0.49,0.49,0.49,0.49,0.49,0.49,0.49,0.49,0.49,0.49,0.49,0.49,0.49,0.49,0.49,0.49,0.49,0.49,0.49,0.49,0.49,0.49,0.49,0.49,0.49,0.49,0.49,0.49,0.49,0.49,0.49,0.49,0.49,0.49,0.49,0.49,0.49,0.49,0.49,0.49,0.49,0.49,0.49,0.49,0.49,0.49,0.49,0.49,0.49,0.49,0.49,0.49,0.49,0.49,0.49,0.49,0.49,0.49,0.49,0.49,0.49,0.49,0.49,0.49,0.49,0.49,0.49,0.49,0.49,0.49,0.49,0.49,0.49,0.49,0.49,0.49,0.49,0.49,0.49,0.49,0.49,0.49,0.49,0.49,0.49,0.49,0.49,0.49,0.49,0.49,0.49,0.49,0.49,0.49,0.49,0.49,0.49,0.49,0.49,0.49,0.49,0.49,0.49,0.49,0.49,0.49,0.49
γ_R(FARC)*,0.64,0.64,0.64,0.64,0.64,0.64,0.64,0.64,0.64,0.64,0.64,0.64,0.64,0.64,0.64,0.64,0.64,0.64,0.64,0.64,0.64,0.64,0.64,0.64,0.64,0.64,0.64,0.64,0.64,0.64,0.64,0.64,0.64,0.64,0.64,0.64,0.64,0.64,0.64,0.64,0.64,0.64,0.64,0.64,0.64,0.64,0.64,0.64,0.64,0.64,0.64,0.64,0.64,0.64,0.64,0.64,0.64,0.64,0.64,0.64,0.64,0.64,0.64,0.64,0.64,0.64,0.64,0.64,0.64,0.64,0.64,0.64,0.64,0.64,0.64,0.64,0.64,0.64,0.64,0.64,0.64,0.64,0.64,0.64,0.64,0.64,0.64,0.64,0.64,0.64,0.64,0.64,0.64,0.64,0.64,0.64,0.64,0.64,0.64,0.64,0.64,0.64,0.64,0.64,0.64,0.64,0.64,0.64,0.64,0.64,0.64,0.64,0.64,0.64,0.64,0.64,0.64,0.64,0.64,0.64,0.64,0.64,0.64,0.64,0.64,0.64,0.64,0.64,0.64,0.64,0.64,0.64,0.64,0.64,0.64,0.64,0.64,0.64,0.64,0.64,0.64,0.64,0.64,0.64,0.64,0.64,0.64,0.64,0.64,0.64,0.64,0.64,0.64,0.64,0.64,0.64,0.64,0.64,0.64,0.64,0.64,0.64,0.64,0.64,0.64,0.64,0.64,0.64,0.64,0.64,0.64,0.64,0.64,0.64,0.64,0.64,0.64,0.64,0.64,0.64,0.64,0.64,0.64,0.64,0.64,0.64,0.64,0.64,0.64,0.64,0.64,0.64,0.64,0.64,0.64,0.64,0.64,0.64,0.64,0.64,0.64
α_R(DC)*,0.18,0.18,0.34,0.18,0.18,0.18,0.18,0.18,0.18,0.18,0.18,0.18,0.23,0.31,0.39,0.46,0.51,0.56,0.6,0.64,0.67,0.7000000000000001,0.73,0.75,0.77,0.79,0.8,0.81,0.8300000000000001,0.84,0.85,0.85,0.85,0.85,0.85,0.85,0.85,0.85,0.85,0.85,0.85,0.85,0.85,0.85,0.85,0.85,0.85,0.85,0.85,0.85,0.85,0.85,0.85,0.85,0.85,0.85,0.85,0.85,0.85,0.85,0.85,0.85,0.85,0.85,0.85,0.85,0.85,0.85,0.85,0.85,0.85,0.85,0.85,0.85,0.85,0.85,0.85,0.85,0.85,0.85,0.85,0.85,0.85,0.85,0.85,0.85,0.85,0.85,0.85,0.85,0.85,0.85,0.85,0.85,0.85,0.85,0.85,0.85,0.85,0.85,0.85,0.85,0.85,0.85,0.85,0.85,0.85,0.85,0.85,0.85,0.85,0.85,0.85,0.85,0.85,0.85,0.85,0.85,0.85,0.85,0.85,0.85,0.85,0.85,0.85,0.85,0.85,0.85,0.85,0.85,0.85,0.85,0.85,0.85,0.85,0.85,0.85,0.85,0.85,0.85,0.85,0.85,0.85,0.85,0.85,0.85,0.85,0.85,0.85,0.85,0.85,0.85,0.85,0.85,0.85,0.85,0.85,0.85,0.85,0.85,0.85,0.85,0.85,0.85,0.85,0.85,0.85,0.85,0.85,0.85,0.85,0.85,0.85,0.85,0.85,0.85,0.85,0.85,0.85,0.85,0.85,0.85,0.85,0.85,0.85,0.85,0.85,0.85,0.85,0.85,0.85,0.85,0.85,0.85,0.85,0.85,0.85,0.85,0.85,0.85,0.85
α_R(PAR)*,0.31,0.31,0.31,0.31,0.31,0.31,0.31,0.31,0.31,0.31,0.31,0.31,0.31,0.31,0.31,0.31,0.31,0.31,0.31,0.31,0.31,0.31,0.31,0.31,0.31,0.31,0.31,0.31,0.31,0.31,0.31,0.31,0.31,0.31,0.31,0.31,0.31,0.31,0.31,0.31,0.31,0.31,0.31,0.31,0.31,0.31,0.31,0.31,0.31,0.31,0.31,0.31,0.31,0.31,0.31,0.31,0.31,0.31,0.31,0.31,0.31,0.31,0.31,0.31,0.31,0.31,0.31,0.31,0.31,0.31,0.31,0.31,0.31,0.31,0.31,0.31,0.31,0.31,0.31,0.31,0.31,0.31,0.31,0.31,0.31,0.31,0.31,0.31,0.31,0.31,0.31,0.31,0.31,0.31,0.31,0.31,0.31,0.31,0.31,0.31,0.31,0.31,0.31,0.31,0.31,0.31,0.31,0.31,0.31,0.31,0.31,0.31,0.31,0.31,0.31,0.31,0.31,0.31,0.31,0.31,0.31,0.31,0.31,0.31,0.31,0.31,0.31,0.31,0.31,0.31,0.31,0.31,0.31,0.31,0.31,0.31,0.31,0.31,0.31,0.31,0.31,0.31,0.31,0.31,0.31,0.31,0.31,0.31,0.31,0.31,0.31,0.31,0.31,0.31,0.31,0.31,0.31,0.31,0.31,0.31,0.31,0.31,0.31,0.31,0.31,0.31,0.31,0.31,0.31,0.31,0.31,0.31,0.31,0.31,0.31,0.31,0.31,0.31,0.31,0.31,0.31,0.31,0.31,0.31,0.31,0.31,0.31,0.31,0.31,0.31,0.31,0.31,0.31,0.31,0.31,0.31,0.31,0.31,0.31,0.31,0.31
α_R(ELN)*,0.45,0.45,0.99,0.5700000000000001,0.45,0.45,0.45,0.45,0.45,0.45,0.45,0.45,0.45,0.45,0.45,0.45,0.45,0.45,0.49,0.54,0.58,0.61,0.64,0.67,0.6900000000000001,0.71,0.73,0.75,0.77,0.78,0.8,0.8,0.8,0.8,0.8,0.8,0.8,0.8,0.8,0.8,0.8,0.8,0.8,0.8,0.8,0.8,0.8,0.8,0.8,0.8,0.8,0.8,0.8,0.8,0.8,0.8,0.8,0.8,0.8,0.8,0.8,0.8,0.8,0.8,0.8,0.8,0.8,0.8,0.8,0.8,0.8,0.8,0.8,0.8,0.8,0.8,0.8,0.8,0.8,0.8,0.8,0.8,0.8,0.8,0.8,0.8,0.8,0.8,0.8,0.8,0.8,0.8,0.8,0.8,0.8,0.8,0.8,0.8,0.8,0.8,0.8,0.8,0.8,0.8,0.8,0.8,0.8,0.8,0.8,0.8,0.8,0.8,0.8,0.8,0.8,0.8,0.8,0.8,0.8,0.8,0.8,0.8,0.8,0.8,0.8,0.8,0.8,0.8,0.8,0.8,0.8,0.8,0.8,0.8,0.8,0.8,0.8,0.8,0.8,0.8,0.8,0.8,0.8,0.8,0.8,0.8,0.8,0.8,0.8,0.8,0.8,0.8,0.8,0.8,0.8,0.8,0.8,0.8,0.8,0.8,0.8,0.8,0.8,0.8,0.8,0.8,0.8,0.8,0.8,0.8,0.8,0.8,0.8,0.8,0.8,0.8,0.8,0.8,0.8,0.8,0.8,0.8,0.8,0.8,0.8,0.8,0.8,0.8,0.8,0.8,0.8,0.8,0.8,0.8,0.8,0.8,0.8,0.8,0.8,0.8,0.8
α_R(FARC)*,0.59,0.59,0.59,0.59,0.59,0.59,0.59,0.59,0.59,0.59,0.59,0.59,0.59,0.59,0.59,0.59,0.59,0.59,0.59,0.59,0.59,0.59,0.59,0.59,0.59,0.59,0.59,0.59,0.59,0.59,0.59,0.59,0.59,0.59,0.59,0.59,0.59,0.59,0.59,0.59,0.59,0.59,0.59,0.59,0.59,0.59,0.59,0.59,0.59,0.59,0.59,0.59,0.59,0.59,0.59,0.59,0.59,0.59,0.59,0.59,0.59,0.59,0.59,0.59,0.59,0.59,0.59,0.59,0.59,0.59,0.59,0.59,0.59,0.59,0.59,0.59,0.59,0.59,0.59,0.59,0.59,0.59,0.59,0.59,0.59,0.59,0.59,0.59,0.59,0.59,0.59,0.59,0.59,0.59,0.59,0.59,0.59,0.59,0.59,0.59,0.59,0.59,0.59,0.59,0.59,0.59,0.59,0.59,0.59,0.59,0.59,0.59,0.59,0.59,0.59,0.59,0.59,0.59,0.59,0.59,0.59,0.59,0.59,0.59,0.59,0.59,0.59,0.59,0.59,0.59,0.59,0.59,0.59,0.59,0.59,0.59,0.59,0.59,0.59,0.59,0.59,0.59,0.59,0.59,0.59,0.59,0.59,0.59,0.59,0.59,0.59,0.59,0.59,0.59,0.59,0.59,0.59,0.59,0.59,0.59,0.59,0.59,0.59,0.59,0.59,0.59,0.59,0.59,0.59,0.59,0.59,0.59,0.59,0.59,0.59,0.59,0.59,0.59,0.59,0.59,0.59,0.59,0.59,0.59,0.59,0.59,0.59,0.59,0.59,0.59,0.59,0.59,0.59,0.59,0.59,0.59,0.59,0.59,0.59,0.59,0.59
γ_N(DC)*,0.59,0.59,0.59,0.59,0.59,0.59,0.59,0.59,0.59,0.59,0.59,0.59,0.59,0.59,0.59,0.59,0.58,0.58,0.58,0.58,0.58,0.59,0.58,0.5700000000000001,0.5700000000000001,0.5700000000000001,0.5700000000000001,0.6,0.56,0.59,0.56,0.56,0.56,0.56,0.56,0.56,0.56,0.56,0.56,0.56,0.56,0.56,0.56,0.56,0.56,0.56,0.56,0.56,0.56,0.56,0.56,0.56,0.56,0.56,0.56,0.56,0.56,0.56,0.56,0.56,0.56,0.56,0.56,0.56,0.56,0.56,0.56,0.56,0.56,0.56,0.56,0.56,0.56,0.56,0.56,0.56,0.56,0.56,0.56,0.56,0.56,0.56,0.56,0.56,0.56,0.56,0.56,0.56,0.56,0.56,0.56,0.56,0.56,0.56,0.56,0.56,0.56,0.56,0.56,0.56,0.56,0.56,0.56,0.56,0.56,0.56,0.56,0.56,0.56,0.56,0.56,0.56,0.56,0.56,0.56,0.56,0.56,0.56,0.56,0.56,0.56,0.56,0.56,0.56,0.56,0.56,0.56,0.56,0.56,0.56,0.56,0.56,0.56,0.56,0.56,0.56,0.56,0.56,0.56,0.56,0.56,0.56,0.56,0.56,0.56,0.56,0.56,0.56,0.56,0.56,0.56,0.56,0.56,0.56,0.56,0.56,0.56,0.56,0.56,0.56,0.56,0.56,0.56,0.56,0.56,0.56,0.56,0.56,0.56,0.56,0.56,0.56,0.56,0.56,0.56,0.56,0.56,0.56,0.56,0.56,0.56,0.56,0.56,0.56,0.56,0.56,0.56,0.56,0.56,0.56,0.56,0.56,0.56,0.56,0.56,0.56,0.56,0.56,0.56,0.56,0.56
γ_N(PAR)*,0.64,0.64,0.64,0.64,0.64,0.64,0.63,0.63,0.63,0.62,0.62,0.61,0.61,0.6,0.6,0.59,0.58,0.58,0.5700000000000001,0.56,0.55,0.54,0.53,0.53,0.52,0.51,0.5,0.49,0.48,0.46,0.45,0.45,0.45,0.45,0.45,0.45,0.45,0.45,0.45,0.45,0.45,0.45,0.45,0.45,0.45,0.45,0.45,0.45,0.45,0.45,0.45,0.45,0.45,0.45,0.45,0.45,0.45,0.45,0.45,0.45,0.45,0.45,0.45,0.45,0.45,0.45,0.45,0.45,0.45,0.45,0.45,0.45,0.45,0.45,0.45,0.45,0.45,0.45,0.45,0.45,0.45,0.45,0.45,0.45,0.45,0.45,0.45,0.45,0.45,0.45,0.45,0.45,0.45,0.45,0.45,0.45,0.45,0.45,0.45,0.45,0.45,0.45,0.45,0.45,0.45,0.45,0.45,0.45,0.45,0.45,0.45,0.45,0.45,0.45,0.45,0.45,0.45,0.45,0.45,0.45,0.45,0.45,0.45,0.45,0.45,0.45,0.45,0.45,0.45,0.45,0.45,0.45,0.45,0.45,0.45,0.45,0.45,0.45,0.45,0.45,0.45,0.45,0.45,0.45,0.45,0.45,0.45,0.45,0.45,0.45,0.45,0.45,0.45,0.45,0.45,0.45,0.45,0.45,0.45,0.45,0.45,0.45,0.45,0.45,0.45,0.45,0.45,0.45,0.45,0.45,0.45,0.45,0.45,0.45,0.45,0.45,0.45,0.45,0.45,0.45,0.45,0.45,0.45,0.45,0.45,0.45,0.45,0.45,0.45,0.45,0.45,0.45,0.45,0.45,0.45,0.45,0.45,0.45,0.45,0.45,0.45
γ_N(ELN)*,0.6900000000000001,0.6900000000000001,1.0,0.6900000000000001,0.6900000000000001,0.6900000000000001,0.6900000000000001,0.6900000000000001,0.6900000000000001,0.6900000000000001,0.6900000000000001,0.68,0.68,0.68,0.68,0.68,0.67,0.67,0.67,0.67,0.66,0.66,0.66,0.65,0.65,0.65,0.64,0.65,0.64,0.63,0.63,0.63,0.63,0.63,0.63,0.63,0.63,0.63,0.63,0.63,0.63,0.63,0.63,0.63,0.63,0.63,0.63,0.63,0.63,0.63,0.63,0.63,0.63,0.63,0.63,0.63,0.63,0.63,0.63,0.63,0.63,0.63,0.63,0.63,0.63,0.63,0.63,0.63,0.63,0.63,0.63,0.63,0.63,0.63,0.63,0.63,0.63,0.63,0.63,0.63,0.63,0.63,0.63,0.63,0.63,0.63,0.63,0.63,0.63,0.63,0.63,0.63,0.63,0.63,0.63,0.63,0.63,0.63,0.63,0.63,0.63,0.63,0.63,0.63,0.63,0.63,0.63,0.63,0.63,0.63,0.63,0.63,0.63,0.63,0.63,0.63,0.63,0.63,0.63,0.63,0.63,0.63,0.63,0.63,0.63,0.63,0.63,0.63,0.63,0.63,0.63,0.63,0.63,0.63,0.63,0.63,0.63,0.63,0.63,0.63,0.63,0.63,0.63,0.63,0.63,0.63,0.63,0.63,0.63,0.63,0.63,0.63,0.63,0.63,0.63,0.63,0.63,0.63,0.63,0.63,0.63,0.63,0.63,0.63,0.63,0.63,0.63,0.63,0.63,0.63,0.63,0.63,0.63,0.63,0.63,0.63,0.63,0.63,0.63,0.63,0.63,0.63,0.63,0.63,0.63,0.63,0.63,0.63,0.63,0.63,0.63,0.63,0.63,0.63,0.63,0.63,0.63,0.63,0.63,0.63,0.63
γ_N(FARC)*,0.74,0.74,0.74,0.74,0.74,0.74,0.74,0.74,0.74,0.74,0.74,0.74,0.74,0.74,0.74,0.73,0.73,0.73,0.73,0.73,0.73,0.73,0.73,0.73,0.72,0.72,0.72,0.72,0.72,0.72,0.71,0.71,0.71,0.71,0.71,0.71,0.71,0.71,0.71,0.71,0.71,0.71,0.71,0.71,0.71,0.71,0.71,0.71,0.71,0.71,0.71,0.71,0.71,0.71,0.71,0.71,0.71,0.71,0.71,0.71,0.71,0.71,0.71,0.71,0.71,0.71,0.71,0.71,0.71,0.71,0.71,0.71,0.71,0.71,0.71,0.71,0.71,0.71,0.71,0.71,0.71,0.71,0.71,0.71,0.71,0.71,0.71,0.71,0.71,0.71,0.71,0.71,0.71,0.71,0.71,0.71,0.71,0.71,0.71,0.71,0.71,0.71,0.71,0.71,0.71,0.71,0.71,0.71,0.71,0.71,0.71,0.71,0.71,0.71,0.71,0.71,0.71,0.71,0.71,0.71,0.71,0.71,0.71,0.71,0.71,0.71,0.71,0.71,0.71,0.71,0.71,0.71,0.71,0.71,0.71,0.71,0.71,0.71,0.71,0.71,0.71,0.71,0.71,0.71,0.71,0.71,0.71,0.71,0.71,0.71,0.71,0.71,0.71,0.71,0.71,0.71,0.71,0.71,0.71,0.71,0.71,0.71,0.71,0.71,0.71,0.71,0.71,0.71,0.71,0.71,0.71,0.71,0.71,0.71,0.71,0.71,0.71,0.71,0.71,0.71,0.71,0.71,0.71,0.71,0.71,0.71,0.71,0.71,0.71,0.71,0.71,0.71,0.71,0.71,0.71,0.71,0.71,0.71,0.71,0.71,0.71
α_N(DC)*,0.62,0.62,0.62,0.62,0.62,0.62,0.62,0.62,0.62,0.62,0.62,0.62,0.62,0.62,0.62,0.62,0.62,0.62,0.62,0.62,0.61,0.64,0.67,0.7000000000000001,0.72,0.74,0.76,0.77,0.79,0.8,0.8200000000000001,0.8200000000000001,0.8200000000000001,0.8200000000000001,0.8200000000000001,0.8200000000000001,0.8200000000000001,0.8200000000000001,0.8200000000000001,0.8200000000000001,0.8200000000000001,0.8200000000000001,0.8200000000000001,0.8200000000000001,0.8200000000000001,0.8200000000000001,0.8200000000000001,0.8200000000000001,0.8200000000000001,0.8200000000000001,0.8200000000000001,0.8200000000000001,0.8200000000000001,0.8200000000000001,0.8200000000000001,0.8200000000000001,0.8200000000000001,0.8200000000000001,0.8200000000000001,0.8200000000000001,0.8200000000000001,0.8200000000000001,0.8200000000000001,0.8200000000000001,0.8200000000000001,0.8200000000000001,0.8200000000000001,0.8200000000000001,0.8200000000000001,0.8200000000000001,0.8200000000000001,0.8200000000000001,0.8200000000000001,0.8200000000000001,0.8200000000000001,0.8200000000000001,0.8200000000000001,0.8200000000000001,0.8200000000000001,0.8200000000000001,0.8200000000000001,0.8200000000000001,0.8200000000000001,0.8200000000000001,0.8200000000000001,0.8200000000000001,0.8200000000000001,0.8200000000000001,0.8200000000000001,0.8200000000000001,0.8200000000000001,0.8200000000000001,0.8200000000000001,0.8200000000000001,0.8200000000000001,0.8200000000000001,0.8200000000000001,0.8200000000000001,0.8200000000000001,0.8200000000000001,0.8200000000000001,0.8200000000000001,0.8200000000000001,0.8200000000000001,0.8200000000000001,0.8200000000000001,0.8200000000000001,0.8200000000000001,0.8200000000000001,0.8200000000000001,0.8200000000000001,0.8200000000000001,0.8200000000000001,0.8200000000000001,0.8200000000000001,0.8200000000000001,0.8200000000000001,0.8200000000000001,0.8200000000000001,0.8200000000000001,0.8200000000000001,0.8200000000000001,0.8200000000000001,0.8200000000000001,0.8200000000000001,0.8200000000000001,0.8200000000000001,0.8200000000000001,0.8200000000000001,0.8200000000000001,0.8200000000000001,0.8200000000000001,0.8200000000000001,0.8200000000000001,0.8200000000000001,0.8200000000000001,0.8200000000000001,0.8200000000000001,0.8200000000000001,0.8200000000000001,0.8200000000000001,0.8200000000000001,0.8200000000000001,0.8200000000000001,0.8200000000000001,0.8200000000000001,0.8200000000000001,0.8200000000000001,0.8200000000000001,0.8200000000000001,0.8200000000000001,0.8200000000000001,0.8200000000000001,0.8200000000000001,0.8200000000000001,0.8200000000000001,0.8200000000000001,0.8200000000000001,0.8200000000000001,0.8200000000000001,0.8200000000000001,0.8200000000000001,0.8200000000000001,0.8200000000000001,0.8200000000000001,0.8200000000000001,0.8200000000000001,0.8200000000000001,0.8200000000000001,0.8200000000000001,0.8200000000000001,0.8200000000000001,0.8200000000000001,0.8200000000000001,0.8200000000000001,0.8200000000000001,0.8200000000000001,0.8200000000000001,0.8200000000000001,0.8200000000000001,0.8200000000000001,0.8200000000000001,0.8200000000000001,0.8200000000000001,0.8200000000000001,0.8200000000000001,0.8200000000000001,0.8200000000000001,0.8200000000000001,0.8200000000000001,0.8200000000000001,0.8200000000000001,0.8200000000000001,0.8200000000000001,0.8200000000000001,0.8200000000000001,0.8200000000000001,0.8200000000000001,0.8200000000000001,0.8200000000000001,0.8200000000000001
α_N(PAR)*,0.67,0.67,0.67,0.67,0.67,0.67,0.67,0.67,0.66,0.66,0.66,0.66,0.65,0.65,0.65,0.64,0.64,0.64,0.63,0.63,0.62,0.62,0.61,0.61,0.6,0.6,0.59,0.59,0.58,0.58,0.5700000000000001,0.5700000000000001,0.5700000000000001,0.5700000000000001,0.5700000000000001,0.5700000000000001,0.5700000000000001,0.5700000000000001,0.5700000000000001,0.5700000000000001,0.5700000000000001,0.5700000000000001,0.5700000000000001,0.5700000000000001,0.5700000000000001,0.5700000000000001,0.5700000000000001,0.5700000000000001,0.5700000000000001,0.5700000000000001,0.5700000000000001,0.5700000000000001,0.5700000000000001,0.5700000000000001,0.5700000000000001,0.5700000000000001,0.5700000000000001,0.5700000000000001,0.5700000000000001,0.5700000000000001,0.5700000000000001,0.5700000000000001,0.5700000000000001,0.5700000000000001,0.5700000000000001,0.5700000000000001,0.5700000000000001,0.5700000000000001,0.5700000000000001,0.5700000000000001,0.5700000000000001,0.5700000000000001,0.5700000000000001,0.5700000000000001,0.5700000000000001,0.5700000000000001,0.5700000000000001,0.5700000000000001,0.5700000000000001,0.5700000000000001,0.5700000000000001,0.5700000000000001,0.5700000000000001,0.5700000000000001,0.5700000000000001,0.5700000000000001,0.5700000000000001,0.5700000000000001,0.5700000000000001,0.5700000000000001,0.5700000000000001,0.5700000000000001,0.5700000000000001,0.5700000000000001,0.5700000000000001,0.5700000000000001,0.5700000000000001,0.5700000000000001,0.5700000000000001,0.5700000000000001,0.5700000000000001,0.5700000000000001,0.5700000000000001,0.5700000000000001,0.5700000000000001,0.5700000000000001,0.5700000000000001,0.5700000000000001,0.5700000000000001,0.5700000000000001,0.5700000000000001,0.5700000000000001,0.5700000000000001,0.5700000000000001,0.5700000000000001,0.5700000000000001,0.5700000000000001,0.5700000000000001,0.5700000000000001,0.5700000000000001,0.5700000000000001,0.5700000000000001,0.5700000000000001,0.5700000000000001,0.5700000000000001,0.5700000000000001,0.5700000000000001,0.5700000000000001,0.5700000000000001,0.5700000000000001,0.5700000000000001,0.5700000000000001,0.5700000000000001,0.5700000000000001,0.5700000000000001,0.5700000000000001,0.5700000000000001,0.5700000000000001,0.5700000000000001,0.5700000000000001,0.5700000000000001,0.5700000000000001,0.5700000000000001,0.5700000000000001,0.5700000000000001,0.5700000000000001,0.5700000000000001,0.5700000000000001,0.5700000000000001,0.5700000000000001,0.5700000000000001,0.5700000000000001,0.5700000000000001,0.5700000000000001,0.5700000000000001,0.5700000000000001,0.5700000000000001,0.5700000000000001,0.5700000000000001,0.5700000000000001,0.5700000000000001,0.5700000000000001,0.5700000000000001,0.5700000000000001,0.5700000000000001,0.5700000000000001,0.5700000000000001,0.5700000000000001,0.5700000000000001,0.5700000000000001,0.5700000000000001,0.5700000000000001,0.5700000000000001,0.5700000000000001,0.5700000000000001,0.5700000000000001,0.5700000000000001,0.5700000000000001,0.5700000000000001,0.5700000000000001,0.5700000000000001,0.5700000000000001,0.5700000000000001,0.5700000000000001,0.5700000000000001,0.5700000000000001,0.5700000000000001,0.5700000000000001,0.5700000000000001,0.5700000000000001,0.5700000000000001,0.5700000000000001,0.5700000000000001,0.5700000000000001,0.5700000000000001,0.5700000000000001,0.5700000000000001,0.5700000000000001,0.5700000000000001,0.5700000000000001,0.5700000000000001
α_N(ELN)*,0.72,0.72,0.99,0.72,0.72,0.72,0.72,0.72,0.72,0.72,0.72,0.72,0.72,0.71,0.71,0.71,0.71,0.71,0.71,0.71,0.71,0.7000000000000001,0.7000000000000001,0.7000000000000001,0.7000000000000001,0.7000000000000001,0.72,0.73,0.75,0.77,0.78,0.78,0.78,0.78,0.78,0.78,0.78,0.78,0.78,0.78,0.78,0.78,0.78,0.78,0.78,0.78,0.78,0.78,0.78,0.78,0.78,0.78,0.78,0.78,0.78,0.78,0.78,0.78,0.78,0.78,0.78,0.78,0.78,0.78,0.78,0.78,0.78,0.78,0.78,0.78,0.78,0.78,0.78,0.78,0.78,0.78,0.78,0.78,0.78,0.78,0.78,0.78,0.78,0.78,0.78,0.78,0.78,0.78,0.78,0.78,0.78,0.78,0.78,0.78,0.78,0.78,0.78,0.78,0.78,0.78,0.78,0.78,0.78,0.78,0.78,0.78,0.78,0.78,0.78,0.78,0.78,0.78,0.78,0.78,0.78,0.78,0.78,0.78,0.78,0.78,0.78,0.78,0.78,0.78,0.78,0.78,0.78,0.78,0.78,0.78,0.78,0.78,0.78,0.78,0.78,0.78,0.78,0.78,0.78,0.78,0.78,0.78,0.78,0.78,0.78,0.78,0.78,0.78,0.78,0.78,0.78,0.78,0.78,0.78,0.78,0.78,0.78,0.78,0.78,0.78,0.78,0.78,0.78,0.78,0.78,0.78,0.78,0.78,0.78,0.78,0.78,0.78,0.78,0.78,0.78,0.78,0.78,0.78,0.78,0.78,0.78,0.78,0.78,0.78,0.78,0.78,0.78,0.78,0.78,0.78,0.78,0.78,0.78,0.78,0.78,0.78,0.78,0.78,0.78,0.78,0.78
α_N(FARC)*,0.77,0.77,0.77,0.77,0.77,0.77,0.77,0.77,0.77,0.77,0.77,0.77,0.77,0.77,0.77,0.77,0.77,0.77,0.77,0.77,0.76,0.76,0.76,0.76,0.76,0.76,0.76,0.76,0.76,0.76,0.76,0.76,0.76,0.76,0.76,0.76,0.76,0.76,0.76,0.76,0.76,0.76,0.76,0.76,0.76,0.76,0.76,0.76,0.76,0.76,0.76,0.76,0.76,0.76,0.76,0.76,0.76,0.76,0.76,0.76,0.76,0.76,0.76,0.76,0.76,0.76,0.76,0.76,0.76,0.76,0.76,0.76,0.76,0.76,0.76,0.76,0.76,0.76,0.76,0.76,0.76,0.76,0.76,0.76,0.76,0.76,0.76,0.76,0.76,0.76,0.76,0.76,0.76,0.76,0.76,0.76,0.76,0.76,0.76,0.76,0.76,0.76,0.76,0.76,0.76,0.76,0.76,0.76,0.76,0.76,0.76,0.76,0.76,0.76,0.76,0.76,0.76,0.76,0.76,0.76,0.76,0.76,0.76,0.76,0.76,0.76,0.76,0.76,0.76,0.76,0.76,0.76,0.76,0.76,0.76,0.76,0.76,0.76,0.76,0.76,0.76,0.76,0.76,0.76,0.76,0.76,0.76,0.76,0.76,0.76,0.76,0.76,0.76,0.76,0.76,0.76,0.76,0.76,0.76,0.76,0.76,0.76,0.76,0.76,0.76,0.76,0.76,0.76,0.76,0.76,0.76,0.76,0.76,0.76,0.76,0.76,0.76,0.76,0.76,0.76,0.76,0.76,0.76,0.76,0.76,0.76,0.76,0.76,0.76,0.76,0.76,0.76,0.76,0.76,0.76,0.76,0.76,0.76,0.76,0.76,0.76
H(μ_τ),1.3040114826148388,1.2954837781802158,1.3862943611198906,1.3733399012240697,1.3862943611198906,1.3862943611198906,1.3862943611198906,1.373775921331459,1.3718786607356674,1.3845726716952518,1.3732435826732114,1.3421738102267584,1.2962929099829827,1.241493748935131,1.1824407563271728,1.1217684386061684,1.2444063915265955,1.3322647120985742,1.2937046756979744,1.3485074835070474,1.3359480128543542,1.2584743284269337,1.1393227214255321,1.2010981945140422,1.2492450474556724,1.1446403161257264,1.024004562600022,0.9019866710152977,0.9726389208960603,1.0352642579113862,1.0890961124057545,1.1327078273454814,1.166332875302051,1.083219885428915,1.1165822407120032,1.1421670859939494,1.0694121353451267,0.9946866653970068,0.9221300402770003,0.9549801317837281,0.9803838482022322,0.9999727432599713,0.9432388894042473,0.8904370652666851,0.8067991064344402,0.6662752961123277,0.5416525243519732,0.6259161388053252,0.7138028043971232,0.5884329953262296,0.48038881391195387,0.39062138501262933,0.17233831572749264,0.2127708712386166,0.15652731222623859,0.19280590333720324,0.14298858604828918,0.10702281687644655,0.1312409679580953,0.059000849451913806,0.07570460398884495,0.051568663737779734,0.06594032299800326,0.04540987907257954,0.03181347823174648,0.12938312681490804,0.1577504539848375,0.1202930548087558,0.1463114588410782,0.03402190647792671,0.04301539244677696,0.05446128795505727,0.06902164315916083,0.04858843582714133,0.06133163658817741,0.07748143226643472,0.09791200353239239,0.06908157796084805,0.08698856294215741,0.10954595587743987,0.137858150734344,0.17319327819754843,0.21693007157922037,0.15363263618207926,0.10963321486008079,0.13706592929144568,0.09871848260803487,0.1230381975744113,0.15323983708552694,0.04310890703113682,0.05598677117265975,0.037091664271281584,0.02496649934916993,0.01712785353317037,0.01199117916044336,0.008563696343548827,0.010800404087617737,0.01365201965174469,0.009800765840457559,0.007160555589289403,0.008955355649127885,0.01122113354295481,0.008234595650726536,0.010278355145174329,0.012851816643966042,0.009471932130463975,0.007077079399790795,0.00534651610023533,0.004073990885465835,0.0031244536299853028,0.003842795208656868,0.0047279504726432916,0.003632826329975855,0.004463741493570412,0.005486175927965142,0.0042231697619238345,0.005184132979321157,0.004002604273914612,0.0049084243787156255,0.006019541431085133,0.0073829357235993065,0.009056566955444597,0.011112020743557225,0.0019789568468847763,0.0024749119871645075,0.0018350129587355857,0.002287362408486821,0.0028558777360005133,0.002124776013828446,0.002644595303461402,0.0019824892480501395,0.0024608026009707218,0.0018567966165570129,0.002299411234690578,0.001744751815485435,0.0013330932160411993,0.001644009635611907,0.0012606107514183489,0.003930222057313831,0.004810406252638682,0.003739645268914989,0.004574877270497434,0.005595105208326969,0.004354808331189398,0.0033933371262087108,0.004148396768460263,0.003235160979823974,0.00395416214247062,0.004830841912266606,0.005899274458522515,0.004606052097415622,0.005623479771954181,0.004393738848323745,0.003433258368668141,0.004192769126655211,0.005117537668421254,0.0040021882169702675,0.004884628348758952,0.005958176126026658,0.004663610095507975,0.005688357821194177,0.006933949408992017,0.00543214827959648,0.006621510651664748,0.00806588300435971,0.006324643126677664,0.007704267626422004,0.009378106855894167,0.007360463522876515,0.008959799383359938,0.01089827193967538,0.013245353147740195,0.010414670252204564,0.008182865241111732,0.006424050261490995,0.007821589632179713,0.009515708075402092,0.007476944775244359,0.005869472403412348,0.007147965674203925,0.008698152882840959,0.006833786584997247,0.008316925658323834,0.0065336239641680454,0.007952725314460445,0.009672120501945318,0.011752975350137593,0.014268165897157735,0.011242082327292178,0.013650205878976616,0.010753669605317774,0.013059440514479735,0.01028660318551688,0.01249446859757041,0.0151614397787768,0.0119540100263479,0.014508442111238187,0.017590504022549264,0.013883563371882695,0.010942007047828932,0.008612082483853131
ΔH,0.011737520463037443,0.0176663868460174,0.02624212142844784,0.026379501214637724,0.02624426898812726,0.026286067346885655,0.026439413161944314,0.025039689196343584,0.02637744214569082,0.026002198785885833,0.02464634806433086,0.022881249735393627,0.020674379654900932,0.018452935179104513,0.016487356742570736,0.014646226197955192,0.01898889140051163,0.023060529517152206,0.021434393558341647,0.02457588106040398,0.026260025084033245,0.02579862227356422,0.023700127816846273,0.025548910488566,0.026768627580759485,0.025146110265696908,0.022964582903336472,0.02066803412716134,0.022979506108938397,0.02503239437692173,0.02668120690903164,0.02716050809912618,0.027199056819599,0.025978750246298477,0.02607257328648016,0.025924962465069035,0.02499399385004719,0.02403270608259167,0.022955630726693155,0.023244885620014366,0.02317174910494879,0.022861918399741277,0.02244662612219861,0.022055137592811414,0.01974172497240556,0.015633791892846638,0.012187224300812316,0.014493221798658973,0.016995457642727585,0.013484983044917187,0.010582799655414088,0.008242119531253644,0.0029881800792156965,0.0038926759885586637,0.0026393449712014683,0.0034211414800836004,0.0023535449930922048,0.0016514709915062542,0.0021153301082601494,0.0008806689386590752,0.001197431509582389,0.0007381401353325143,0.0009973401539340176,0.0006256247489001068,0.0004041219089967185,0.002077204863551174,0.002647148909837277,0.0019027975094077637,0.0024129934824256016,0.00043576105816686694,0.0005772491844361696,0.0007676863115948437,0.0010246735702501841,0.0006629135230949296,0.0008787446009728278,0.0011688656480623727,0.0015593679225834045,0.0010069132141662662,0.0013345941913811693,0.0017736673765686023,0.0023616560079258997,0.003146940898829026,0.004189869794542445,0.0026763092352474482,0.001744020329866966,0.0022989670166024267,0.001522838137785698,0.0019955090658223956,0.002619008555311747,0.0006306969461725917,0.0008688458907877838,0.0005185522546818644,0.0003178048454570599,0.00020071196357590582,0.000130768499988599,8.778801439099544e-05,0.00011489966499314726,0.00015102448190301536,0.00010202757194240596,7.075006735888546e-05,9.148383644933152e-05,0.00011871460288922532,8.275523187902152e-05,0.00010679452470892421,0.00013828408162134577,9.68871388203809e-05,6.92573071873516e-05,5.029924584991005e-05,3.697780874021596e-05,2.7432616963477246e-05,3.4616605187785636e-05,4.373067193054383e-05,3.2496747564946925e-05,4.09817050980605e-05,5.173536182416158e-05,3.8505802415381846e-05,4.853142494970833e-05,3.6257157049911747e-05,4.563683446463622e-05,5.748723717074241e-05,7.247759430050078e-05,9.146577987486151e-05,0.00011555417916016622,1.6649347948630936e-05,2.1423628543776503e-05,1.524782897241732e-05,1.953162928473905e-05,2.5089802298534306e-05,1.792898381548823e-05,2.2932216088633346e-05,1.655524706702235e-05,2.1096895229018916e-05,1.536382983627154e-05,1.9517109638250013e-05,1.4318762250525212e-05,1.0606528798646174e-05,1.3392208251975218e-05,9.965603206033317e-06,3.555169495383752e-05,4.465237330557835e-05,3.362944690218786e-05,4.220921419909648e-05,5.2997680638426636e-05,3.994109176175438e-05,3.0167798378399197e-05,3.782660878499499e-05,2.8600417295220233e-05,3.584842976243809e-05,4.494130444873158e-05,5.635183790178924e-05,4.260038545198311e-05,5.339639443075264e-05,4.0401950064598846e-05,3.0601629272346796e-05,3.833269479175828e-05,4.8020959556478726e-05,3.6381448895631e-05,4.5567728047380025e-05,5.7077185790980686e-05,4.3253043533528386e-05,5.416833225133696e-05,6.784106205124773e-05,5.142224065260784e-05,6.439160192633995e-05,8.063354110885573e-05,6.113345874194862e-05,7.654269971573997e-05,9.583537232250167e-05,7.267685006763936e-05,9.098369823876302e-05,0.0001138980148786585,0.00014257581668539708,0.0001081439873801271,8.205553342584271e-05,6.227472821400577e-05,7.79435132425418e-05,9.754870936800296e-05,7.404593673614613e-05,5.621151658367473e-05,7.034960877504593e-05,8.803767792057472e-05,6.684260172065606e-05,8.364696942589345e-05,6.35140470571097e-05,7.948041847599327e-05,9.945161226118139e-05,0.00012442684797303073,0.0001556515284636545,0.00011823347222119848,0.00014790342256248631,0.00011235426703944465,0.00014054936736253992,0.00010677177957822172,0.0001335671541382831,0.00016705856473214938,0.00012693634158023742,0.00015876805485025118,0.00019854092815970587,0.00015089358084526341,0.00011465455099188976,8.71030165649992e-05
Γ_τ(μ_τ) feasible,False,False,False,True,True,True,True,True,True,True,True,True,True,True,True,True,True,True,True,True,True,True,True,True,True,True,True,True,True,True,True,True,True,True,True,True,True,True,True,True,True,True,True,True,True,True,True,True,True,True,True,True,True,True,True,True,True,True,True,True,True,True,True,True,True,True,True,True,True,True,True,True,True,True,True,True,True,True,True,True,True,True,True,True,True,True,True,True,True,True,True,True,True,True,True,True,True,True,True,True,True,True,True,True,True,True,True,True,True,True,True,True,True,True,True,True,True,True,True,True,True,True,True,True,True,True,True,True,True,True,True,True,True,True,True,True,True,True,True,True,True,True,True,True,True,True,True,True,True,True,True,True,True,True,True,True,True,True,True,True,True,True,True,True,True,True,True,True,True,True,True,True,True,True,True,True,True,True,True,True,True,True,True,True,True,True,True,True,True,True,True,True,True,True,True,True,True,True,True,True,True
IR^K(DC) OK,Yes,No,Yes,Yes,Yes,Yes,Yes,Yes,Yes,Yes,Yes,Yes,Yes,Yes,Yes,Yes,Yes,Yes,Yes,Yes,Yes,Yes,Yes,Yes,Yes,Yes,Yes,Yes,Yes,Yes,Yes,Yes,Yes,Yes,Yes,Yes,Yes,Yes,Yes,Yes,Yes,Yes,Yes,Yes,Yes,Yes,Yes,Yes,Yes,Yes,Yes,Yes,Yes,Yes,Yes,Yes,Yes,Yes,Yes,Yes,Yes,Yes,Yes,Yes,Yes,Yes,Yes,Yes,Yes,Yes,Yes,Yes,Yes,Yes,Yes,Yes,Yes,Yes,Yes,Yes,Yes,Yes,Yes,Yes,Yes,Yes,Yes,Yes,Yes,Yes,Yes,Yes,Yes,Yes,Yes,Yes,Yes,Yes,Yes,Yes,Yes,Yes,Yes,Yes,Yes,Yes,Yes,Yes,Yes,Yes,Yes,Yes,Yes,Yes,Yes,Yes,Yes,Yes,Yes,Yes,Yes,Yes,Yes,Yes,Yes,Yes,Yes,Yes,Yes,Yes,Yes,Yes,Yes,Yes,Yes,Yes,Yes,Yes,Yes,Yes,Yes,Yes,Yes,Yes,Yes,Yes,Yes,Yes,Yes,Yes,Yes,Yes,Yes,Yes,Yes,Yes,Yes,Yes,Yes,Yes,Yes,Yes,Yes,Yes,Yes,Yes,Yes,Yes,Yes,Yes,Yes,Yes,Yes,Yes,Yes,Yes,Yes,Yes,Yes,Yes,Yes,Yes,Yes,Yes,Yes,Yes,Yes,Yes,Yes,Yes,Yes,Yes,Yes,Yes,Yes,Yes,Yes,Yes,Yes,Yes,Yes
-sgn(κ_h(DC)),0,1,1,-1,-1,-1,1,1,-1,1,1,1,1,1,1,-1,1,-1,-1,1,1,-1,-1,1,1,-1,1,1,1,1,1,1,1,1,-1,1,1,-1,1,1,1,-1,1,1,1,1,1,1,1,-1,1,-1,1,1,1,1,1,-1,1,1,1,1,1,1,1,1,1,1,1,1,1,1,1,1,1,1,1,-1,-1,1,1,-1,1,-1,1,1,-1,1,-1,1,-1,1,-1,1,-1,1,1,1,1,1,-1,-1,1,-1,-1,1,-1,1,1,1,1,1,1,1,1,1,1,1,1,1,1,1,1,-1,1,1,1,-1,1,-1,1,1,-1,1,1,1,1,1,-1,1,-1,1,1,1,1,1,1,1,-1,1,-1,1,1,1,1,1,1,1,1,1,-1,1,-1,1,1,1,1,-1,1,-1,1,1,1,1,1,1,1,1,1,-1,-1,1,1,-1,1,1,-1,1,1,1,1,1,1,1,-1,1,1,1,1,1,1
-sgn(κ_h(PAR)),0,-1,-1,-1,-1,-1,-1,-1,-1,-1,-1,-1,1,-1,-1,-1,-1,-1,-1,-1,-1,-1,-1,-1,-1,-1,-1,-1,-1,-1,-1,-1,-1,-1,-1,-1,-1,-1,-1,-1,-1,-1,-1,-1,-1,-1,1,-1,-1,-1,-1,-1,-1,1,-1,-1,-1,-1,-1,-1,-1,-1,-1,-1,-1,-1,-1,-1,-1,-1,-1,-1,-1,1,-1,1,-1,-1,-1,-1,1,-1,-1,-1,-1,-1,-1,-1,-1,-1,-1,1,-1,-1,-1,-1,-1,-1,-1,-1,-1,-1,-1,-1,-1,-1,-1,-1,-1,1,-1,-1,1,-1,-1,-1,1,-1,-1,-1,1,-1,-1,-1,-1,-1,1,-1,-1,-1,-1,-1,-1,-1,-1,-1,-1,-1,-1,-1,-1,-1,-1,-1,-1,-1,-1,-1,-1,-1,-1,-1,1,-1,-1,-1,-1,-1,-1,1,-1,-1,-1,-1,-1,1,-1,-1,-1,-1,-1,-1,-1,-1,1,-1,-1,-1,-1,-1,-1,-1,-1,-1,-1,-1,-1,-1,-1,-1,-1,-1,1,-1,-1,1,-1,1,-1,-1,-1
-sgn(κ_h(ELN)),0,-1,1,-1,-1,-1,1,-1,-1,-1,1,-1,1,1,-1,-1,1,-1,-1,1,-1,-1,-1,-1,1,-1,-1,-1,-1,-1,-1,-1,-1,-1,-1,1,-1,-1,1,1,1,-1,-1,1,-1,-1,1,-1,-1,-1,-1,-1,1,1,1,1,-1,-1,1,-1,-1,-1,-1,-1,1,1,1,-1,1,1,-1,-1,-1,1,-1,1,-1,-1,-1,1,1,-1,1,-1,-1,1,-1,-1,-1,-1,-1,1,-1,-1,-1,-1,1,-1,-1,-1,-1,-1,-1,-1,-1,-1,-1,1,1,1,-1,-1,1,1,-1,-1,1,-1,1,1,1,-1,1,-1,1,1,1,-1,1,-1,-1,-1,-1,1,-1,-1,-1,-1,-1,-1,-1,-1,-1,-1,-1,-1,-1,-1,-1,-1,-1,1,1,-1,-1,1,1,-1,1,1,-1,-1,-1,-1,1,1,1,-1,-1,-1,1,1,1,-1,1,1,-1,1,-1,-1,-1,-1,1,-1,1,1,-1,-1,-1,-1,1,-1,1,-1,-1,1,1,1,1,1,-1
-sgn(κ_h(FARC)),0,-1,-1,-1,-1,-1,-1,-1,-1,-1,-1,-1,1,-1,-1,-1,-1,-1,-1,-1,-1,-1,-1,-1,-1,-1,-1,-1,-1,-1,-1,-1,-1,-1,-1,-1,-1,-1,-1,-1,-1,-1,-1,-1,-1,-1,1,-1,-1,-1,-1,-1,-1,1,-1,-1,-1,-1,-1,-1,-1,-1,-1,-1,-1,-1,-1,-1,-1,-1,-1,-1,-1,1,-1,1,-1,-1,-1,-1,1,-1,-1,-1,-1,-1,-1,-1,-1,-1,-1,1,-1,-1,-1,-1,-1,-1,-1,-1,-1,-1,-1,-1,-1,-1,-1,-1,-1,1,-1,-1,1,-1,-1,-1,1,-1,-1,-1,1,-1,-1,-1,-1,-1,1,-1,-1,-1,-1,-1,-1,-1,-1,-1,-1,-1,-1,-1,-1,-1,-1,-1,-1,-1,-1,-1,-1,-1,-1,-1,1,-1,-1,-1,-1,-1,-1,1,-1,-1,-1,-1,-1,1,-1,-1,-1,-1,-1,-1,-1,-1,1,-1,-1,-1,-1,-1,-1,-1,-1,-1,-1,-1,-1,-1,-1,-1,-1,-1,1,-1,-1,1,-1,1,-1,-1,-1
m outcome,Continue Captivity (cont),Continue Captivity (cont),Continue Captivity (cont),Continue Captivity (cont),Continue Captivity (cont),Continue Captivity (cont),Continue Captivity (cont),Continue Captivity (cont),Continue Captivity (cont),Continue Captivity (cont),Continue Captivity (cont),Continue Captivity (cont),Continue Captivity (cont),Continue Captivity (cont),Continue Captivity (cont),Continue Captivity (cont),Continue Captivity (cont),Continue Captivity (cont),Continue Captivity (cont),Continue Captivity (cont),Continue Captivity (cont),Continue Captivity (cont),Continue Captivity (cont),Continue Captivity (cont),Continue Captivity (cont),Continue Captivity (cont),Continue Captivity (cont),Continue Captivity (cont),Continue Captivity (cont),Continue Captivity (cont),Continue Captivity (cont),Continue Captivity (cont),Continue Captivity (cont),Continue Captivity (cont),Continue Captivity (cont),Continue Captivity (cont),Continue Captivity (cont),Continue Captivity (cont),Continue Captivity (cont),Continue Captivity (cont),Continue Captivity (cont),Continue Captivity (cont),Continue Captivity (cont),Ransom Paid (j=1),Continue Captivity (cont),Continue Captivity (cont),Continue Captivity (cont),Continue Captivity (cont),Continue Captivity (cont),Continue Captivity (cont),Continue Captivity (cont),Ransom Paid (j=1),Continue Captivity (cont),Continue Captivity (cont),Continue Captivity (cont),Continue Captivity (cont),Continue Captivity (cont),Continue Captivity (cont),Ransom Paid (j=1),Continue Captivity (cont),Continue Captivity (cont),Continue Captivity (cont),Continue Captivity (cont),Continue Captivity (cont),Victim Deceased (j=2),Continue Captivity (cont),Continue Captivity (cont),Continue Captivity (cont),Ransom Paid (j=1),Continue Captivity (cont),Continue Captivity (cont),Continue Captivity (cont),Continue Captivity (cont),Continue Captivity (cont),Continue Captivity (cont),Continue Captivity (cont),Continue Captivity (cont),Continue Captivity (cont),Continue Captivity (cont),Continue Captivity (cont),Continue Captivity (cont),Continue Captivity (cont),Continue Captivity (cont),Continue Captivity (cont),Continue Captivity (cont),Continue Captivity (cont),Continue Captivity (cont),Continue Captivity (cont),Ransom Paid (j=1),Continue Captivity (cont),Continue Captivity (cont),Continue Captivity (cont),Continue Captivity (cont),Continue Captivity (cont),Continue Captivity (cont),Continue Captivity (cont),Continue Captivity (cont),Continue Captivity (cont),Continue Captivity (cont),Continue Captivity (cont),Continue Captivity (cont),Continue Captivity (cont),Continue Captivity (cont),Continue Captivity (cont),Continue Captivity (cont),Continue Captivity (cont),Continue Captivity (cont),Continue Captivity (cont),Continue Captivity (cont),Continue Captivity (cont),Continue Captivity (cont),Continue Captivity (cont),Continue Captivity (cont),Continue Captivity (cont),Continue Captivity (cont),Continue Captivity (cont),Continue Captivity (cont),Continue Captivity (cont),Continue Captivity (cont),Continue Captivity (cont),Continue Captivity (cont),Continue Captivity (cont),Ransom Paid (j=1),Continue Captivity (cont),Continue Captivity (cont),Continue Captivity (cont),Continue Captivity (cont),Continue Captivity (cont),Continue Captivity (cont),Continue Captivity (cont),Continue Captivity (cont),Continue Captivity (cont),Continue Captivity (cont),Continue Captivity (cont),Continue Captivity (cont),Continue Captivity (cont),Continue Captivity (cont),Tactical Rescue (j=3),Continue Captivity (cont),Continue Captivity (cont),Continue Captivity (cont),Continue Captivity (cont),Continue Captivity (cont),Continue Captivity (cont),Continue Captivity (cont),Continue Captivity (cont),Continue Captivity (cont),Continue Captivity (cont),Continue Captivity (cont),Continue Captivity (cont),Continue Captivity (cont),Continue Captivity (cont),Continue Captivity (cont),Continue Captivity (cont),Continue Captivity (cont),Continue Captivity (cont),Continue Captivity (cont),Continue Captivity (cont),Continue Captivity (cont),Continue Captivity (cont),Continue Captivity (cont),Continue Captivity (cont),Continue Captivity (cont),Continue Captivity (cont),Continue Captivity (cont),Continue Captivity (cont),Continue Captivity (cont),Continue Captivity (cont),Continue Captivity (cont),Continue Captivity (cont),Continue Captivity (cont),Continue Captivity (cont),Continue Captivity (cont),Continue Captivity (cont),Continue Captivity (cont),Continue Captivity (cont),Continue Captivity (cont),Continue Captivity (cont),Continue Captivity (cont),Continue Captivity (cont),Continue Captivity (cont),Continue Captivity (cont),Continue Captivity (cont),Continue Captivity (cont),Continue Captivity (cont),Continue Captivity (cont),Continue Captivity (cont),Continue Captivity (cont),Continue Captivity (cont),Continue Captivity (cont),Continue Captivity (cont),Continue Captivity (cont),Continue Captivity (cont),Continue Captivity (cont),Continue Captivity (cont),Continue Captivity (cont),Continue Captivity (cont),Continue Captivity (cont),Continue Captivity (cont),Continue Captivity (cont),Continue Captivity (cont)
v (m draw),0.10610738867452196,0.4475400708707409,0.139138153939255,0.1312997729412485,0.26068530063070083,0.6885311861827208,0.6035781589593009,0.39643115513859173,0.7314116224497046,0.12911127775113984,0.16932729451398543,0.9877611384251583,0.6576879107111477,0.9577096947747594,0.4290466716115736,0.8817954316518953,0.5809251817813582,0.1152716116075605,0.722454343170277,0.21449282561357763,0.1762671508060688,0.674064847299627,0.588522378377617,0.24222641676748669,0.32044774459097736,0.7651792717893148,0.4077125889994557,0.5520634530079181,0.8359603338524904,0.8105358378977837,0.5750221876949954,0.16714993890736562,0.7415649069456712,0.7567387715811352,0.283925927574482,0.8500866439457363,0.7240307407063236,0.6702002743708724,0.004326723185840153,0.16012879310765316,0.8557202717522967,0.6615371160079212,0.184815928430494,0.9484510356614809,0.8927693413572393,0.7826579673712084,0.7823989112860612,0.3931470825098705,0.25007053830188153,0.7364620024230267,0.1801876236594372,0.9718878990939505,0.8286649827466249,0.38569839534457273,0.2115850326225982,0.23008783045734127,0.7715608780730933,0.09545916774423158,0.9557149236096517,0.5636420286488254,0.620789888552512,0.20120086466963727,0.07648378105062925,0.6771660553706662,0.995313540457341,0.030662879833862844,0.29695396829598,0.04043039558058059,0.9897238027870983,0.6206295360651468,0.32784091179918395,0.038537028400882134,0.08366636836285846,0.891123348564677,0.8797141937571333,0.9229279197067775,0.09499686606252167,0.4856358274061138,0.2902431927690051,0.0700145284598016,0.9279620527444652,0.3640332544737722,0.21531622667325823,0.12715372446525808,0.4327483091837524,0.1979454878669118,0.08225300622599041,0.5972857098485204,0.9916347555227553,0.5882580127948711,0.622755981706909,0.479486743533606,0.5461378829560614,0.39757878315304596,0.1406028704055272,0.5986312107101138,0.6076531285857312,0.18686885514663565,0.7905791947923729,0.8540857296694429,0.7745424300420598,0.35062306426051404,0.31921008673691575,0.5647375120860435,0.517427204174826,0.38444290153397975,0.06776800103200475,0.49172342813475345,0.35006733633567555,0.3137253394238575,0.38256880408857563,0.5747632026972209,0.10696586730638502,0.5082072472267656,0.5189702600699161,0.17748302654380366,0.1309923771451431,0.5571871705040863,0.5567165134796794,0.25978346664018914,0.5679269263343892,0.16961851339420286,0.9461401657569078,0.6081063022866433,0.6066052743249271,0.018408813879751684,0.35871527870328346,0.8967182528906972,0.2785539037025867,0.11324161322572057,0.5568971099753359,0.3460909848461947,0.5191181759882207,0.4327649270492334,0.6880549145310536,0.40701167624195345,0.032845757907136064,0.998868301754002,0.23938515941789462,0.8793798551089796,0.780720950286579,0.7123703310825071,0.36195213577559004,0.3549215420645979,0.714757836723714,0.0486721575762481,0.47168691405750307,0.039158791396563974,0.6484293017476146,0.8619452725425453,0.12295336382260136,0.43396742988552317,0.26179680956964146,0.09131750664380711,0.6643067098641888,0.2771487401318762,0.5589855159990557,0.7136827931789319,0.3397843390420382,0.18638844262188836,0.32380018908595753,0.12444997266397317,0.7821090841058066,0.18420876517989093,0.12259572652408057,0.2866507956035441,0.521341816242513,0.6418316151532124,0.08134870627957469,0.06835085333031499,0.8396523940839566,0.7209007831459696,0.469428973673811,0.6162749341112983,0.19978852376776823,0.8465558954165238,0.9147218103456535,0.15300771844165806,0.3701860991221769,0.6570522463946628,0.6523213246757283,0.32063224974034243,0.4731133515535144,0.1461795467825795,0.902666375020313,0.8957402502695211,0.4518154626788998,0.7173029001862113,0.1917548854115393,0.14434027635664304,0.3818293826735685,0.44945653230784466,0.83683361938028,0.27145376285133427,0.7610437467761629,0.6949698683949856,0.026069435410363107,0.3716860346618016,0.44325654613078547,0.6290364231344957,0.1730309968641236
closes episode,False,False,False,False,False,False,False,False,False,False,False,False,False,False,False,False,False,False,False,False,False,False,False,False,False,False,False,False,False,False,False,False,False,False,False,False,False,False,False,False,False,False,False,True,False,False,False,False,False,False,False,True,False,False,False,False,False,False,True,False,False,False,False,False,True,False,False,False,True,False,False,False,False,False,False,False,False,False,False,False,False,False,False,False,False,False,False,False,True,False,False,False,False,False,False,False,False,False,False,False,False,False,False,False,False,False,False,False,False,False,False,False,False,False,False,False,False,False,False,False,False,False,True,False,False,False,False,False,False,False,False,False,False,False,False,False,False,True,False,False,False,False,False,False,False,False,False,False,False,False,False,False,False,False,False,False,False,False,False,False,False,False,False,False,False,False,False,False,False,False,False,False,False,False,False,False,False,False,False,False,False,False,False,False,False,False,False,False,False,False,False,False,False,False,False,False,False,False,False,False,False
μ_DC,0.15,0.1304808742655979,0.25,0.19177679248751517,0.25,0.25,0.25,0.19267030550518155,0.30136661675682475,0.23899194379385896,0.1841865360651603,0.1386318085023879,0.10177581756140609,0.07333899561399676,0.05201628202341863,0.03624042939101423,0.06839879465007986,0.12086217444452078,0.0891752800997021,0.15102710461189628,0.23536822135957558,0.33390975715866333,0.43572892195212354,0.3688142616669883,0.3038474126964042,0.39786586897635606,0.49084039672302704,0.5773769397635395,0.5134749389700042,0.447919594842763,0.3820282887447461,0.31836314772127794,0.2590653754100614,0.33626004587490144,0.2765819535002189,0.2223337049545496,0.290911180033812,0.36480574268918864,0.4406459747602434,0.378025545322196,0.3178899335574514,0.26193913790934814,0.32697664211535205,0.397027921372185,0.701812174908395,0.7735811197999182,0.8289852759245911,0.7894359535307742,0.7434978464765054,0.8037128159103508,0.8503711017275872,0.8859496344832655,0.9653673147888688,0.9550373517841269,0.9689959157675815,0.9599562115907276,0.9720012504939084,0.9800741566620076,0.9745412069472501,0.9907366416620127,0.9875120778131935,0.9921032059555682,0.9894296739195718,0.9931898368212065,0.995479513415564,0.974608637552286,0.9676913740228202,0.9765428054946836,0.9702504198997478,0.9951045335222499,0.9935779093204593,0.9915409895391316,0.9888130136378522,0.9925719202038598,0.9902435100711633,0.987135746117214,0.9829749582460032,0.9887337352538612,0.985189777324546,0.9804627458984287,0.9741446207542972,0.965691587887725,0.9543882991711348,0.9704035264903511,0.9803072204589313,0.9741929559493104,0.982541568012649,0.9772595047518496,0.9703000854353777,0.9935726784199171,0.9912182861011238,0.9946304868697423,0.9966168238062322,0.9978007951757092,0.9985266997200501,0.99898573564294,0.9986848284979025,0.9982881932012343,0.998815073195089,0.999161270135875,0.9989235368676718,0.9986142948192511,0.999014909342226,0.9987377118387727,0.9983779377029999,0.9988421191173832,0.9991599818863119,0.9993829647047354,0.9995425234692549,0.9996585004627471,0.9995699935835761,0.9994580929452068,0.9995949762657549,0.9994902323898612,0.9993579014028374,0.9995195394246553,0.9993955395110254,0.9995464465222833,0.9994299478062886,0.9992831082584617,0.9990978491285714,0.9988638674807664,0.998567994889906,0.9998006163570753,0.9997451432155078,0.9998157155086297,0.9997652897749031,0.9997003930382549,0.9997826681720173,0.999723518161768,0.999797832848404,0.9997435486219436,0.9998112123726018,0.9997610971991749,0.9998231388789492,0.9998681190901115,0.9998338705784151,0.9998757009355969,0.9995534360049971,0.9994396150038798,0.9995770337581513,0.9994694918684689,0.9993344162839932,0.9994973983498439,0.9996198549822147,0.9995235473523633,0.9996393615939524,0.9995481140525211,0.9994336986937907,0.9992901995696585,0.9994628147951361,0.9993268795704805,0.9994902468882176,0.9996136670404397,0.9995161350388694,0.9993939350006554,0.9995405990242104,0.9994246593980952,0.9992794144614798,0.9994537058830795,0.9993158829921721,0.9991432456779001,0.9993503735751623,0.9991865367143047,0.998981341317626,0.999227494959903,0.9990327355727335,0.9987888452336446,0.9990813773065207,0.9988498634827114,0.998559989141472,0.9981970473980307,0.998632436854579,0.998962366872062,0.9992125354593371,0.9990142569787966,0.9987660711729145,0.9990634748568987,0.9992891159423193,0.9991101765322047,0.9988862202277656,0.9991545047098784,0.9989417295881943,0.9991965907563518,0.9989944239154058,0.9987414271553423,0.9984248473608841,0.9980287480739785,0.9985032607830738,0.9981269060894777,0.9985777140566806,0.9982200955427127,0.9986484212417568,0.9983085880912254,0.9978834616789033,0.998392635777525,0.9979886323215984,0.9974833089085392,0.9980885294785141,0.9985483208340324,0.9988975837054488
μ_PAR,0.35,0.34048563222584494,0.25,0.2367354291382649,0.25,0.25,0.25,0.23712196051475726,0.277591632242187,0.2704292194015971,0.25671859347296866,0.2380940450239461,0.21597727041726086,0.19238017447703995,0.16874335680285593,0.1458010104487256,0.20709647976206466,0.2746296642467606,0.2503111035790459,0.31784672014182297,0.37004763121686685,0.3938228626110212,0.38770212822188727,0.40944628337604067,0.42261153201960927,0.42099438449915616,0.39523915493022155,0.35383771707926875,0.3955787425991833,0.4341290036988151,0.4673749698033827,0.49286369129363206,0.5084781756971403,0.5076238034034302,0.5294702435519387,0.5407569152736127,0.5466375107297695,0.5283533257435483,0.4913783023838119,0.5344489477639396,0.5710063163661858,0.5990549079462617,0.5800841440256401,0.543128971635557,0.20402926220625897,0.1713127078554637,0.1396985312393334,0.16714561902642028,0.1973374507347909,0.16236219097319102,0.13061617574538226,0.10352992836110167,0.02357416378975945,0.0291931474245648,0.022506503595740343,0.027909648430731314,0.021473126811871964,0.01643830441907964,0.02046044832346354,0.004337523950923272,0.00541181489400591,0.004127879268846317,0.005153139765906439,0.003927252940405421,0.0029885363983572144,0.02140094899430776,0.02659846062237701,0.020395597852216448,0.025365641598202596,0.003290426533178596,0.004112465596672576,0.005137216633837291,0.006412808014349766,0.00488726249624995,0.006103269433678273,0.007615777962646259,0.009492851913620762,0.007249419311337925,0.00904191920006257,0.011263897211886366,0.014008701318076478,0.01738320069772442,0.02150469361062651,0.01660084272956777,0.012732379850863115,0.015838324155848123,0.012127877209997402,0.015099432268679405,0.018766083393783526,0.002430461210367458,0.003035115453523168,0.002312263339247704,0.0017590304478755701,0.0013370837308862608,0.001015883851629073,0.0007716374159267444,0.000965604542849547,0.001208213376693317,0.0009177880712321743,0.0006970477481277159,0.0008723204228088189,0.0010915871879540926,0.0008290910689534565,0.001037525007087161,0.0012982518692786942,0.0009861215386645903,0.0007489248564172501,0.0005687282114223285,0.00043186073594023,0.00032791684352092654,0.0004104328648276789,0.0005137009449040297,0.00039006722120087193,0.0004882146451662259,0.0006110407249155093,0.000463991484608487,0.0005807282933289872,0.0004409691164010145,0.0005519178126530842,0.0006907604362440219,0.0008644975959980128,0.001081879586423779,0.0013538393168957329,0.00017144481739660887,0.00021459377577201955,0.00016293612860970898,0.00020394466355774218,0.00025527072462389516,0.00019382347165053208,0.0002426037615485624,0.00018420415771265057,0.00023056464067809385,0.00017506193051977013,0.00021912241262099088,0.00016637319892444103,0.00012632011744622296,0.00015811552035596634,0.00012005003390400506,0.0004388399106069601,0.0005492543665159886,0.0004170641341237683,0.0005220029696918311,0.0006533277919430357,0.0004961026794909195,0.0003766989368389065,0.0004714866580148573,0.00035800520621655257,0.0004480913444334399,0.0005608331764416194,0.000701920930905569,0.0005330068883658602,0.0006670994875858376,0.0005065603749462665,0.0003846400083564741,0.0004814253295807232,0.0006025494490290213,0.00045753680911280055,0.0005726542893679925,0.0007167146060444856,0.0005442414474156362,0.0006811591226277431,0.0008524921747717131,0.0006473662284675312,0.0008102064402895863,0.0010139659031405477,0.0007700163844033773,0.0009636784929041182,0.0012059880041182644,0.0009158825497064726,0.0011461883560756477,0.0014343224471017324,0.0017947574823500916,0.0013632163182033393,0.0010353277425806657,0.0007862419531096984,0.0009839813860876758,0.0012313906014292193,0.0009351790124154795,0.0007101701977697724,0.0008887948420376638,0.00111229765618202,0.0008447092829049787,0.0010571378648561267,0.0008028086306919102,0.0010047106604777745,0.0012573259172527313,0.001573356145565727,0.0019686638590561763,0.001495366409438389,0.0018711161755601594,0.0014212369036982531,0.0017783931300586159,0.0013507771309194505,0.0016902570021418266,0.0021148745864160664,0.0016064816846917062,0.0020100962857138535,0.002514859696864682,0.00191049895382754,0.0014511638177661906,0.0011021429689351586
μ_ELN,0.35,0.36681520606441326,0.25,0.2759534796764884,0.25,0.25,0.25,0.27548339351251305,0.22771721206426687,0.25714790786888747,0.2835318428118822,0.30539531361308586,0.3223843991196754,0.3341388731485499,0.34098730422462825,0.3434869724916255,0.34494805308404913,0.3222864770648977,0.3404068066941751,0.3037548736119312,0.24736259901927668,0.18468782267686817,0.1280515577326126,0.15733579466465725,0.1895423732373125,0.13360522287787466,0.08859701406635093,0.05593424325426449,0.07278158006945297,0.09277284478695544,0.11622851927191234,0.14271826828102932,0.17188151060720605,0.1214746947504461,0.14788346893033189,0.17673378755668784,0.12731616543650062,0.08732345980274969,0.05756073411434814,0.0730837254434752,0.09136814222473477,0.11243506772669286,0.07797783327658009,0.05179237852015785,0.09166460956496929,0.053923780316504,0.030772618200374916,0.04259983959443431,0.05795401892073828,0.03336342935412088,0.018758434157587954,0.01040680705502092,0.011037604863841203,0.01573710293895367,0.008483521255790397,0.012112333079197315,0.006516178656672667,0.0034834757466219784,0.004992019085186453,0.004924752718536151,0.007074419276523939,0.003768191162375952,0.005416056433250464,0.002882426293881129,0.00153174321434211,0.003990200800631836,0.005709834775306977,0.0030614539679706117,0.004383716544708621,0.0016050295093186803,0.0023096087698453067,0.003321768338697995,0.004774138551453585,0.0025408002545211856,0.003653193870461277,0.005248434365665146,0.0075321250543087465,0.0040168176290942765,0.005768260097071842,0.008273289299727857,0.011846572786468303,0.01692504822737976,0.02410675471269554,0.012995521229775077,0.006960352468806364,0.009968646423176752,0.005330523158854697,0.00764101374169127,0.010933754630060475,0.003996856776899005,0.005746592833543124,0.0030572473882477026,0.0016241447186031645,0.0008621206545468308,0.0004574162409271955,0.00024262686113692256,0.00034956683403835535,0.0005035932261144418,0.0002671386500208566,0.00014168208028871067,0.0002041426536251192,0.0002941179053100003,0.00015599955147634355,0.0002247630956881724,0.00032381033623833004,0.00017175930489877803,9.109324060179855e-05,4.830707672806424e-05,2.56157917687948e-05,1.3582692436471454e-05,1.9573549567850287e-05,2.820610671386928e-05,1.4956511689173192e-05,2.1552962851168536e-05,3.105786892623237e-05,1.6469089319102635e-05,2.37321934269035e-05,1.2584360368892906e-05,1.8134379576190997e-05,2.613130297404312e-05,3.765327179845597e-05,5.4252927124427464e-05,7.816578429939994e-05,2.7938825119695448e-05,4.026300808077152e-05,2.1348362487942995e-05,3.076556111208459e-05,4.4336236452392494e-05,2.350835604671352e-05,3.387807623648183e-05,1.7962993692759267e-05,2.5886737079804404e-05,1.372569675095266e-05,1.9780388004669467e-05,1.0487922041210406e-05,5.560792405867634e-06,8.01390117211757e-06,4.249030474930503e-06,7.724084166069123e-06,1.113062924430672e-05,5.902107571416327e-06,8.505161598992889e-06,1.2255923687330518e-05,6.498970504548705e-06,3.4460808776808636e-06,4.965989514632372e-06,2.6331997853336493e-06,3.7946029738832726e-06,5.468129655277371e-06,7.879499260146739e-06,4.178316423066865e-06,6.020941816251013e-06,3.1927367860948996e-06,1.6929511825202674e-06,2.439631516524996e-06,3.5155502630700987e-06,1.8641666541749197e-06,2.68631250196899e-06,3.870932420928645e-06,2.0526694817435657e-06,2.957885163608063e-06,4.262147270951989e-06,2.2601963458962042e-06,3.2568453672681336e-06,4.692779173594156e-06,2.4886556679056965e-06,3.5859343224340447e-06,5.166762174352633e-06,2.7401437459967985e-06,3.948161171111299e-06,5.688411360693312e-06,8.195119516595981e-06,4.3468271738213685e-06,2.305385338690476e-06,1.222587545179867e-06,1.7616351031973457e-06,2.538225637012431e-06,1.3461306774741086e-06,7.138599074852868e-07,1.0286257520475677e-06,1.4821160436598804e-06,7.860072129111387e-07,1.1325469437884438e-06,6.006129537265845e-07,8.6542411240247e-07,1.2469273988446197e-06,1.796493540686137e-06,2.588066950417688e-06,1.3728074814534414e-06,1.9777349521486194e-06,1.0490396168606922e-06,1.5113272219345566e-06,8.016273209594942e-07,1.154906628413198e-06,1.663734673748102e-06,8.825377803015453e-07,1.271392682926865e-06,1.8313945887612097e-06,9.715676551100883e-07,5.153482000380174e-07,2.73325615427253e-07
μ_FARC,0.15000000000000002,0.16221828744414402,0.25,0.2955342986977315,0.25,0.25,0.25,0.29472434046754825,0.1933245389367214,0.23343092893565656,0.27556302764998875,0.3178788328605801,0.3598625129016576,0.4001419567604135,0.4382530569490971,0.47447158766863473,0.37955667250380626,0.28222168424382094,0.32010680962707694,0.2273713016343495,0.1472215484042809,0.08757955755344739,0.048517392093376625,0.06440366029231398,0.08399868204667411,0.047534523646613175,0.025323434280400514,0.012851099902927189,0.018164738361359515,0.02517855667146656,0.034368222179958836,0.04605489270406053,0.060574938285592315,0.03464145597122224,0.04606433401751053,0.060175592215149946,0.03513514379991784,0.01951747176451328,0.010414988741596505,0.01444178147038921,0.01973560785162814,0.026570886417697302,0.014961380582427679,0.008050728472100187,0.002493953320376628,0.0011823920281142503,0.0005435746357005306,0.00081858784837133,0.0012106838679656385,0.0005615637623373227,0.00025428836944260365,0.0001136301006120215,2.0916557530494612e-05,3.239785235467335e-05,1.4059380887740756e-05,2.1806899343884406e-05,9.444037547179873e-06,4.063172290808697e-06,6.325644099861357e-06,1.0816685279330869e-06,1.6880162767593762e-06,7.236132094481079e-07,1.1298812714056387e-06,4.839445070724545e-07,2.0697173678511085e-07,2.126527744803958e-07,3.305794956240184e-07,1.4268512935546606e-07,2.219573410563732e-07,1.0435252802260302e-08,1.6313022776591668e-08,2.5488333057623674e-08,3.979634436666787e-08,1.7045369137588114e-08,2.6624697144130297e-08,4.1554474645630266e-08,6.478606717810441e-08,2.7805706509486744e-08,4.337831963121398e-08,6.758995698099622e-08,1.0514115794319529e-07,1.6318717075748785e-07,2.5250554319780946e-07,1.0955030614902834e-07,4.722139906255327e-08,7.34716645691404e-08,3.1618498800579694e-08,4.923777984401985e-08,7.654077836466801e-08,3.592816537233008e-09,5.611809907018445e-09,2.402762427109974e-09,1.027289143823214e-09,4.388577268802018e-10,1.8739370800422313e-10,7.999632368362106e-11,1.2520954574042634e-10,1.9595807655713974e-10,8.365805053613899e-11,3.570866902607559e-11,5.589443408635196e-11,8.74847472408262e-11,3.734409608077157e-11,5.84520405109495e-11,9.148322132659987e-11,3.905339012756297e-11,1.6669107336676362e-11,7.114177113466769e-12,3.0360535334775227e-12,1.2956128075377778e-12,2.028313238589421e-12,3.1752991669396495e-12,1.3550631791610946e-12,2.121349761796708e-12,3.320878767778725e-12,1.4172245884063596e-12,2.21862060727044e-12,9.468126123835787e-13,1.4822165544647039e-12,2.32031043120518e-12,3.6321503365892833e-12,5.685391042628506e-12,8.898768842581503e-12,4.0842684445508974e-13,6.394232557906869e-13,2.7285662472908026e-13,4.2717993368955345e-13,6.687763363018118e-13,2.85385601430989e-13,4.467911979153385e-13,1.9065680460144249e-13,2.9848806794073945e-13,1.273713601798876e-13,1.994106103857196e-13,8.509237238065567e-14,3.630994481245886e-14,5.684718427621657e-14,2.4257304886556613e-14,2.298731533053045e-13,3.598628724916354e-13,1.5357204624375738e-13,2.40416178445941e-13,3.7635980727704496e-13,1.606162493552924e-13,6.854221029710705e-14,1.0730365295453156e-13,4.579101231323691e-14,7.168674246079716e-14,1.1222442174466179e-13,1.7568037964587112e-13,7.497451983663246e-14,1.173688547925387e-13,5.008864435790584e-14,2.1375108191677057e-14,3.346294743555609e-14,5.238528814936786e-14,2.235571094429547e-14,3.4997446093506487e-14,5.478623788976586e-14,2.3380976203763594e-14,3.660167774168652e-14,5.729598703229083e-14,2.4452859181129556e-14,3.827865653633528e-14,5.991916265794862e-14,2.5573381289010125e-14,4.003148887255308e-14,6.266051396993656e-14,2.6744627444913018e-14,4.186336641119848e-14,6.552489601912397e-14,1.0255260733120465e-13,4.377755608898416e-14,1.8685743871814672e-14,7.97507097618238e-15,1.2483794610968105e-14,1.954055771816817e-14,8.340300054116333e-15,3.559550591647218e-15,5.572058160803762e-15,8.722008910903994e-15,3.722618865502229e-15,5.827124866622181e-15,2.4870271799880198e-15,3.893058213048683e-15,6.093672978988441e-15,9.537613199369142e-15,1.4926762467266887e-14,6.3721718139020035e-15,9.972912261089292e-15,4.257292836076147e-15,6.663098121699258e-15,2.8443166212235235e-15,4.451725448890421e-15,6.966933026314552e-15,2.9742577289928675e-15,4.654800474957577e-15,7.284158016387756e-15,3.1099843588970546e-15,1.3276195688596806e-15,5.666839876170754e-16
α_R^μ,0.3815,0.3898127356788505,0.5575,0.4395665253278749,0.3825,0.3825,0.3825,0.4060433507069917,0.3568336204128921,0.38029241451042645,0.4029078560471895,0.42373928200148403,0.4477532540843062,0.46881919013371276,0.4846103810990686,0.49637628510469745,0.47824835466284854,0.4643577219884858,0.48676396312944664,0.49336652991028773,0.5027424949778506,0.5201534282099045,0.5488480310577996,0.5469521860945994,0.5453155426435934,0.5677273728808525,0.5948131019006629,0.6268978448864657,0.6155726218375311,0.5980506181845442,0.5828703525757885,0.5647434211843313,0.5510782256389299,0.5608026328721075,0.5447151681908837,0.5335089223984758,0.5393147985461207,0.555248488449573,0.5790697829342091,0.5539885187529977,0.5319569240095997,0.5139801658540828,0.5289657116108941,0.5520275469880453,0.7345925400670736,0.7544875268149148,0.7728828328154591,0.7573985409054349,0.7402252978515051,0.7605102388285631,0.7784632284135591,0.7935439545060949,0.8367126330053799,0.8334404218021751,0.8374186565564798,0.8343175033996161,0.8380762471389933,0.8409480854015702,0.8387001122836043,0.8474112181967575,0.8467234601091788,0.8475823474972696,0.8469462079356175,0.8477350362719154,0.8483095493715184,0.8382439222133208,0.835351253574482,0.838833267363271,0.8360833100008265,0.8481429154834519,0.8476637838979185,0.8470598079738263,0.8462983663976288,0.847233833807503,0.8465215678898694,0.8456250473777244,0.8444972368695518,0.845884465460939,0.8448289393487496,0.843503813467206,0.8418429453122142,0.8397667767831954,0.8371820620631857,0.8403857403814652,0.8427764849795297,0.8409488535320502,0.8431844119278489,0.8414642430860059,0.8393196073352516,0.8484877071734245,0.8480737065543498,0.8485985148026757,0.8489689160551218,0.8492348686384911,0.8494285518593517,0.8495711844315436,0.8494610951726048,0.8493223850643308,0.8494910374872826,0.8496165101027123,0.8495187398244695,0.8493958370004933,0.8495444908354818,0.849428498326191,0.8492827534499919,0.8494589063937222,0.8495910259111706,0.8496904714101458,0.8497655144122144,0.84982224576954,0.8497773875749872,0.8497211911835906,0.8497886158746147,0.849735286442916,0.8496684851142359,0.849748621143477,0.8496852201113542,0.8497612474588788,0.8497010576618031,0.8496256827986763,0.8495312886336267,0.8494130723754967,0.8492650184773476,0.8499060228572436,0.8498821062105129,0.8499109470723556,0.8498883316035122,0.8498599369967066,0.8498941599074322,0.8498673000648355,0.849899631605101,0.8498742007571021,0.8499047802726486,0.8498806848777326,0.8499096340764566,0.8499315090969491,0.8499142169239344,0.8499349605301619,0.8497626402440043,0.8497028461105254,0.8497744902621547,0.8497176931382241,0.8496465901960685,0.849731779604508,0.8497964102700452,0.8497451489051683,0.8498065455286418,0.8497578409438387,0.8496968766782094,0.8496205687223022,0.8497119673644418,0.8496394652295823,0.8497262977606767,0.849792209747923,0.849739908340442,0.8496744475199974,0.8497528369147405,0.8496906323681073,0.8496127805661007,0.8497060069849155,0.8496320261795134,0.8495394411182449,0.8496503092268041,0.849562325679965,0.8494522237733297,0.849584066719632,0.8494794343171054,0.849348508139651,0.849505286415964,0.8493808608796497,0.84922518145798,0.8490304212035285,0.8492636458468,0.8494408077497346,0.8495753682159414,0.8494685619697542,0.8493349221639415,0.8494949360267595,0.849616472400208,0.8495199993540107,0.8493992851598572,0.8495438176868698,0.849429088925629,0.8495664533087779,0.8494574129721353,0.8493209816583119,0.849150297856715,0.8489367921127582,0.8491924334985276,0.8489894983784473,0.8492324796200209,0.8490395921434054,0.8492705402679367,0.8490872034735109,0.8488578845365999,0.8491324557633767,0.848914484436079,0.8486418841939617,0.8489682819865495,0.8492163457709959,0.849404829130494
γ_R^μ,0.435,0.44321759200110894,0.595,0.49469341441602244,0.435,0.435,0.435,0.4584145703121394,0.40960953673531403,0.43299670670444246,0.4554750419819192,0.4761202224517235,0.4948242359104085,0.5141424822732235,0.527455046723116,0.5387741878614312,0.5118516449049477,0.47721950106426153,0.5037599052624027,0.46032349433187403,0.42555112422308855,0.3898055564518634,0.34694318524865364,0.3667316460785848,0.38540168395241264,0.343224722466386,0.33388394218088807,0.3310146937482968,0.3029379103320898,0.325381654688664,0.3359225989895065,0.35180654106562814,0.3681212082984655,0.3434911496010483,0.35869609343133485,0.3741054086617106,0.3511277516732861,0.3310276711493702,0.3136224388399163,0.32596549625189275,0.33860930115329013,0.35137547677357917,0.3343504164331423,0.3188345939040582,0.2764012943080387,0.26075293151558365,0.24949168794699544,0.2569176064407763,0.2657566899433636,0.25359831135177296,0.244764004699522,0.23838705180127798,0.22652506283586385,0.22864159700519118,0.2256724312183973,0.22746593609371743,0.2249843037548523,0.22340799064681202,0.2244195691720418,0.22198076612742498,0.22272257440559862,0.22163689742171644,0.2222357807519976,0.22136754629710173,0.22086193805575544,0.22428758587948205,0.22553156332607757,0.22388599217693886,0.22498854292888498,0.220926926330299,0.22124047105882869,0.22166747065162395,0.22225095532550956,0.22141911260221325,0.2219018639424491,0.22255946142600588,0.22345762876185468,0.22217196533495287,0.22291373632511305,0.22392340108049139,0.22529992400934423,0.22717731166466293,0.22973463386634993,0.22599896315260307,0.22378917197719475,0.22506731401573404,0.22325843611415988,0.22432800923042612,0.22576705840631078,0.22144372202030083,0.2220068497400453,0.22117229730487428,0.22070237407266566,0.22043333532068082,0.22027588504150009,0.22018125489849447,0.22023922377920582,0.22031720225985732,0.22020979568132687,0.22014281133889477,0.2201859666033758,0.22024314994937041,0.2201664835549261,0.22021631481144877,0.22028216660959912,0.22019429325952478,0.22013693391042613,0.2200983521454179,0.22007169537544377,0.22005285485403017,0.22006684978895938,0.220084670791882,0.22006254834190533,0.2200790514976357,0.2201000417347422,0.2200740453774027,0.2200935169371564,0.22006954314515742,0.2200876839550061,0.22011066951821415,0.2201398410243108,0.22017693023067503,0.22022418066303268,0.22003326020556335,0.22004306007881616,0.22003020447727786,0.22003889840121335,0.22005026139281664,0.22003542077700006,0.22004553764500373,0.22003248063203404,0.22004157411523861,0.22002996522775423,0.22003820906673818,0.22002778771882553,0.22002044943158172,0.2200258810813938,0.220019154743324,0.22006791148941246,0.2200853934250245,0.22006415318922737,0.22008059683918652,0.2201013082683451,0.22007617012402733,0.22005743528239158,0.22007206381591626,0.22005441174489376,0.2200682382444981,0.22008560137152028,0.22010741560450983,0.2200810791787206,0.22010169057747753,0.22007684609519526,0.22005815309808177,0.22007287249996066,0.22009133161594738,0.22006913384637286,0.22008662344779548,0.2201085523426833,0.2200821904378823,0.22010297249740374,0.220129024606003,0.22009771518729385,0.22012241031430865,0.22015336193587312,0.22011617439470155,0.2201455199762195,0.2201822932264311,0.2201381222212786,0.22017299425694514,0.22021668423816018,0.2202714263046651,0.2202056560910858,0.2201559216154364,0.220118266391607,0.22014807284939628,0.22018539391114464,0.22014064030714875,0.220106718271842,0.22013359695526102,0.22016724481976277,0.2201269186143848,0.2201588764674057,0.2201205834601023,0.22015094026358364,0.22018893555798819,0.22023648847509486,0.2202959983569413,0.22022467561943845,0.2202812014147753,0.22021346877625306,0.22026716702786153,0.2202028330090158,0.22025385037511286,0.22031768039632726,0.2202412105379057,0.22030185771888336,0.2203777234310717,0.2202868371663423,0.2202178137166795,0.22016539524325668
α_N^μ,0.6950000000000001,0.6980385453343553,0.7625,0.7037622642292218,0.6950000000000001,0.6950000000000001,0.6950000000000001,0.7036130884471214,0.6828740673366224,0.6915465989033012,0.6999563821676051,0.7077451180913534,0.712697134959734,0.7158651973317427,0.7214891166266667,0.725000585883516,0.7121207552483766,0.6968316288573492,0.7011557450823278,0.6846221010716445,0.6605199684747385,0.6537143590148055,0.6549459843270691,0.6670140541136954,0.6688557159747677,0.6766672677279355,0.6892654630992084,0.7039433301965317,0.7034722587005526,0.7007012915757934,0.6964450234474804,0.6883120528831072,0.6823706993542912,0.6861565740008513,0.6789532403137515,0.6741308841464204,0.6761398670721026,0.6832476818661322,0.6942280957149773,0.6825979071530529,0.6724095587483666,0.6641446171193051,0.6709621678275811,0.6816630182419785,0.7651764628666138,0.7749439283017873,0.7838118479840097,0.7764604863887155,0.7682748355273951,0.7780412212567972,0.7865803613951845,0.7936944278214871,0.8136636998645546,0.8120702851551594,0.81403318968798,0.8125367861551889,0.8143705045085126,0.8157508410750279,0.8146848276170806,0.8187185640034161,0.8183639682244611,0.8188172591195009,0.8184950050083173,0.8189028606764732,0.819191583753533,0.8144901419602314,0.8131219716186238,0.8147786338171193,0.8134832276212207,0.8191131915602176,0.8188794982712566,0.8185828235786927,0.8182058300665739,0.8186765513430346,0.8183280532892803,0.8178861156414434,0.8173254981322584,0.8180269707986594,0.8175087871934024,0.8168530900696419,0.8160239554505527,0.8149771881052434,0.813659541258503,0.8153299618953989,0.816538488105248,0.815641668695811,0.8167548078740365,0.8159194984288959,0.8148711243739052,0.8192325102107634,0.8190113570865689,0.8192996441254926,0.8194952765376496,0.8196312442147651,0.8197277323762121,0.8197973855667732,0.8197446161834135,0.8196778029150247,0.8197598674311718,0.8198200707776142,0.8197737541847994,0.81971533848155,0.8197864872484619,0.8197316282208936,0.819662484613742,0.8197465992407947,0.8198091250552716,0.8198558856636485,0.819891010184162,0.8199174774813447,0.8198966088416887,0.819870446519315,0.819901884934151,0.8198770842200672,0.8198459975038149,0.8198833433651903,0.8198538686387977,0.8198892543464281,0.8198612951715648,0.819826264638681,0.8197823694699107,0.819727359985968,0.81965841353887,0.8199560212426217,0.8199447410356954,0.819958412033332,0.8199477832116405,0.8199344088693458,0.8199506037978285,0.8199379939365364,0.8199532304408128,0.8199413233703294,0.8199556854894924,0.8199444281813125,0.8199579871833822,0.8199681975389401,0.8199601505638608,0.8199698175303036,0.8198899810589679,0.8198622411831796,0.8198954978821572,0.8198691590510988,0.8198361778150441,0.8198757143712974,0.819905687422551,0.8198819296959093,0.8199103933704517,0.8198878253797686,0.8198595729806966,0.8198242045872928,0.8198665811452471,0.8198329842904237,0.8198732321967891,0.8199037722798624,0.8198795460823421,0.8198492220157291,0.8198855412310543,0.819856728975156,0.8198206665111888,0.8198638575313656,0.8198295919039345,0.819786706470413,0.8198380680350279,0.8197973181161106,0.8197463208130444,0.8198073963576709,0.8197589369393988,0.8196982963284798,0.8197709197568218,0.8197132949845318,0.8196411918517663,0.8195509828246257,0.8196590220473596,0.8197410758489403,0.8198033906082204,0.8197539341880732,0.8196920508206164,0.8197661514016686,0.8198224288961612,0.8197777601444602,0.8197218663013124,0.8197887912389851,0.8197356702319081,0.8197992738178087,0.8197487877179159,0.8196856186435906,0.8196065891038665,0.819507730512557,0.8196261034853409,0.8195321418467113,0.8196446488124906,0.8195553412643961,0.8196622736521771,0.8195773895531991,0.8194712148040088,0.8195983442773157,0.8194974250728638,0.8193712118199998,0.8195223363988366,0.8196371884316305,0.8197244533247415
γ_N^μ,0.665,0.6680385453343552,0.7424999999999999,0.6737622642292219,0.665,0.665,0.6625,0.6712418688419739,0.6528740673366225,0.6588423067092852,0.6673891962328755,0.6699292840547437,0.6773135182643647,0.682017593842202,0.6881142494906096,0.6873398497978552,0.6679788256531354,0.651339035572414,0.6561495230107468,0.6350866994673898,0.6107708112456782,0.5954981425143124,0.5781366270215211,0.5765135978849013,0.5766326155650058,0.5625589333072726,0.5523335652815892,0.5654166952723448,0.537082585135439,0.540547355677923,0.5218799829976557,0.5226835066429816,0.525185347158658,0.5178608286538372,0.5190197661370366,0.5219144432811433,0.5140522769702681,0.5109213971190791,0.5115398864370245,0.5084927437475684,0.5065454163331953,0.5059600478294343,0.5038933995739043,0.5050888888873148,0.5443473968249158,0.5451076255622715,0.5468687810330547,0.54471875885596,0.5425312643238197,0.544559833612088,0.5469834543144556,0.5493572288892222,0.558182611807225,0.5578952106668779,0.558120239999507,0.5577810730230651,0.5580955051622933,0.5584362392920085,0.5580997408669971,0.5598677673059753,0.5599001629134577,0.5598098152037747,0.5598124480582687,0.5597698446088033,0.5597785140669452,0.5579252415645866,0.5574739073527343,0.5579708074167835,0.5575166728759287,0.5597504067122907,0.5597093038452087,0.5596674337772367,0.5596287867864749,0.5596402597000344,0.5595843679269323,0.5595296610628767,0.5594830447612134,0.5594837452806455,0.5594091736015362,0.559340111696167,0.5592883187212381,0.5592726257772425,0.5593219944085515,0.5590836102183778,0.5590866699724313,0.5589556006132288,0.5590390748707948,0.5588739407980309,0.5587011051319049,0.560012429780165,0.560068399640232,0.5599596587102748,0.5599201969351294,0.5599132693012495,0.559920271941295,0.5599321037765271,0.5599182531974507,0.5599023480837856,0.5599177430302148,0.5599332424986826,0.5599183347476292,0.5599005136758195,0.5599197199566202,0.5599016056746865,0.5598798590316386,0.5599035497879479,0.5599239947951367,0.5599408213931817,0.5599542884249259,0.5599648799358776,0.5599562225336431,0.559945467324007,0.5599581395616895,0.5599478050967496,0.5599349595715823,0.5599501137731581,0.5599377811416064,0.5599523743025638,0.5599405584474009,0.5599258455435695,0.5599075409940109,0.5598847909512449,0.5598565492813773,0.5599830967879061,0.5599792130953267,0.5599835714112683,0.5599797196763507,0.5599750237569433,0.5599803250030845,0.5599756850516331,0.5599809949522386,0.5599764499611658,0.5599817039864345,0.559977281161802,0.5599824331026739,0.5599864940425547,0.5599831682658516,0.5599870919284075,0.5599522682957594,0.5599403611637843,0.5599545360927994,0.5599431750346819,0.5599289918576009,0.5599458836332155,0.5599588043426194,0.5599484840869006,0.5599608037513082,0.5599509755743313,0.5599386911196842,0.5599233402625748,0.5599416617244406,0.5599270405223103,0.5599445018503385,0.559957808105667,0.5599472139879574,0.559933965649133,0.5599498014426667,0.5599371960700501,0.5599214323586129,0.5599402771276517,0.559925279548478,0.5599065242110927,0.5599289479286167,0.5599111052707496,0.5598887922452057,0.5599154724036163,0.5598942463811892,0.5598677029929086,0.5598994447295985,0.5598741956521202,0.5598426227196239,0.5598031503353231,0.5598503504829064,0.5598862753252927,0.5599135989662872,0.5598918853619896,0.5598647247096405,0.559897224537783,0.5599219312484396,0.5599023045711795,0.5598777510059445,0.5599071369993861,0.5598837941131528,0.5599117330935311,0.5598895424070359,0.5598617814340211,0.5598270565785372,0.5597836281401926,0.5598356057914865,0.5597943156621367,0.5598437373733671,0.5598044825486002,0.5598514706295118,0.5598141525732291,0.5597674802569226,0.5598233487923291,0.55977897840606,0.5597234936309672,0.5597899131248152,0.5598404080544199,0.5598787834062103
L_C(voice),1.0,1.0,1.0,1.0,1.0,1.0,1.0,1.0,1.0,1.0,1.0,1.0,1.0,1.0,1.0,1.0,1.0,1.0,1.0,1.0,1.0,1.0,1.0,1.0,1.0,1.0,1.0,1.0,1.0,1.0,1.0,1.0,1.0,1.0,1.0,1.0,1.0,1.0,1.0,1.0,1.0,1.0,1.0,1.0,1.0,1.0,1.0,1.0,1.0,1.0,1.0,1.0,1.0,1.0,1.0,1.0,1.0,1.0,1.0,1.0,1.0,1.0,1.0,1.0,1.0,1.0,1.0,1.0,1.0,1.0,1.0,1.0,1.0,1.0,1.0,1.0,1.0,1.0,1.0,1.0,1.0,1.0,1.0,1.0,1.0,1.0,1.0,1.0,1.0,1.0,1.0,1.0,1.0,1.0,1.0,1.0,1.0,1.0,1.0,1.0,1.0,1.0,1.0,1.0,1.0,1.0,1.0,1.0,1.0,1.0,1.0,1.0,1.0,1.0,1.0,1.0,1.0,1.0,1.0,1.0,1.0,1.0,1.0,1.0,1.0,1.0,1.0,1.0,1.0,1.0,1.0,1.0,1.0,1.0,1.0,1.0,1.0,1.0,1.0,1.0,1.0,1.0,1.0,1.0,1.0,1.0,1.0,1.0,1.0,1.0,1.0,1.0,1.0,1.0,1.0,1.0,1.0,1.0,1.0,1.0,1.0,1.0,1.0,1.0,1.0,1.0,1.0,1.0,1.0,1.0,1.0,1.0,1.0,1.0,1.0,1.0,1.0,1.0,1.0,1.0,1.0,1.0,1.0,1.0,1.0,1.0,1.0,1.0,1.0,1.0,1.0,1.0,1.0,1.0,1.0,1.0,1.0,1.0,1.0,1.0,1.0
V_τ (signal),Ignored,Ignored,Ignored,Ignored,Ignored,Ignored,Ignored,Ignored,Ignored,Ignored,Ignored,Ignored,Ignored,Ignored,Ignored,Ignored,Ignored,Ignored,Ignored,Ignored,Ignored,Ignored,Ignored,Ignored,Ignored,Ignored,Ignored,Ignored,Ignored,Ignored,Ignored,Ignored,Ignored,Ignored,Ignored,Ignored,Ignored,Ignored,Ignored,Ignored,Ignored,Ignored,Ignored,Ignored,Ignored,Ignored,Ignored,Ignored,Ignored,Ignored,Ignored,Ignored,Ignored,Ignored,Ignored,Ignored,Ignored,Ignored,Ignored,Ignored,Ignored,Ignored,Ignored,Ignored,Ignored,Ignored,Ignored,Ignored,Ignored,Ignored,Ignored,Ignored,Ignored,Ignored,Ignored,Ignored,Ignored,Ignored,Ignored,Ignored,Ignored,Ignored,Ignored,Ignored,Ignored,Ignored,Ignored,Ignored,Ignored,Ignored,Ignored,Ignored,Ignored,Ignored,Ignored,Ignored,Ignored,Ignored,Ignored,Ignored,Ignored,Ignored,Ignored,Ignored,Ignored,Ignored,Ignored,Ignored,Ignored,Ignored,Ignored,Ignored,Ignored,Ignored,Ignored,Ignored,Ignored,Ignored,Ignored,Ignored,Ignored,Ignored,Ignored,Ignored,Ignored,Ignored,Ignored,Ignored,Ignored,Ignored,Ignored,Ignored,Ignored,Ignored,Ignored,Ignored,Ignored,Ignored,Ignored,Ignored,Ignored,Ignored,Ignored,Ignored,Ignored,Ignored,Ignored,Ignored,Ignored,Ignored,Ignored,Ignored,Ignored,Ignored,Ignored,Ignored,Ignored,Ignored,Ignored,Ignored,Ignored,Ignored,Ignored,Ignored,Ignored,Ignored,Ignored,Ignored,Ignored,Ignored,Ignored,Ignored,Ignored,Ignored,Ignored,Ignored,Ignored,Ignored,Ignored,Ignored,Ignored,Ignored,Ignored,Ignored,Ignored,Ignored,Ignored,Ignored,Ignored,Ignored,Ignored,Ignored,Ignored,Ignored,Ignored,Ignored,Ignored,Ignored,Ignored,Ignored,Ignored
d (detection),False,True,False,True,False,True,False,True,False,False,False,False,False,False,False,True,True,False,True,True,True,True,False,False,True,True,True,False,False,False,False,False,True,False,False,True,True,True,False,False,False,True,True,False,True,True,False,False,True,True,True,False,False,True,False,True,True,False,False,False,True,False,True,True,False,False,True,False,True,False,False,False,True,False,False,False,True,False,False,False,False,False,True,True,False,True,False,False,True,False,True,True,True,True,True,False,False,True,True,False,False,True,False,False,True,True,True,True,True,False,False,True,False,False,True,False,True,False,False,False,False,False,True,False,True,False,False,True,False,True,False,True,False,True,True,False,True,False,False,True,False,False,True,True,False,True,False,False,False,True,False,True,True,False,False,True,False,False,True,False,False,True,False,False,True,False,False,True,False,False,False,True,True,True,False,False,True,True,False,False,True,False,True,False,False,False,False,True,False,True,False,True,False,False,True,False,False,True,True,True,False
p_det,0.14185106490048782,0.47502081252106,0.48250714233361036,0.5547792351072148,0.4775151752081999,0.47502081252106,0.47502081252106,0.48001065984441826,0.4700359482354282,0.47502081252106,0.47502081252106,0.48001065984441826,0.48001065984441826,0.48001065984441826,0.4850044983805899,0.4850044983805899,0.4775151752081999,0.47252769565540637,0.47252769565540637,0.46257015465625045,0.4700359482354282,0.48001065984441826,0.4850044983805899,0.4925005624493796,0.4925005624493796,0.4900013331200346,0.48750260351578967,0.4900013331200346,0.48750260351578967,0.4925005624493796,0.4950001666600003,0.5,0.5,0.5,0.5049998333399998,0.5124973964842103,0.5049998333399998,0.502499979166875,0.5,0.5049998333399998,0.5099986668799655,0.5224848247918001,0.5049998333399998,0.49750002083312495,0.4775151752081999,0.47502081252106,0.48001065984441826,0.47252769565540637,0.47502081252106,0.47252769565540637,0.47502081252106,0.47252769565540637,0.4700359482354282,0.47252769565540637,0.4700359482354282,0.47252769565540637,0.4700359482354282,0.4700359482354282,0.4700359482354282,0.4700359482354282,0.4700359482354282,0.4700359482354282,0.4700359482354282,0.4700359482354282,0.4700359482354282,0.4700359482354282,0.47252769565540637,0.4700359482354282,0.4700359482354282,0.4700359482354282,0.4700359482354282,0.4700359482354282,0.4700359482354282,0.4700359482354282,0.4700359482354282,0.4700359482354282,0.4700359482354282,0.4700359482354282,0.4700359482354282,0.4700359482354282,0.4700359482354282,0.4700359482354282,0.4700359482354282,0.4700359482354282,0.4700359482354282,0.4700359482354282,0.4700359482354282,0.4700359482354282,0.4700359482354282,0.4700359482354282,0.4700359482354282,0.4700359482354282,0.4700359482354282,0.4700359482354282,0.4700359482354282,0.4700359482354282,0.4700359482354282,0.4700359482354282,0.4700359482354282,0.4700359482354282,0.4700359482354282,0.4700359482354282,0.4700359482354282,0.4700359482354282,0.4700359482354282,0.4700359482354282,0.4700359482354282,0.4700359482354282,0.4700359482354282,0.4700359482354282,0.4700359482354282,0.4700359482354282,0.4700359482354282,0.4700359482354282,0.4700359482354282,0.4700359482354282,0.4700359482354282,0.4700359482354282,0.4700359482354282,0.4700359482354282,0.4700359482354282,0.4700359482354282,0.4700359482354282,0.4700359482354282,0.4700359482354282,0.4700359482354282,0.4700359482354282,0.4700359482354282,0.4700359482354282,0.4700359482354282,0.4700359482354282,0.4700359482354282,0.4700359482354282,0.4700359482354282,0.4700359482354282,0.4700359482354282,0.4700359482354282,0.4700359482354282,0.4700359482354282,0.4700359482354282,0.4700359482354282,0.4700359482354282,0.4700359482354282,0.4700359482354282,0.4700359482354282,0.4700359482354282,0.4700359482354282,0.4700359482354282,0.4700359482354282,0.4700359482354282,0.4700359482354282,0.4700359482354282,0.4700359482354282,0.4700359482354282,0.4700359482354282,0.4700359482354282,0.4700359482354282,0.4700359482354282,0.4700359482354282,0.4700359482354282,0.4700359482354282,0.4700359482354282,0.4700359482354282,0.4700359482354282,0.4700359482354282,0.4700359482354282,0.4700359482354282,0.4700359482354282,0.4700359482354282,0.4700359482354282,0.4700359482354282,0.4700359482354282,0.4700359482354282,0.4700359482354282,0.4700359482354282,0.4700359482354282,0.4700359482354282,0.4700359482354282,0.4700359482354282,0.4700359482354282,0.4700359482354282,0.4700359482354282,0.4700359482354282,0.4700359482354282,0.4700359482354282,0.4700359482354282,0.4700359482354282,0.4700359482354282,0.4700359482354282,0.4700359482354282,0.4700359482354282,0.4700359482354282,0.4700359482354282,0.4700359482354282,0.4700359482354282,0.4700359482354282,0.4700359482354282,0.4700359482354282,0.4700359482354282,0.4700359482354282,0.4700359482354282
ι = max_θ μ_τ(θ),0.35,0.36681520606441326,0.25,0.2955342986977315,0.25,0.25,0.25,0.29472434046754825,0.30136661675682475,0.2704292194015971,0.2835318428118822,0.3178788328605801,0.3598625129016576,0.4001419567604135,0.4382530569490971,0.47447158766863473,0.37955667250380626,0.3222864770648977,0.3404068066941751,0.31784672014182297,0.37004763121686685,0.3938228626110212,0.43572892195212354,0.40944628337604067,0.42261153201960927,0.42099438449915616,0.49084039672302704,0.5773769397635395,0.5134749389700042,0.447919594842763,0.4673749698033827,0.49286369129363206,0.5084781756971403,0.5076238034034302,0.5294702435519387,0.5407569152736127,0.5466375107297695,0.5283533257435483,0.4913783023838119,0.5344489477639396,0.5710063163661858,0.5990549079462617,0.5800841440256401,0.543128971635557,0.701812174908395,0.7735811197999182,0.8289852759245911,0.7894359535307742,0.7434978464765054,0.8037128159103508,0.8503711017275872,0.8859496344832655,0.9653673147888688,0.9550373517841269,0.9689959157675815,0.9599562115907276,0.9720012504939084,0.9800741566620076,0.9745412069472501,0.9907366416620127,0.9875120778131935,0.9921032059555682,0.9894296739195718,0.9931898368212065,0.995479513415564,0.974608637552286,0.9676913740228202,0.9765428054946836,0.9702504198997478,0.9951045335222499,0.9935779093204593,0.9915409895391316,0.9888130136378522,0.9925719202038598,0.9902435100711633,0.987135746117214,0.9829749582460032,0.9887337352538612,0.985189777324546,0.9804627458984287,0.9741446207542972,0.965691587887725,0.9543882991711348,0.9704035264903511,0.9803072204589313,0.9741929559493104,0.982541568012649,0.9772595047518496,0.9703000854353777,0.9935726784199171,0.9912182861011238,0.9946304868697423,0.9966168238062322,0.9978007951757092,0.9985266997200501,0.99898573564294,0.9986848284979025,0.9982881932012343,0.998815073195089,0.999161270135875,0.9989235368676718,0.9986142948192511,0.999014909342226,0.9987377118387727,0.9983779377029999,0.9988421191173832,0.9991599818863119,0.9993829647047354,0.9995425234692549,0.9996585004627471,0.9995699935835761,0.9994580929452068,0.9995949762657549,0.9994902323898612,0.9993579014028374,0.9995195394246553,0.9993955395110254,0.9995464465222833,0.9994299478062886,0.9992831082584617,0.9990978491285714,0.9988638674807664,0.998567994889906,0.9998006163570753,0.9997451432155078,0.9998157155086297,0.9997652897749031,0.9997003930382549,0.9997826681720173,0.999723518161768,0.999797832848404,0.9997435486219436,0.9998112123726018,0.9997610971991749,0.9998231388789492,0.9998681190901115,0.9998338705784151,0.9998757009355969,0.9995534360049971,0.9994396150038798,0.9995770337581513,0.9994694918684689,0.9993344162839932,0.9994973983498439,0.9996198549822147,0.9995235473523633,0.9996393615939524,0.9995481140525211,0.9994336986937907,0.9992901995696585,0.9994628147951361,0.9993268795704805,0.9994902468882176,0.9996136670404397,0.9995161350388694,0.9993939350006554,0.9995405990242104,0.9994246593980952,0.9992794144614798,0.9994537058830795,0.9993158829921721,0.9991432456779001,0.9993503735751623,0.9991865367143047,0.998981341317626,0.999227494959903,0.9990327355727335,0.9987888452336446,0.9990813773065207,0.9988498634827114,0.998559989141472,0.9981970473980307,0.998632436854579,0.998962366872062,0.9992125354593371,0.9990142569787966,0.9987660711729145,0.9990634748568987,0.9992891159423193,0.9991101765322047,0.9988862202277656,0.9991545047098784,0.9989417295881943,0.9991965907563518,0.9989944239154058,0.9987414271553423,0.9984248473608841,0.9980287480739785,0.9985032607830738,0.9981269060894777,0.9985777140566806,0.9982200955427127,0.9986484212417568,0.9983085880912254,0.9978834616789033,0.998392635777525,0.9979886323215984,0.9974833089085392,0.9980885294785141,0.9985483208340324,0.9988975837054488
M_t,0.0,0.0011111111111111111,0.0044444444444444444,0.010000000000000002,0.017777777777777778,0.027777777777777776,0.04000000000000001,0.05444444444444445,0.07111111111111111,0.09,0.1111111111111111,0.13444444444444442,0.16000000000000003,0.1877777777777778,0.2177777777777778,0.25,0.28444444444444444,0.32111111111111107,0.36,0.4011111111111111,0.4444444444444444,0.48999999999999994,0.5377777777777777,0.5877777777777778,0.6400000000000001,0.6944444444444445,0.7511111111111112,0.81,0.8711111111111112,0.9344444444444444,1.0,1.0,1.0,1.0,1.0,1.0,1.0,1.0,1.0,1.0,1.0,1.0,1.0,1.0,1.0,1.0,1.0,1.0,1.0,1.0,1.0,1.0,1.0,1.0,1.0,1.0,1.0,1.0,1.0,1.0,1.0,1.0,1.0,1.0,1.0,1.0,1.0,1.0,1.0,1.0,1.0,1.0,1.0,1.0,1.0,1.0,1.0,1.0,1.0,1.0,1.0,1.0,1.0,1.0,1.0,1.0,1.0,1.0,1.0,1.0,1.0,1.0,1.0,1.0,1.0,1.0,1.0,1.0,1.0,1.0,1.0,1.0,1.0,1.0,1.0,1.0,1.0,1.0,1.0,1.0,1.0,1.0,1.0,1.0,1.0,1.0,1.0,1.0,1.0,1.0,1.0,1.0,1.0,1.0,1.0,1.0,1.0,1.0,1.0,1.0,1.0,1.0,1.0,1.0,1.0,1.0,1.0,1.0,1.0,1.0,1.0,1.0,1.0,1.0,1.0,1.0,1.0,1.0,1.0,1.0,1.0,1.0,1.0,1.0,1.0,1.0,1.0,1.0,1.0,1.0,1.0,1.0,1.0,1.0,1.0,1.0,1.0,1.0,1.0,1.0,1.0,1.0,1.0,1.0,1.0,1.0,1.0,1.0,1.0,1.0,1.0,1.0,1.0,1.0,1.0,1.0,1.0,1.0,1.0,1.0,1.0,1.0,1.0,1.0,1.0,1.0,1.0,1.0,1.0,1.0,1.0
M_t^S,3.0,2.8922976440327948,3.003569093868556,2.8875623729688686,2.8286548467751853,2.745055462003318,2.663926812444057,2.5618511819194656,2.482703544235798,2.431622113952357,2.340448411018416,2.219889823273389,2.1,2.1,2.1,2.1,2.1,2.1,2.1,2.1,2.1,2.1,2.1,2.1,2.1,2.1,2.1,2.1,2.1,2.1,2.1,2.1,2.1,2.1,2.1,2.1,2.1,2.1,2.1,2.1,2.1,2.1,2.1,2.1,2.1,2.1,2.1,2.1,2.1,2.1,2.1,2.1,2.1,2.1,2.1,2.1,2.1,2.1,2.1,2.1,2.1,2.1,2.1,2.1,2.1,2.1,2.1,2.1,2.1,2.1,2.1,2.1,2.1,2.1,2.1,2.1,2.1,2.1,2.1,2.1,2.1,2.1,2.1,2.1,2.1,2.1,2.1,2.1,2.1,2.1,2.1,2.1,2.1,2.1,2.1,2.1,2.1,2.1,2.1,2.1,2.1,2.1,2.1,2.1,2.1,2.1,2.1,2.1,2.1,2.1,2.1,2.1,2.1,2.1,2.1,2.1,2.1,2.1,2.1,2.1,2.1,2.1,2.1,2.1,2.1,2.1,2.1,2.1,2.1,2.1,2.1,2.1,2.1,2.1,2.1,2.1,2.1,2.1,2.1,2.1,2.1,2.1,2.1,2.1,2.1,2.1,2.1,2.1,2.1,2.1,2.1,2.1,2.1,2.1,2.1,2.1,2.1,2.1,2.1,2.1,2.1,2.1,2.1,2.1,2.1,2.1,2.1,2.1,2.1,2.1,2.1,2.1,2.1,2.1,2.1,2.1,2.1,2.1,2.1,2.1,2.1,2.1,2.1,2.1,2.1,2.1,2.1,2.1,2.1,2.1,2.1,2.1,2.1,2.1,2.1,2.1,2.1,2.1,2.1,2.1,2.1
M_t^F,3.0,2.9067953463051057,3.0337554651107785,2.9312022896934655,2.8857974651532214,2.814546871870174,2.745055462003318,2.7,2.7,2.7,2.7,2.7,2.7,2.7,2.7,2.7,2.7,2.7,2.7,2.7,2.7,2.7,2.7,2.7,2.7,2.7,2.7,2.7,2.7,2.7,2.7,2.7,2.7,2.7,2.7,2.7,2.7,2.7,2.7,2.7,2.7,2.7,2.7,2.7,2.7,2.7,2.7,2.7,2.7,2.7,2.7,2.7,2.7,2.7,2.7,2.7,2.7,2.7,2.7,2.7,2.7,2.7,2.7,2.7,2.7,2.7,2.7,2.7,2.7,2.7,2.7,2.7,2.7,2.7,2.7,2.7,2.7,2.7,2.7,2.7,2.7,2.7,2.7,2.7,2.7,2.7,2.7,2.7,2.7,2.7,2.7,2.7,2.7,2.7,2.7,2.7,2.7,2.7,2.7,2.7,2.7,2.7,2.7,2.7,2.7,2.7,2.7,2.7,2.7,2.7,2.7,2.7,2.7,2.7,2.7,2.7,2.7,2.7,2.7,2.7,2.7,2.7,2.7,2.7,2.7,2.7,2.7,2.7,2.7,2.7,2.7,2.7,2.7,2.7,2.7,2.7,2.7,2.7,2.7,2.7,2.7,2.7,2.7,2.7,2.7,2.7,2.7,2.7,2.7,2.7,2.7,2.7,2.7,2.7,2.7,2.7,2.7,2.7,2.7,2.7,2.7,2.7,2.7,2.7,2.7,2.7,2.7,2.7,2.7,2.7,2.7,2.7,2.7,2.7,2.7,2.7,2.7,2.7,2.7,2.7,2.7,2.7,2.7,2.7,2.7,2.7,2.7,2.7,2.7,2.7,2.7,2.7,2.7,2.7,2.7,2.7,2.7,2.7,2.7,2.7,2.7
M_t^K,3.3000000000000003,3.3000000000000003,3.3000000000000003,3.3000000000000003,3.3000000000000003,3.3000000000000003,3.3000000000000003,3.3000000000000003,3.3000000000000003,3.3000000000000003,3.3000000000000003,3.3000000000000003,3.3000000000000003,3.3000000000000003,3.3000000000000003,3.3000000000000003,3.3000000000000003,3.3000000000000003,3.3000000000000003,3.3000000000000003,3.3000000000000003,3.3000000000000003,3.3000000000000003,3.3000000000000003,3.3000000000000003,3.3000000000000003,3.3000000000000003,3.3000000000000003,3.3000000000000003,3.3000000000000003,3.3000000000000003,3.3000000000000003,3.3000000000000003,3.3000000000000003,3.3000000000000003,3.3000000000000003,3.3000000000000003,3.3000000000000003,3.3000000000000003,3.3000000000000003,3.3000000000000003,3.3000000000000003,3.3000000000000003,3.3000000000000003,3.3000000000000003,3.3000000000000003,3.3000000000000003,3.3000000000000003,3.3000000000000003,3.3000000000000003,3.3000000000000003,3.3000000000000003,3.3000000000000003,3.3000000000000003,3.3000000000000003,3.3000000000000003,3.3000000000000003,3.3000000000000003,3.3000000000000003,3.3000000000000003,3.3000000000000003,3.3000000000000003,3.3000000000000003,3.3000000000000003,3.3000000000000003,3.3000000000000003,3.3000000000000003,3.3000000000000003,3.3000000000000003,3.3000000000000003,3.3000000000000003,3.3000000000000003,3.3000000000000003,3.3000000000000003,3.3000000000000003,3.3000000000000003,3.3000000000000003,3.3000000000000003,3.3000000000000003,3.3000000000000003,3.3000000000000003,3.3000000000000003,3.3000000000000003,3.3000000000000003,3.3000000000000003,3.3000000000000003,3.3000000000000003,3.3000000000000003,3.3000000000000003,3.3000000000000003,3.3000000000000003,3.3000000000000003,3.3000000000000003,3.3000000000000003,3.3000000000000003,3.3000000000000003,3.3000000000000003,3.3000000000000003,3.3000000000000003,3.3000000000000003,3.3000000000000003,3.3000000000000003,3.3000000000000003,3.3000000000000003,3.3000000000000003,3.3000000000000003,3.3000000000000003,3.3000000000000003,3.3000000000000003,3.3000000000000003,3.3000000000000003,3.3000000000000003,3.3000000000000003,3.3000000000000003,3.3000000000000003,3.3000000000000003,3.3000000000000003,3.3000000000000003,3.3000000000000003,3.3000000000000003,3.3000000000000003,3.3000000000000003,3.3000000000000003,3.3000000000000003,3.3000000000000003,3.3000000000000003,3.3000000000000003,3.3000000000000003,3.3000000000000003,3.3000000000000003,3.3000000000000003,3.3000000000000003,3.3000000000000003,3.3000000000000003,3.3000000000000003,3.3000000000000003,3.3000000000000003,3.3000000000000003,3.3000000000000003,3.3000000000000003,3.3000000000000003,3.3000000000000003,3.3000000000000003,3.3000000000000003,3.3000000000000003,3.3000000000000003,3.3000000000000003,3.3000000000000003,3.3000000000000003,3.3000000000000003,3.3000000000000003,3.3000000000000003,3.3000000000000003,3.3000000000000003,3.3000000000000003,3.3000000000000003,3.3000000000000003,3.3000000000000003,3.3000000000000003,3.3000000000000003,3.3000000000000003,3.3000000000000003,3.3000000000000003,3.3000000000000003,3.3000000000000003,3.3000000000000003,3.3000000000000003,3.3000000000000003,3.3000000000000003,3.3000000000000003,3.3000000000000003,3.3000000000000003,3.3000000000000003,3.3000000000000003,3.3000000000000003,3.3000000000000003,3.3000000000000003,3.3000000000000003,3.3000000000000003,3.3000000000000003,3.3000000000000003,3.3000000000000003,3.3000000000000003,3.3000000000000003,3.3000000000000003,3.3000000000000003,3.3000000000000003,3.3000000000000003,3.3000000000000003,3.3000000000000003,3.3000000000000003,3.3000000000000003,3.3000000000000003,3.3000000000000003,3.3000000000000003,3.3000000000000003,3.3000000000000003,3.3000000000000003,3.3000000000000003,3.3000000000000003,3.3000000000000003
