,0,1,2,3,4,5,6,7,8,9,10,11,12,13,14,15,16,17,18,19,20,21,22,23,24,25,26,27,28,29,30,31,32,33,34,35,36,37,38,39,40,41,42,43,44,45,46,47,48,49,50,51,52,53,54,55,56,57,58,59,60,61,62,63,64,65,66,67,68,69,70,71,72,73,74,75,76,77,78,79,80,81,82,83,84,85,86,87,88,89,90,91,92,93,94,95,96,97,98,99,100,101,102,103,104,105,106,107,108,109,110,111,112,113,114,115,116,117,118,119,120,121,122,123,124,125,126,127,128,129,130,131,132,133,134,135,136,137,138,139,140,141,142,143,144,145,146,147,148,149,150,151,152,153,154,155,156,157,158,159,160,161,162,163,164,165,166,167,168,169,170,171,172,173,174,175,176,177,178,179,180,181,182,183,184,185,186,187,188,189,190,191,192,193,194,195,196,197,198,199,200,201,202,203,204,205,206,207,208,209,210,211,212,213,214,215,216,217,218,219,220,221,222,223,224,225,226,227,228,229,230,231,232,233,234,235,236,237,238,239,240,241,242,243,244,245,246,247,248,249,250,251,252,253,254,255,256,257,258,259,260,261,262,263,264,265,266,267,268,269,270,271,272,273,274,275,276,277,278,279,280,281,282,283,284,285,286,287,288,289,290,291,292,293,294,295,296,297,298,299,300
a_F*,Cooperate,Cooperate,Cooperate,Cooperate,Cooperate,Cooperate,Cooperate,Cooperate,Cooperate,Cooperate,Cooperate,Cooperate,Cooperate,Cooperate,Cooperate,Cooperate,Cooperate,Cooperate,Cooperate,Cooperate,Cooperate,Cooperate,Cooperate,Cooperate,Cooperate,Cooperate,Cooperate,Cooperate,Cooperate,Cooperate,Cooperate,Cooperate,Cooperate,Cooperate,Cooperate,Cooperate,Cooperate,Cooperate,Cooperate,Cooperate,Cooperate,Cooperate,Cooperate,Cooperate,Cooperate,Cooperate,Cooperate,Cooperate,Cooperate,Cooperate,Cooperate,Cooperate,Cooperate,Cooperate,Cooperate,Cooperate,Cooperate,Cooperate,Cooperate,Cooperate,Cooperate,Cooperate,Cooperate,Cooperate,Cooperate,Cooperate,Cooperate,Cooperate,Cooperate,Cooperate,Cooperate,Cooperate,Cooperate,Cooperate,Cooperate,Cooperate,Cooperate,Cooperate,Cooperate,Cooperate,Cooperate,Cooperate,Cooperate,Cooperate,Cooperate,Cooperate,Cooperate,Cooperate,Cooperate,Cooperate,Cooperate,Cooperate,Cooperate,Cooperate,Cooperate,Cooperate,Cooperate,Cooperate,Cooperate,Cooperate,Cooperate,Cooperate,Cooperate,Cooperate,Cooperate,Cooperate,Cooperate,Cooperate,Cooperate,Cooperate,Cooperate,Cooperate,Cooperate,Cooperate,Cooperate,Cooperate,Cooperate,Cooperate,Cooperate,Cooperate,Cooperate,Cooperate,Cooperate,Cooperate,Cooperate,Cooperate,Cooperate,Cooperate,Cooperate,Cooperate,Cooperate,Cooperate,Cooperate,Cooperate,Cooperate,Cooperate,Cooperate,Cooperate,Cooperate,Cooperate,Cooperate,Cooperate,Cooperate,Cooperate,Cooperate,Cooperate,Cooperate,Cooperate,Cooperate,Cooperate,Cooperate,Cooperate,Cooperate,Cooperate,Cooperate,Cooperate,Cooperate,Cooperate,Cooperate,Cooperate,Cooperate,Cooperate,Cooperate,Cooperate,Cooperate,Cooperate,Cooperate,Cooperate,Cooperate,Cooperate,Cooperate,Cooperate,Cooperate,Cooperate,Cooperate,Cooperate,Cooperate,Cooperate,Cooperate,Cooperate,Cooperate,Cooperate,Cooperate,Cooperate,Cooperate,Cooperate,Cooperate,Cooperate,Cooperate,Cooperate,Cooperate,Cooperate,Cooperate,Cooperate,Cooperate,Cooperate,Cooperate,Cooperate,Cooperate,Cooperate,Cooperate,Cooperate,Cooperate,Cooperate,Cooperate,Cooperate,Cooperate,Cooperate,Cooperate,Cooperate,Cooperate,Cooperate,Cooperate,Cooperate,Cooperate,Cooperate,Cooperate,Cooperate,Cooperate,Cooperate,Cooperate,Cooperate,Cooperate,Cooperate,Cooperate,Cooperate,Cooperate,Cooperate,Cooperate,Cooperate,Cooperate,Cooperate,Cooperate,Cooperate,Cooperate,Cooperate,Cooperate,Cooperate,Cooperate,Cooperate,Cooperate,Cooperate,Cooperate,Cooperate,Cooperate,Cooperate,Cooperate,Cooperate,Cooperate,Cooperate,Cooperate,Cooperate,Cooperate,Cooperate,Cooperate,Cooperate,Cooperate,Cooperate,Cooperate,Cooperate,Cooperate,Cooperate,Cooperate,Cooperate,Cooperate,Cooperate,Cooperate,Cooperate,Cooperate,Cooperate,Cooperate,Cooperate,Cooperate,Cooperate,Cooperate,Cooperate,Cooperate,Cooperate,Cooperate,Cooperate,Cooperate,Cooperate,Cooperate,Cooperate,Cooperate,Cooperate,Cooperate,Cooperate,Cooperate,Cooperate,Cooperate,Cooperate,Cooperate,Cooperate,Cooperate,Cooperate,Cooperate,Cooperate,Cooperate,Cooperate,Cooperate
ã_F,Cooperate,Cooperate,Cooperate,Collude,Collude,Cooperate,Cooperate,Cooperate,Collude,Cooperate,Cooperate,Collude,Cooperate,Cooperate,Collude,Cooperate,Collude,Cooperate,Cooperate,Cooperate,Collude,Cooperate,Cooperate,Cooperate,Collude,Cooperate,Cooperate,Cooperate,Cooperate,Cooperate,Cooperate,Collude,Cooperate,Collude,Collude,Cooperate,Collude,Collude,Cooperate,Cooperate,Collude,Collude,Collude,Collude,Collude,Cooperate,Cooperate,Collude,Cooperate,Cooperate,Cooperate,Collude,Cooperate,Collude,Collude,Cooperate,Collude,Cooperate,Collude,Collude,Collude,Collude,Collude,Collude,Cooperate,Collude,Cooperate,Cooperate,Collude,Collude,Collude,Cooperate,Collude,Cooperate,Collude,Collude,Cooperate,Collude,Collude,Collude,Cooperate,Collude,Cooperate,Cooperate,Cooperate,Cooperate,Collude,Collude,Cooperate,Cooperate,Collude,Cooperate,Collude,Collude,Cooperate,Cooperate,Collude,Cooperate,Collude,Cooperate,Cooperate,Cooperate,Cooperate,Collude,Cooperate,Cooperate,Collude,Collude,Cooperate,Cooperate,Cooperate,Cooperate,Collude,Cooperate,Cooperate,Collude,Collude,Cooperate,Collude,Cooperate,Cooperate,Collude,Cooperate,Cooperate,Cooperate,Collude,Cooperate,Cooperate,Cooperate,Cooperate,Cooperate,Cooperate,Collude,Collude,Cooperate,Cooperate,Cooperate,Cooperate,Collude,Collude,Cooperate,Collude,Collude,Collude,Collude,Collude,Cooperate,Collude,Cooperate,Collude,Collude,Collude,Cooperate,Collude,Cooperate,Cooperate,Cooperate,Cooperate,Cooperate,Collude,Cooperate,Collude,Collude,Collude,Cooperate,Collude,Collude,Collude,Collude,Cooperate,Collude,Collude,Cooperate,Collude,Collude,Cooperate,Collude,Collude,Cooperate,Collude,Cooperate,Cooperate,Collude,Collude,Collude,Cooperate,Cooperate,Cooperate,Collude,Collude,Cooperate,Collude,Cooperate,Cooperate,Cooperate,Collude,Collude,Collude,Cooperate,Cooperate,Collude,Cooperate,Collude,Cooperate,Collude,Collude,Collude,Collude,Cooperate,Cooperate,Cooperate,Cooperate,Collude,Collude,Cooperate,Cooperate,Cooperate,Cooperate,Collude,Collude,Cooperate,Collude,Cooperate,Cooperate,Collude,Cooperate,Collude,Cooperate,Cooperate,Cooperate,Collude,Collude,Cooperate,Collude,Cooperate,Cooperate,Collude,Cooperate,Cooperate,Cooperate,Cooperate,Cooperate,Cooperate,Cooperate,Cooperate,Cooperate,Collude,Cooperate,Cooperate,Cooperate,Cooperate,Collude,Collude,Cooperate,Cooperate,Cooperate,Cooperate,Cooperate,Collude,Cooperate,Collude,Cooperate,Cooperate,Cooperate,Collude,Collude,Cooperate,Collude,Collude,Collude,Collude,Collude,Cooperate,Cooperate,Collude,Collude,Collude,Cooperate,Collude,Cooperate,Cooperate,Cooperate,Cooperate,Collude,Cooperate,Collude,Collude,Cooperate,Cooperate,Cooperate,Collude,Cooperate,Cooperate,Cooperate,Collude,Collude,Collude,Cooperate,Cooperate,Cooperate,Collude
a_K*(ELN),Continue,Continue,Continue,Continue,Continue,Continue,Continue,Continue,Continue,Continue,Continue,Continue,Continue,Continue,Continue,Continue,Continue,Continue,Continue,Continue,Continue,Continue,Continue,Continue,Continue,Continue,Continue,Continue,Continue,Continue,Continue,Continue,Continue,Continue,Continue,Continue,Continue,Continue,Continue,Continue,Continue,Continue,Continue,Continue,Continue,Continue,Continue,Continue,Continue,Continue,Continue,Continue,Continue,Continue,Continue,Continue,Continue,Continue,Continue,Continue,Continue,Continue,Continue,Continue,Continue,Continue,Continue,Continue,Continue,Continue,Continue,Continue,Continue,Continue,Continue,Continue,Continue,Continue,Continue,Continue,Continue,Continue,Continue,Continue,Continue,Continue,Continue,Continue,Continue,Continue,Continue,Continue,Continue,Continue,Continue,Continue,Continue,Continue,Continue,Continue,Continue,Continue,Continue,Continue,Continue,Continue,Continue,Continue,Continue,Continue,Continue,Continue,Continue,Continue,Continue,Continue,Continue,Continue,Continue,Continue,Continue,Continue,Continue,Continue,Continue,Continue,Continue,Continue,Continue,Continue,Continue,Continue,Continue,Continue,Continue,Continue,Continue,Continue,Continue,Continue,Continue,Continue,Continue,Continue,Continue,Continue,Continue,Continue,Continue,Continue,Continue,Continue,Continue,Continue,Continue,Continue,Continue,Continue,Continue,Continue,Continue,Continue,Continue,Continue,Continue,Continue,Continue,Continue,Continue,Continue,Continue,Continue,Continue,Continue,Continue,Continue,Continue,Continue,Continue,Continue,Continue,Continue,Continue,Continue,Continue,Continue,Continue,Continue,Continue,Continue,Continue,Continue,Continue,Continue,Continue,Continue,Continue,Continue,Continue,Continue,Continue,Continue,Continue,Continue,Continue,Continue,Continue,Continue,Continue,Continue,Continue,Continue,Continue,Continue,Continue,Continue,Continue,Continue,Continue,Continue,Continue,Continue,Continue,Continue,Continue,Continue,Continue,Continue,Continue,Continue,Continue,Continue,Continue,Continue,Continue,Continue,Continue,Continue,Continue,Continue,Continue,Continue,Continue,Continue,Continue,Continue,Continue,Continue,Continue,Continue,Continue,Continue,Continue,Continue,Continue,Continue,Continue,Continue,Continue,Continue,Continue,Continue,Continue,Continue,Continue,Continue,Continue,Continue,Continue,Continue,Continue,Continue,Continue,Continue,Continue,Continue,Continue,Continue,Continue,Continue,Continue,Continue,Continue,Continue,Continue,Continue,Continue,Continue,Continue,Continue,Continue,Continue,Continue,Continue,Continue,Continue,Continue,Continue,Continue,Continue,Continue
ã_K(ELN),Continue,Continue,Release,Release,Kill,Continue,Kill,Release,Release,Release,Release,Continue,Continue,Release,Continue,Continue,Release,Continue,Kill,Release,Kill,Release,Release,Continue,Kill,Continue,Kill,Continue,Release,Release,Continue,Release,Continue,Release,Continue,Kill,Continue,Continue,Kill,Continue,Continue,Continue,Kill,Kill,Kill,Release,Kill,Continue,Release,Kill,Continue,Continue,Continue,Kill,Release,Kill,Kill,Kill,Release,Kill,Release,Release,Release,Continue,Release,Kill,Release,Continue,Kill,Release,Release,Release,Continue,Continue,Release,Kill,Continue,Release,Release,Kill,Continue,Kill,Kill,Continue,Continue,Kill,Continue,Release,Release,Kill,Continue,Continue,Kill,Release,Continue,Kill,Continue,Release,Release,Release,Kill,Kill,Continue,Release,Release,Release,Kill,Kill,Release,Release,Kill,Continue,Kill,Kill,Continue,Continue,Release,Continue,Kill,Kill,Kill,Release,Continue,Continue,Continue,Continue,Release,Kill,Continue,Kill,Kill,Release,Continue,Release,Continue,Release,Kill,Kill,Kill,Kill,Continue,Release,Kill,Continue,Continue,Kill,Continue,Continue,Continue,Continue,Release,Continue,Release,Kill,Continue,Kill,Continue,Continue,Release,Kill,Kill,Kill,Kill,Continue,Continue,Continue,Release,Continue,Kill,Kill,Kill,Release,Continue,Kill,Kill,Kill,Continue,Kill,Kill,Release,Kill,Kill,Continue,Release,Release,Continue,Kill,Continue,Release,Continue,Release,Continue,Continue,Kill,Kill,Continue,Release,Kill,Kill,Release,Release,Continue,Continue,Kill,Continue,Continue,Continue,Release,Continue,Continue,Release,Release,Release,Release,Kill,Continue,Release,Release,Continue,Release,Release,Release,Kill,Continue,Continue,Continue,Continue,Continue,Release,Continue,Continue,Continue,Release,Release,Continue,Continue,Kill,Continue,Kill,Release,Release,Continue,Continue,Kill,Continue,Release,Release,Continue,Kill,Continue,Release,Release,Release,Continue,Kill,Continue,Release,Continue,Release,Continue,Release,Kill,Release,Kill,Continue,Continue,Release,Continue,Release,Continue,Kill,Release,Continue,Kill,Release,Release,Release,Kill,Release,Release,Release,Continue,Release,Release,Kill,Release,Continue,Continue,Release,Continue,Continue,Continue,Kill,Continue,Continue,Release,Continue,Continue,Continue,Release,Kill
a_S*,Negotiate,Negotiate,Negotiate,Negotiate,Negotiate,Negotiate,Negotiate,Negotiate,Negotiate,Negotiate,Negotiate,Negotiate,Negotiate,Negotiate,Negotiate,Negotiate,Negotiate,Negotiate,Negotiate,Negotiate,Negotiate,Negotiate,Negotiate,Negotiate,Negotiate,Negotiate,Negotiate,Negotiate,Negotiate,Negotiate,Negotiate,Negotiate,Negotiate,Negotiate,Negotiate,Negotiate,Negotiate,Negotiate,Negotiate,Negotiate,Negotiate,Negotiate,Negotiate,Negotiate,Negotiate,Negotiate,Negotiate,Negotiate,Negotiate,Negotiate,Negotiate,Negotiate,Negotiate,Negotiate,Negotiate,Negotiate,Negotiate,Negotiate,Negotiate,Negotiate,Negotiate,Negotiate,Negotiate,Negotiate,Negotiate,Negotiate,Negotiate,Negotiate,Negotiate,Negotiate,Negotiate,Negotiate,Negotiate,Negotiate,Negotiate,Negotiate,Negotiate,Negotiate,Negotiate,Negotiate,Negotiate,Negotiate,Negotiate,Negotiate,Negotiate,Negotiate,Negotiate,Negotiate,Negotiate,Negotiate,Negotiate,Negotiate,Negotiate,Negotiate,Negotiate,Negotiate,Negotiate,Negotiate,Negotiate,Negotiate,Negotiate,Negotiate,Negotiate,Negotiate,Negotiate,Negotiate,Negotiate,Negotiate,Negotiate,Negotiate,Negotiate,Negotiate,Negotiate,Negotiate,Negotiate,Negotiate,Negotiate,Negotiate,Negotiate,Negotiate,Negotiate,Negotiate,Negotiate,Negotiate,Negotiate,Negotiate,Negotiate,Negotiate,Negotiate,Negotiate,Negotiate,Negotiate,Negotiate,Negotiate,Negotiate,Negotiate,Negotiate,Negotiate,Negotiate,Negotiate,Negotiate,Negotiate,Negotiate,Negotiate,Negotiate,Negotiate,Negotiate,Negotiate,Negotiate,Negotiate,Negotiate,Negotiate,Negotiate,Negotiate,Negotiate,Negotiate,Negotiate,Negotiate,Negotiate,Negotiate,Negotiate,Negotiate,Negotiate,Negotiate,Negotiate,Negotiate,Negotiate,Negotiate,Negotiate,Negotiate,Negotiate,Negotiate,Negotiate,Negotiate,Negotiate,Negotiate,Negotiate,Negotiate,Negotiate,Negotiate,Negotiate,Negotiate,Negotiate,Negotiate,Negotiate,Negotiate,Negotiate,Negotiate,Negotiate,Negotiate,Negotiate,Negotiate,Negotiate,Negotiate,Negotiate,Negotiate,Negotiate,Negotiate,Negotiate,Negotiate,Negotiate,Negotiate,Negotiate,Negotiate,Negotiate,Negotiate,Negotiate,Negotiate,Negotiate,Negotiate,Negotiate,Negotiate,Negotiate,Negotiate,Negotiate,Negotiate,Negotiate,Negotiate,Negotiate,Negotiate,Negotiate,Negotiate,Negotiate,Negotiate,Negotiate,Negotiate,Negotiate,Negotiate,Negotiate,Negotiate,Negotiate,Negotiate,Negotiate,Negotiate,Negotiate,Negotiate,Negotiate,Negotiate,Negotiate,Negotiate,Negotiate,Negotiate,Negotiate,Negotiate,Negotiate,Negotiate,Negotiate,Negotiate,Negotiate,Negotiate,Negotiate,Negotiate,Negotiate,Negotiate,Negotiate,Negotiate,Negotiate,Negotiate,Negotiate,Negotiate,Negotiate,Negotiate,Negotiate,Negotiate,Negotiate,Negotiate,Negotiate,Negotiate,Negotiate,Negotiate,Negotiate,Negotiate,Negotiate,Negotiate,Negotiate,Negotiate,Negotiate,Negotiate,Negotiate,Negotiate,Negotiate,Negotiate,Negotiate,Negotiate,Negotiate,Negotiate,Negotiate,Negotiate,Negotiate,Negotiate,Negotiate,Negotiate,Negotiate,Negotiate,Negotiate,Negotiate,Negotiate,Negotiate,Negotiate,Negotiate,Negotiate
ã_S,Negotiate,Rescue,Rescue,Rescue,Negotiate,Negotiate,Negotiate,Rescue,Rescue,Rescue,Rescue,Negotiate,Negotiate,Rescue,Negotiate,Negotiate,Negotiate,Rescue,Negotiate,Negotiate,Rescue,Rescue,Negotiate,Rescue,Rescue,Negotiate,Negotiate,Negotiate,Rescue,Rescue,Negotiate,Rescue,Negotiate,Negotiate,Negotiate,Negotiate,Negotiate,Rescue,Negotiate,Rescue,Negotiate,Negotiate,Negotiate,Negotiate,Negotiate,Negotiate,Negotiate,Negotiate,Negotiate,Negotiate,Negotiate,Rescue,Rescue,Negotiate,Negotiate,Rescue,Rescue,Negotiate,Rescue,Negotiate,Negotiate,Rescue,Negotiate,Rescue,Rescue,Negotiate,Negotiate,Negotiate,Negotiate,Rescue,Negotiate,Negotiate,Negotiate,Negotiate,Negotiate,Negotiate,Rescue,Negotiate,Negotiate,Negotiate,Negotiate,Negotiate,Rescue,Negotiate,Negotiate,Negotiate,Negotiate,Negotiate,Rescue,Rescue,Negotiate,Negotiate,Negotiate,Negotiate,Negotiate,Rescue,Negotiate,Rescue,Rescue,Negotiate,Rescue,Negotiate,Negotiate,Negotiate,Negotiate,Rescue,Negotiate,Rescue,Rescue,Negotiate,Negotiate,Negotiate,Negotiate,Rescue,Rescue,Negotiate,Rescue,Negotiate,Rescue,Negotiate,Rescue,Rescue,Negotiate,Negotiate,Negotiate,Negotiate,Negotiate,Rescue,Rescue,Negotiate,Rescue,Rescue,Negotiate,Rescue,Rescue,Rescue,Negotiate,Negotiate,Rescue,Rescue,Negotiate,Negotiate,Rescue,Rescue,Negotiate,Rescue,Rescue,Rescue,Rescue,Negotiate,Rescue,Negotiate,Negotiate,Negotiate,Rescue,Negotiate,Negotiate,Negotiate,Negotiate,Rescue,Negotiate,Negotiate,Negotiate,Negotiate,Negotiate,Negotiate,Rescue,Rescue,Negotiate,Negotiate,Rescue,Rescue,Rescue,Negotiate,Negotiate,Rescue,Negotiate,Negotiate,Negotiate,Negotiate,Negotiate,Negotiate,Rescue,Rescue,Rescue,Rescue,Negotiate,Negotiate,Negotiate,Negotiate,Rescue,Rescue,Rescue,Negotiate,Rescue,Rescue,Negotiate,Rescue,Rescue,Rescue,Negotiate,Rescue,Negotiate,Rescue,Negotiate,Rescue,Rescue,Negotiate,Negotiate,Rescue,Negotiate,Negotiate,Rescue,Negotiate,Negotiate,Rescue,Negotiate,Negotiate,Rescue,Negotiate,Rescue,Negotiate,Negotiate,Negotiate,Rescue,Negotiate,Rescue,Rescue,Rescue,Rescue,Negotiate,Negotiate,Negotiate,Rescue,Negotiate,Rescue,Rescue,Negotiate,Negotiate,Negotiate,Rescue,Rescue,Rescue,Negotiate,Negotiate,Negotiate,Negotiate,Negotiate,Negotiate,Negotiate,Negotiate,Rescue,Negotiate,Negotiate,Negotiate,Negotiate,Negotiate,Negotiate,Rescue,Negotiate,Rescue,Negotiate,Rescue,Negotiate,Negotiate,Rescue,Negotiate,Rescue,Negotiate,Rescue,Negotiate,Negotiate,Negotiate,Negotiate,Negotiate,Negotiate,Negotiate,Negotiate,Rescue,Rescue,Negotiate,Rescue,Rescue,Negotiate,Rescue,Negotiate,Rescue,Negotiate,Rescue,Rescue,Rescue,Rescue,Negotiate,Negotiate,Rescue,Negotiate,Rescue,Negotiate,Rescue,Negotiate,Rescue
α_t*,0.2000,0.9900,0.7400,0.7300,0.7300,0.7300,0.7100,0.7100,0.7200,0.7200,0.7300,0.7300,0.7300,0.7400,0.7200,0.7400,0.7200,0.7000,0.7100,0.7500,0.7500,0.7700,0.7800,0.7800,0.8000,0.8200,0.8200,0.8400,0.8300,0.8600,0.8600,0.8400,0.8400,0.8500,0.8500,0.8500,0.8600,0.8600,0.8400,0.8300,0.8300,0.8300,0.8300,0.8300,0.8200,0.8200,0.8100,0.8100,0.8100,0.8100,0.8100,0.8100,0.8000,0.7900,0.7900,0.7900,0.7900,0.7900,0.7900,0.7900,0.7900,0.7900,0.7900,0.7900,0.7900,0.7900,0.7900,0.7900,0.7900,0.7800,0.7900,0.7800,0.7800,0.7800,0.7800,0.7800,0.7800,0.7800,0.7800,0.7900,0.7900,0.7900,0.7900,0.7900,0.7900,0.7900,0.7900,0.7900,0.7900,0.7900,0.7900,0.7900,0.7900,0.7900,0.7900,0.7900,0.7900,0.7900,0.7900,0.7900,0.7900,0.7900,0.7900,0.7900,0.7900,0.7900,0.7900,0.7900,0.7900,0.7900,0.7800,0.7800,0.7800,0.7800,0.7800,0.7800,0.7800,0.7800,0.7800,0.7800,0.7800,0.7800,0.7800,0.7800,0.7800,0.7800,0.7800,0.7800,0.7800,0.7800,0.7800,0.7800,0.7800,0.7800,0.7800,0.7800,0.7800,0.7800,0.7800,0.7800,0.7800,0.7800,0.7800,0.7800,0.7800,0.7800,0.7800,0.7800,0.7800,0.7800,0.7800,0.7800,0.7800,0.7800,0.7800,0.7800,0.7800,0.7800,0.7800,0.7800,0.7800,0.7800,0.7800,0.7800,0.7800,0.7800,0.7800,0.7800,0.7800,0.7800,0.7800,0.7800,0.7800,0.7800,0.7800,0.7800,0.7800,0.7800,0.7800,0.7800,0.7800,0.7800,0.7800,0.7800,0.7800,0.7800,0.7800,0.7800,0.7800,0.7800,0.7800,0.7800,0.7800,0.7800,0.7800,0.7800,0.7800,0.7800,0.7800,0.7800,0.7800,0.7800,0.7800,0.7800,0.7800,0.7800,0.7800,0.7800,0.7800,0.7800,0.7800,0.7800,0.7800,0.7800,0.7800,0.7800,0.7800,0.7800,0.7800,0.7800,0.7800,0.7800,0.7800,0.7800,0.7800,0.7800,0.7800,0.7800,0.7800,0.7800,0.7800,0.7800,0.7800,0.7800,0.7800,0.7800,0.7800,0.7800,0.7800,0.7800,0.7800,0.7800,0.7800,0.7800,0.7800,0.7800,0.7800,0.7800,0.7800,0.7800,0.7800,0.7800,0.7800,0.7800,0.7800,0.7800,0.7800,0.7800,0.7800,0.7800,0.7800,0.7800,0.7800,0.7800,0.7800,0.7800,0.7800,0.7800,0.7800,0.7800,0.7800,0.7800,0.7800,0.7800,0.7800,0.7800,0.7800,0.7800,0.7800,0.7800,0.7800,0.7800,0.7800,0.7800,0.7800,0.7800,0.7800,0.7800,0.7800,0.7800,0.7800,0.7800,0.7800,0.7800,0.7800,0.7800,0.7800,0.7800,0.7800,0.7800,0.7800
γ_t*,0.9000,0.9600,0.6900,0.6900,0.6900,0.6900,0.6700,0.6700,0.6700,0.6800,0.6800,0.6900,0.6900,0.6900,0.6700,0.7000,0.6800,0.6500,0.6500,0.6700,0.6600,0.6700,0.6700,0.6400,0.6600,0.6400,0.6500,0.6400,0.6600,0.6300,0.6300,0.6600,0.6600,0.6500,0.6500,0.6500,0.6300,0.6200,0.6400,0.6400,0.6400,0.6300,0.6400,0.6300,0.6500,0.6500,0.6400,0.6400,0.6300,0.6300,0.6300,0.6300,0.6400,0.6500,0.6500,0.6700,0.6600,0.6600,0.6600,0.6600,0.6600,0.6600,0.6600,0.6500,0.6500,0.6500,0.6600,0.6600,0.6600,0.6800,0.6600,0.6800,0.6800,0.6800,0.6800,0.6800,0.6800,0.6800,0.6800,0.6600,0.6600,0.6600,0.6600,0.6600,0.6500,0.6600,0.6500,0.6500,0.6600,0.6500,0.6600,0.6600,0.6600,0.6600,0.6600,0.6600,0.6600,0.6600,0.6600,0.6500,0.6500,0.6500,0.6500,0.6500,0.6500,0.6500,0.6500,0.6500,0.6600,0.6600,0.6800,0.6800,0.6800,0.6800,0.6800,0.6800,0.6800,0.6800,0.6800,0.6800,0.6800,0.6800,0.6800,0.6800,0.6800,0.6800,0.6800,0.6800,0.6800,0.6800,0.6800,0.6800,0.6800,0.6800,0.6800,0.6800,0.6800,0.6800,0.6800,0.6800,0.6800,0.6800,0.6800,0.6800,0.6800,0.6800,0.6800,0.6800,0.6800,0.6800,0.6800,0.6800,0.6800,0.6800,0.6800,0.6800,0.6800,0.6800,0.6800,0.6800,0.6800,0.6800,0.6800,0.6800,0.6800,0.6800,0.6800,0.6800,0.6800,0.6800,0.6800,0.6800,0.6800,0.6800,0.6800,0.6800,0.6800,0.6800,0.6800,0.6800,0.6800,0.6800,0.6800,0.6800,0.6800,0.6800,0.6800,0.6800,0.6800,0.6800,0.6800,0.6800,0.6800,0.6800,0.6800,0.6800,0.6800,0.6800,0.6800,0.6800,0.6800,0.6800,0.6800,0.6800,0.6800,0.6800,0.6800,0.6800,0.6800,0.6800,0.6800,0.6800,0.6800,0.6800,0.6800,0.6800,0.6800,0.6800,0.6800,0.6800,0.6800,0.6800,0.6800,0.6800,0.6800,0.6800,0.6800,0.6800,0.6800,0.6800,0.6800,0.6800,0.6800,0.6800,0.6800,0.6800,0.6800,0.6800,0.6800,0.6800,0.6800,0.6800,0.6800,0.6800,0.6800,0.6800,0.6800,0.6800,0.6800,0.6800,0.6800,0.6800,0.6800,0.6800,0.6800,0.6800,0.6800,0.6800,0.6800,0.6800,0.6800,0.6800,0.6800,0.6800,0.6800,0.6800,0.6800,0.6800,0.6800,0.6800,0.6800,0.6800,0.6800,0.6800,0.6800,0.6800,0.6800,0.6800,0.6800,0.6800,0.6800,0.6800,0.6800,0.6800,0.6800,0.6800,0.6800,0.6800,0.6800,0.6800,0.6800,0.6800,0.6800,0.6800,0.6800,0.6800,0.6800,0.6800,0.6800,0.6800,0.6800
γ_R(DC)*,0.2300,1.0000,0.6800,0.2500,0.2300,0.2300,0.2300,0.2300,0.2300,0.2300,0.2300,0.2600,0.3000,0.2800,0.3000,0.3200,0.2700,0.3200,0.3000,0.3000,0.2800,0.2300,0.2300,0.2800,0.2500,0.2800,0.2200,0.2200,0.2200,0.2100,0.1900,0.1900,0.1900,0.1900,0.1900,0.1900,0.1900,0.1900,0.1900,0.1900,0.1900,0.1900,0.1900,0.1900,0.1900,0.1900,0.1900,0.1900,0.1900,0.1900,0.1900,0.1900,0.1900,0.1900,0.1900,0.1900,0.1900,0.1900,0.1900,0.1900,0.1900,0.1900,0.1900,0.1900,0.1900,0.1900,0.1900,0.1900,0.1900,0.1900,0.1900,0.1900,0.1900,0.1900,0.1900,0.1900,0.1900,0.1900,0.1900,0.1900,0.1900,0.1900,0.1900,0.1900,0.1900,0.1900,0.1900,0.1900,0.1900,0.1900,0.1900,0.1900,0.1900,0.1900,0.1900,0.1900,0.1900,0.1900,0.1900,0.1900,0.1900,0.1900,0.1900,0.1900,0.1900,0.1900,0.1900,0.1900,0.1900,0.1900,0.1900,0.1900,0.1900,0.1900,0.1900,0.1900,0.1900,0.1900,0.1900,0.1900,0.1900,0.1900,0.1900,0.1900,0.1900,0.1900,0.1900,0.1900,0.1900,0.1900,0.1900,0.1900,0.1900,0.1900,0.1900,0.1900,0.1900,0.1900,0.1900,0.1900,0.1900,0.1900,0.1900,0.1900,0.1900,0.1900,0.1900,0.1900,0.1900,0.1900,0.1900,0.1900,0.1900,0.1900,0.1900,0.1900,0.1900,0.1900,0.1900,0.1900,0.1900,0.1900,0.1900,0.1900,0.1900,0.1900,0.1900,0.1900,0.1900,0.1900,0.1900,0.1900,0.1900,0.1900,0.1900,0.1900,0.1900,0.1900,0.1900,0.1900,0.1900,0.1900,0.1900,0.1900,0.1900,0.1900,0.1900,0.1900,0.1900,0.1900,0.1900,0.1900,0.1900,0.1900,0.1900,0.1900,0.1900,0.1900,0.1900,0.1900,0.1900,0.1900,0.1900,0.1900,0.1900,0.1900,0.1900,0.1900,0.1900,0.1900,0.1900,0.1900,0.1900,0.1900,0.1900,0.1900,0.1900,0.1900,0.1900,0.1900,0.1900,0.1900,0.1900,0.1900,0.1900,0.1900,0.1900,0.1900,0.1900,0.1900,0.1900,0.1900,0.1900,0.1900,0.1900,0.1900,0.1900,0.1900,0.1900,0.1900,0.1900,0.1900,0.1900,0.1900,0.1900,0.1900,0.1900,0.1900,0.1900,0.1900,0.1900,0.1900,0.1900,0.1900,0.1900,0.1900,0.1900,0.1900,0.1900,0.1900,0.1900,0.1900,0.1900,0.1900,0.1900,0.1900,0.1900,0.1900,0.1900,0.1900,0.1900,0.1900,0.1900,0.1900,0.1900,0.1900,0.1900,0.1900,0.1900,0.1900,0.1900,0.1900,0.1900,0.1900,0.1900,0.1900,0.1900,0.1900,0.1900,0.1900,0.1900,0.1900,0.1900,0.1900,0.1900,0.1900,0.1900,0.1900,0.1900,0.1900,0.1900
γ_R(PAR)*,0.3700,0.7800,0.7600,0.7600,0.7600,0.7600,0.7200,0.7300,0.7000,0.7300,0.7000,0.7400,0.7000,0.7100,0.7200,0.7100,0.7200,0.7200,0.7200,0.7300,0.7100,0.7300,0.6700,0.7100,0.7400,0.6900,0.7100,0.7400,0.7000,0.7200,0.6900,0.6900,0.6900,0.6900,0.6900,0.6900,0.6900,0.6900,0.6900,0.6900,0.6900,0.6900,0.6900,0.6900,0.6900,0.6900,0.6900,0.6900,0.6900,0.6900,0.6900,0.6900,0.6900,0.6900,0.6900,0.6900,0.6900,0.6900,0.6900,0.6900,0.6900,0.6900,0.6900,0.6900,0.6900,0.6900,0.6900,0.6900,0.6900,0.6900,0.6900,0.6900,0.6900,0.6900,0.6900,0.6900,0.6900,0.6900,0.6900,0.6900,0.6900,0.6900,0.6900,0.6900,0.6900,0.6900,0.6900,0.6900,0.6900,0.6900,0.6900,0.6900,0.6900,0.6900,0.6900,0.6900,0.6900,0.6900,0.6900,0.6900,0.6900,0.6900,0.6900,0.6900,0.6900,0.6900,0.6900,0.6900,0.6900,0.6900,0.6900,0.6900,0.6900,0.6900,0.6900,0.6900,0.6900,0.6900,0.6900,0.6900,0.6900,0.6900,0.6900,0.6900,0.6900,0.6900,0.6900,0.6900,0.6900,0.6900,0.6900,0.6900,0.6900,0.6900,0.6900,0.6900,0.6900,0.6900,0.6900,0.6900,0.6900,0.6900,0.6900,0.6900,0.6900,0.6900,0.6900,0.6900,0.6900,0.6900,0.6900,0.6900,0.6900,0.6900,0.6900,0.6900,0.6900,0.6900,0.6900,0.6900,0.6900,0.6900,0.6900,0.6900,0.6900,0.6900,0.6900,0.6900,0.6900,0.6900,0.6900,0.6900,0.6900,0.6900,0.6900,0.6900,0.6900,0.6900,0.6900,0.6900,0.6900,0.6900,0.6900,0.6900,0.6900,0.6900,0.6900,0.6900,0.6900,0.6900,0.6900,0.6900,0.6900,0.6900,0.6900,0.6900,0.6900,0.6900,0.6900,0.6900,0.6900,0.6900,0.6900,0.6900,0.6900,0.6900,0.6900,0.6900,0.6900,0.6900,0.6900,0.6900,0.6900,0.6900,0.6900,0.6900,0.6900,0.6900,0.6900,0.6900,0.6900,0.6900,0.6900,0.6900,0.6900,0.6900,0.6900,0.6900,0.6900,0.6900,0.6900,0.6900,0.6900,0.6900,0.6900,0.6900,0.6900,0.6900,0.6900,0.6900,0.6900,0.6900,0.6900,0.6900,0.6900,0.6900,0.6900,0.6900,0.6900,0.6900,0.6900,0.6900,0.6900,0.6900,0.6900,0.6900,0.6900,0.6900,0.6900,0.6900,0.6900,0.6900,0.6900,0.6900,0.6900,0.6900,0.6900,0.6900,0.6900,0.6900,0.6900,0.6900,0.6900,0.6900,0.6900,0.6900,0.6900,0.6900,0.6900,0.6900,0.6900,0.6900,0.6900,0.6900,0.6900,0.6900,0.6900,0.6900,0.6900,0.6900,0.6900,0.6900,0.6900,0.6900,0.6900,0.6900,0.6900,0.6900,0.6900,0.6900,0.6900
γ_R(ELN)*,0.5000,0.9400,0.7300,0.5000,0.5000,0.5000,0.5000,0.5000,0.5000,0.5000,0.5000,0.5000,0.5000,0.5000,0.5000,0.5000,0.5000,0.5000,0.5200,0.5300,0.5100,0.5200,0.5500,0.5400,0.5500,0.5500,0.5500,0.5300,0.5000,0.5200,0.5400,0.5400,0.5400,0.5400,0.5400,0.5400,0.5400,0.5400,0.5400,0.5400,0.5400,0.5400,0.5400,0.5400,0.5400,0.5400,0.5400,0.5400,0.5400,0.5400,0.5400,0.5400,0.5400,0.5400,0.5400,0.5400,0.5400,0.5400,0.5400,0.5400,0.5400,0.5400,0.5400,0.5400,0.5400,0.5400,0.5400,0.5400,0.5400,0.5400,0.5400,0.5400,0.5400,0.5400,0.5400,0.5400,0.5400,0.5400,0.5400,0.5400,0.5400,0.5400,0.5400,0.5400,0.5400,0.5400,0.5400,0.5400,0.5400,0.5400,0.5400,0.5400,0.5400,0.5400,0.5400,0.5400,0.5400,0.5400,0.5400,0.5400,0.5400,0.5400,0.5400,0.5400,0.5400,0.5400,0.5400,0.5400,0.5400,0.5400,0.5400,0.5400,0.5400,0.5400,0.5400,0.5400,0.5400,0.5400,0.5400,0.5400,0.5400,0.5400,0.5400,0.5400,0.5400,0.5400,0.5400,0.5400,0.5400,0.5400,0.5400,0.5400,0.5400,0.5400,0.5400,0.5400,0.5400,0.5400,0.5400,0.5400,0.5400,0.5400,0.5400,0.5400,0.5400,0.5400,0.5400,0.5400,0.5400,0.5400,0.5400,0.5400,0.5400,0.5400,0.5400,0.5400,0.5400,0.5400,0.5400,0.5400,0.5400,0.5400,0.5400,0.5400,0.5400,0.5400,0.5400,0.5400,0.5400,0.5400,0.5400,0.5400,0.5400,0.5400,0.5400,0.5400,0.5400,0.5400,0.5400,0.5400,0.5400,0.5400,0.5400,0.5400,0.5400,0.5400,0.5400,0.5400,0.5400,0.5400,0.5400,0.5400,0.5400,0.5400,0.5400,0.5400,0.5400,0.5400,0.5400,0.5400,0.5400,0.5400,0.5400,0.5400,0.5400,0.5400,0.5400,0.5400,0.5400,0.5400,0.5400,0.5400,0.5400,0.5400,0.5400,0.5400,0.5400,0.5400,0.5400,0.5400,0.5400,0.5400,0.5400,0.5400,0.5400,0.5400,0.5400,0.5400,0.5400,0.5400,0.5400,0.5400,0.5400,0.5400,0.5400,0.5400,0.5400,0.5400,0.5400,0.5400,0.5400,0.5400,0.5400,0.5400,0.5400,0.5400,0.5400,0.5400,0.5400,0.5400,0.5400,0.5400,0.5400,0.5400,0.5400,0.5400,0.5400,0.5400,0.5400,0.5400,0.5400,0.5400,0.5400,0.5400,0.5400,0.5400,0.5400,0.5400,0.5400,0.5400,0.5400,0.5400,0.5400,0.5400,0.5400,0.5400,0.5400,0.5400,0.5400,0.5400,0.5400,0.5400,0.5400,0.5400,0.5400,0.5400,0.5400,0.5400,0.5400,0.5400,0.5400,0.5400,0.5400,0.5400,0.5400,0.5400,0.5400,0.5400,0.5400,0.5400,0.5400
γ_R(FARC)*,0.6400,0.6400,0.6400,0.6400,0.6400,0.6400,0.6400,0.6400,0.6400,0.6400,0.6400,0.6400,0.6400,0.6400,0.6400,0.6400,0.6400,0.6400,0.6400,0.6400,0.6400,0.6400,0.6400,0.6400,0.6400,0.6400,0.6400,0.6400,0.6400,0.6400,0.6400,0.6400,0.6400,0.6400,0.6400,0.6400,0.6400,0.6400,0.6400,0.6400,0.6400,0.6400,0.6400,0.6400,0.6400,0.6400,0.6400,0.6400,0.6400,0.6400,0.6400,0.6400,0.6400,0.6400,0.6400,0.6400,0.6400,0.6400,0.6400,0.6400,0.6400,0.6400,0.6400,0.6400,0.6400,0.6400,0.6400,0.6400,0.6400,0.6400,0.6400,0.6400,0.6400,0.6400,0.6400,0.6400,0.6400,0.6400,0.6400,0.6400,0.6400,0.6400,0.6400,0.6400,0.6400,0.6400,0.6400,0.6400,0.6400,0.6400,0.6400,0.6400,0.6400,0.6400,0.6400,0.6400,0.6400,0.6400,0.6400,0.6400,0.6400,0.6400,0.6400,0.6400,0.6400,0.6400,0.6400,0.6400,0.6400,0.6400,0.6400,0.6400,0.6400,0.6400,0.6400,0.6400,0.6400,0.6400,0.6400,0.6400,0.6400,0.6400,0.6400,0.6400,0.6400,0.6400,0.6400,0.6400,0.6400,0.6400,0.6400,0.6400,0.6400,0.6400,0.6400,0.6400,0.6400,0.6400,0.6400,0.6400,0.6400,0.6400,0.6400,0.6400,0.6400,0.6400,0.6400,0.6400,0.6400,0.6400,0.6400,0.6400,0.6400,0.6400,0.6400,0.6400,0.6400,0.6400,0.6400,0.6400,0.6400,0.6400,0.6400,0.6400,0.6400,0.6400,0.6400,0.6400,0.6400,0.6400,0.6400,0.6400,0.6400,0.6400,0.6400,0.6400,0.6400,0.6400,0.6400,0.6400,0.6400,0.6400,0.6400,0.6400,0.6400,0.6400,0.6400,0.6400,0.6400,0.6400,0.6400,0.6400,0.6400,0.6400,0.6400,0.6400,0.6400,0.6400,0.6400,0.6400,0.6400,0.6400,0.6400,0.6400,0.6400,0.6400,0.6400,0.6400,0.6400,0.6400,0.6400,0.6400,0.6400,0.6400,0.6400,0.6400,0.6400,0.6400,0.6400,0.6400,0.6400,0.6400,0.6400,0.6400,0.6400,0.6400,0.6400,0.6400,0.6400,0.6400,0.6400,0.6400,0.6400,0.6400,0.6400,0.6400,0.6400,0.6400,0.6400,0.6400,0.6400,0.6400,0.6400,0.6400,0.6400,0.6400,0.6400,0.6400,0.6400,0.6400,0.6400,0.6400,0.6400,0.6400,0.6400,0.6400,0.6400,0.6400,0.6400,0.6400,0.6400,0.6400,0.6400,0.6400,0.6400,0.6400,0.6400,0.6400,0.6400,0.6400,0.6400,0.6400,0.6400,0.6400,0.6400,0.6400,0.6400,0.6400,0.6400,0.6400,0.6400,0.6400,0.6400,0.6400,0.6400,0.6400,0.6400,0.6400,0.6400,0.6400,0.6400,0.6400,0.6400,0.6400,0.6400,0.6400,0.6400,0.6400,0.6400,0.6400,0.6400
α_R(DC)*,0.1800,0.9900,0.6200,0.2200,0.1800,0.1800,0.1800,0.1800,0.1800,0.1800,0.1800,0.2600,0.3400,0.4300,0.4900,0.5400,0.6000,0.6300,0.6700,0.7000,0.7300,0.7600,0.7800,0.7900,0.8100,0.8200,0.8400,0.8500,0.8600,0.8700,0.8800,0.8800,0.8800,0.8800,0.8800,0.8800,0.8800,0.8800,0.8800,0.8800,0.8800,0.8800,0.8800,0.8800,0.8800,0.8800,0.8800,0.8800,0.8800,0.8800,0.8800,0.8800,0.8800,0.8800,0.8800,0.8800,0.8800,0.8800,0.8800,0.8800,0.8800,0.8800,0.8800,0.8800,0.8800,0.8800,0.8800,0.8800,0.8800,0.8800,0.8800,0.8800,0.8800,0.8800,0.8800,0.8800,0.8800,0.8800,0.8800,0.8800,0.8800,0.8800,0.8800,0.8800,0.8800,0.8800,0.8800,0.8800,0.8800,0.8800,0.8800,0.8800,0.8800,0.8800,0.8800,0.8800,0.8800,0.8800,0.8800,0.8800,0.8800,0.8800,0.8800,0.8800,0.8800,0.8800,0.8800,0.8800,0.8800,0.8800,0.8800,0.8800,0.8800,0.8800,0.8800,0.8800,0.8800,0.8800,0.8800,0.8800,0.8800,0.8800,0.8800,0.8800,0.8800,0.8800,0.8800,0.8800,0.8800,0.8800,0.8800,0.8800,0.8800,0.8800,0.8800,0.8800,0.8800,0.8800,0.8800,0.8800,0.8800,0.8800,0.8800,0.8800,0.8800,0.8800,0.8800,0.8800,0.8800,0.8800,0.8800,0.8800,0.8800,0.8800,0.8800,0.8800,0.8800,0.8800,0.8800,0.8800,0.8800,0.8800,0.8800,0.8800,0.8800,0.8800,0.8800,0.8800,0.8800,0.8800,0.8800,0.8800,0.8800,0.8800,0.8800,0.8800,0.8800,0.8800,0.8800,0.8800,0.8800,0.8800,0.8800,0.8800,0.8800,0.8800,0.8800,0.8800,0.8800,0.8800,0.8800,0.8800,0.8800,0.8800,0.8800,0.8800,0.8800,0.8800,0.8800,0.8800,0.8800,0.8800,0.8800,0.8800,0.8800,0.8800,0.8800,0.8800,0.8800,0.8800,0.8800,0.8800,0.8800,0.8800,0.8800,0.8800,0.8800,0.8800,0.8800,0.8800,0.8800,0.8800,0.8800,0.8800,0.8800,0.8800,0.8800,0.8800,0.8800,0.8800,0.8800,0.8800,0.8800,0.8800,0.8800,0.8800,0.8800,0.8800,0.8800,0.8800,0.8800,0.8800,0.8800,0.8800,0.8800,0.8800,0.8800,0.8800,0.8800,0.8800,0.8800,0.8800,0.8800,0.8800,0.8800,0.8800,0.8800,0.8800,0.8800,0.8800,0.8800,0.8800,0.8800,0.8800,0.8800,0.8800,0.8800,0.8800,0.8800,0.8800,0.8800,0.8800,0.8800,0.8800,0.8800,0.8800,0.8800,0.8800,0.8800,0.8800,0.8800,0.8800,0.8800,0.8800,0.8800,0.8800,0.8800,0.8800,0.8800,0.8800,0.8800,0.8800,0.8800,0.8800,0.8800,0.8800,0.8800,0.8800,0.8800,0.8800,0.8800
α_R(PAR)*,0.3100,0.6100,0.6200,0.6100,0.6000,0.5900,0.6300,0.6100,0.6400,0.6000,0.6400,0.6000,0.6500,0.6500,0.6400,0.6600,0.6600,0.6600,0.6700,0.6700,0.6900,0.6800,0.7400,0.7100,0.6900,0.7400,0.7300,0.7100,0.7500,0.7400,0.7700,0.7700,0.7700,0.7700,0.7700,0.7700,0.7700,0.7700,0.7700,0.7700,0.7700,0.7700,0.7700,0.7700,0.7700,0.7700,0.7700,0.7700,0.7700,0.7700,0.7700,0.7700,0.7700,0.7700,0.7700,0.7700,0.7700,0.7700,0.7700,0.7700,0.7700,0.7700,0.7700,0.7700,0.7700,0.7700,0.7700,0.7700,0.7700,0.7700,0.7700,0.7700,0.7700,0.7700,0.7700,0.7700,0.7700,0.7700,0.7700,0.7700,0.7700,0.7700,0.7700,0.7700,0.7700,0.7700,0.7700,0.7700,0.7700,0.7700,0.7700,0.7700,0.7700,0.7700,0.7700,0.7700,0.7700,0.7700,0.7700,0.7700,0.7700,0.7700,0.7700,0.7700,0.7700,0.7700,0.7700,0.7700,0.7700,0.7700,0.7700,0.7700,0.7700,0.7700,0.7700,0.7700,0.7700,0.7700,0.7700,0.7700,0.7700,0.7700,0.7700,0.7700,0.7700,0.7700,0.7700,0.7700,0.7700,0.7700,0.7700,0.7700,0.7700,0.7700,0.7700,0.7700,0.7700,0.7700,0.7700,0.7700,0.7700,0.7700,0.7700,0.7700,0.7700,0.7700,0.7700,0.7700,0.7700,0.7700,0.7700,0.7700,0.7700,0.7700,0.7700,0.7700,0.7700,0.7700,0.7700,0.7700,0.7700,0.7700,0.7700,0.7700,0.7700,0.7700,0.7700,0.7700,0.7700,0.7700,0.7700,0.7700,0.7700,0.7700,0.7700,0.7700,0.7700,0.7700,0.7700,0.7700,0.7700,0.7700,0.7700,0.7700,0.7700,0.7700,0.7700,0.7700,0.7700,0.7700,0.7700,0.7700,0.7700,0.7700,0.7700,0.7700,0.7700,0.7700,0.7700,0.7700,0.7700,0.7700,0.7700,0.7700,0.7700,0.7700,0.7700,0.7700,0.7700,0.7700,0.7700,0.7700,0.7700,0.7700,0.7700,0.7700,0.7700,0.7700,0.7700,0.7700,0.7700,0.7700,0.7700,0.7700,0.7700,0.7700,0.7700,0.7700,0.7700,0.7700,0.7700,0.7700,0.7700,0.7700,0.7700,0.7700,0.7700,0.7700,0.7700,0.7700,0.7700,0.7700,0.7700,0.7700,0.7700,0.7700,0.7700,0.7700,0.7700,0.7700,0.7700,0.7700,0.7700,0.7700,0.7700,0.7700,0.7700,0.7700,0.7700,0.7700,0.7700,0.7700,0.7700,0.7700,0.7700,0.7700,0.7700,0.7700,0.7700,0.7700,0.7700,0.7700,0.7700,0.7700,0.7700,0.7700,0.7700,0.7700,0.7700,0.7700,0.7700,0.7700,0.7700,0.7700,0.7700,0.7700,0.7700,0.7700,0.7700,0.7700,0.7700,0.7700,0.7700,0.7700,0.7700,0.7700,0.7700,0.7700,0.7700,0.7700,0.7700
α_R(ELN)*,0.4500,0.8000,0.6100,0.4500,0.4500,0.4500,0.4500,0.4500,0.4500,0.4500,0.4500,0.4500,0.4500,0.4500,0.4500,0.4500,0.4500,0.4800,0.5200,0.5600,0.6000,0.6300,0.6500,0.6800,0.7000,0.7200,0.7400,0.7600,0.7800,0.7900,0.8000,0.8000,0.8000,0.8000,0.8000,0.8000,0.8000,0.8000,0.8000,0.8000,0.8000,0.8000,0.8000,0.8000,0.8000,0.8000,0.8000,0.8000,0.8000,0.8000,0.8000,0.8000,0.8000,0.8000,0.8000,0.8000,0.8000,0.8000,0.8000,0.8000,0.8000,0.8000,0.8000,0.8000,0.8000,0.8000,0.8000,0.8000,0.8000,0.8000,0.8000,0.8000,0.8000,0.8000,0.8000,0.8000,0.8000,0.8000,0.8000,0.8000,0.8000,0.8000,0.8000,0.8000,0.8000,0.8000,0.8000,0.8000,0.8000,0.8000,0.8000,0.8000,0.8000,0.8000,0.8000,0.8000,0.8000,0.8000,0.8000,0.8000,0.8000,0.8000,0.8000,0.8000,0.8000,0.8000,0.8000,0.8000,0.8000,0.8000,0.8000,0.8000,0.8000,0.8000,0.8000,0.8000,0.8000,0.8000,0.8000,0.8000,0.8000,0.8000,0.8000,0.8000,0.8000,0.8000,0.8000,0.8000,0.8000,0.8000,0.8000,0.8000,0.8000,0.8000,0.8000,0.8000,0.8000,0.8000,0.8000,0.8000,0.8000,0.8000,0.8000,0.8000,0.8000,0.8000,0.8000,0.8000,0.8000,0.8000,0.8000,0.8000,0.8000,0.8000,0.8000,0.8000,0.8000,0.8000,0.8000,0.8000,0.8000,0.8000,0.8000,0.8000,0.8000,0.8000,0.8000,0.8000,0.8000,0.8000,0.8000,0.8000,0.8000,0.8000,0.8000,0.8000,0.8000,0.8000,0.8000,0.8000,0.8000,0.8000,0.8000,0.8000,0.8000,0.8000,0.8000,0.8000,0.8000,0.8000,0.8000,0.8000,0.8000,0.8000,0.8000,0.8000,0.8000,0.8000,0.8000,0.8000,0.8000,0.8000,0.8000,0.8000,0.8000,0.8000,0.8000,0.8000,0.8000,0.8000,0.8000,0.8000,0.8000,0.8000,0.8000,0.8000,0.8000,0.8000,0.8000,0.8000,0.8000,0.8000,0.8000,0.8000,0.8000,0.8000,0.8000,0.8000,0.8000,0.8000,0.8000,0.8000,0.8000,0.8000,0.8000,0.8000,0.8000,0.8000,0.8000,0.8000,0.8000,0.8000,0.8000,0.8000,0.8000,0.8000,0.8000,0.8000,0.8000,0.8000,0.8000,0.8000,0.8000,0.8000,0.8000,0.8000,0.8000,0.8000,0.8000,0.8000,0.8000,0.8000,0.8000,0.8000,0.8000,0.8000,0.8000,0.8000,0.8000,0.8000,0.8000,0.8000,0.8000,0.8000,0.8000,0.8000,0.8000,0.8000,0.8000,0.8000,0.8000,0.8000,0.8000,0.8000,0.8000,0.8000,0.8000,0.8000,0.8000,0.8000,0.8000,0.8000,0.8000,0.8000,0.8000,0.8000,0.8000,0.8000,0.8000,0.8000,0.8000
α_R(FARC)*,0.5900,0.5900,0.5900,0.5900,0.5900,0.5900,0.5900,0.5900,0.5900,0.5900,0.5900,0.5900,0.5900,0.5900,0.5900,0.5900,0.5900,0.5900,0.5900,0.5900,0.5900,0.5900,0.5900,0.5900,0.5900,0.5900,0.5900,0.5900,0.5900,0.5900,0.5900,0.5900,0.5900,0.5900,0.5900,0.5900,0.5900,0.5900,0.5900,0.5900,0.5900,0.5900,0.5900,0.5900,0.5900,0.5900,0.5900,0.5900,0.5900,0.5900,0.5900,0.5900,0.5900,0.5900,0.5900,0.5900,0.5900,0.5900,0.5900,0.5900,0.5900,0.5900,0.5900,0.5900,0.5900,0.5900,0.5900,0.5900,0.5900,0.5900,0.5900,0.5900,0.5900,0.5900,0.5900,0.5900,0.5900,0.5900,0.5900,0.5900,0.5900,0.5900,0.5900,0.5900,0.5900,0.5900,0.5900,0.5900,0.5900,0.5900,0.5900,0.5900,0.5900,0.5900,0.5900,0.5900,0.5900,0.5900,0.5900,0.5900,0.5900,0.5900,0.5900,0.5900,0.5900,0.5900,0.5900,0.5900,0.5900,0.5900,0.5900,0.5900,0.5900,0.5900,0.5900,0.5900,0.5900,0.5900,0.5900,0.5900,0.5900,0.5900,0.5900,0.5900,0.5900,0.5900,0.5900,0.5900,0.5900,0.5900,0.5900,0.5900,0.5900,0.5900,0.5900,0.5900,0.5900,0.5900,0.5900,0.5900,0.5900,0.5900,0.5900,0.5900,0.5900,0.5900,0.5900,0.5900,0.5900,0.5900,0.5900,0.5900,0.5900,0.5900,0.5900,0.5900,0.5900,0.5900,0.5900,0.5900,0.5900,0.5900,0.5900,0.5900,0.5900,0.5900,0.5900,0.5900,0.5900,0.5900,0.5900,0.5900,0.5900,0.5900,0.5900,0.5900,0.5900,0.5900,0.5900,0.5900,0.5900,0.5900,0.5900,0.5900,0.5900,0.5900,0.5900,0.5900,0.5900,0.5900,0.5900,0.5900,0.5900,0.5900,0.5900,0.5900,0.5900,0.5900,0.5900,0.5900,0.5900,0.5900,0.5900,0.5900,0.5900,0.5900,0.5900,0.5900,0.5900,0.5900,0.5900,0.5900,0.5900,0.5900,0.5900,0.5900,0.5900,0.5900,0.5900,0.5900,0.5900,0.5900,0.5900,0.5900,0.5900,0.5900,0.5900,0.5900,0.5900,0.5900,0.5900,0.5900,0.5900,0.5900,0.5900,0.5900,0.5900,0.5900,0.5900,0.5900,0.5900,0.5900,0.5900,0.5900,0.5900,0.5900,0.5900,0.5900,0.5900,0.5900,0.5900,0.5900,0.5900,0.5900,0.5900,0.5900,0.5900,0.5900,0.5900,0.5900,0.5900,0.5900,0.5900,0.5900,0.5900,0.5900,0.5900,0.5900,0.5900,0.5900,0.5900,0.5900,0.5900,0.5900,0.5900,0.5900,0.5900,0.5900,0.5900,0.5900,0.5900,0.5900,0.5900,0.5900,0.5900,0.5900,0.5900,0.5900,0.5900,0.5900,0.5900,0.5900,0.5900,0.5900,0.5900,0.5900,0.5900,0.5900,0.5900,0.5900,0.5900
γ_N(DC)*,0.5900,1.0000,0.6200,0.5900,0.5900,0.5900,0.5900,0.5900,0.5900,0.5900,0.5900,0.5900,0.5900,0.5900,0.5900,0.5900,0.5900,0.5900,0.5900,0.5900,0.5900,0.5800,0.6000,0.6000,0.6000,0.5800,0.6200,0.5800,0.5900,0.6000,0.6000,0.6000,0.6000,0.6000,0.6000,0.6000,0.6000,0.6000,0.6000,0.6000,0.6000,0.6000,0.6000,0.6000,0.6000,0.6000,0.6000,0.6000,0.6000,0.6000,0.6000,0.6000,0.6000,0.6000,0.6000,0.6000,0.6000,0.6000,0.6000,0.6000,0.6000,0.6000,0.6000,0.6000,0.6000,0.6000,0.6000,0.6000,0.6000,0.6000,0.6000,0.6000,0.6000,0.6000,0.6000,0.6000,0.6000,0.6000,0.6000,0.6000,0.6000,0.6000,0.6000,0.6000,0.6000,0.6000,0.6000,0.6000,0.6000,0.6000,0.6000,0.6000,0.6000,0.6000,0.6000,0.6000,0.6000,0.6000,0.6000,0.6000,0.6000,0.6000,0.6000,0.6000,0.6000,0.6000,0.6000,0.6000,0.6000,0.6000,0.6000,0.6000,0.6000,0.6000,0.6000,0.6000,0.6000,0.6000,0.6000,0.6000,0.6000,0.6000,0.6000,0.6000,0.6000,0.6000,0.6000,0.6000,0.6000,0.6000,0.6000,0.6000,0.6000,0.6000,0.6000,0.6000,0.6000,0.6000,0.6000,0.6000,0.6000,0.6000,0.6000,0.6000,0.6000,0.6000,0.6000,0.6000,0.6000,0.6000,0.6000,0.6000,0.6000,0.6000,0.6000,0.6000,0.6000,0.6000,0.6000,0.6000,0.6000,0.6000,0.6000,0.6000,0.6000,0.6000,0.6000,0.6000,0.6000,0.6000,0.6000,0.6000,0.6000,0.6000,0.6000,0.6000,0.6000,0.6000,0.6000,0.6000,0.6000,0.6000,0.6000,0.6000,0.6000,0.6000,0.6000,0.6000,0.6000,0.6000,0.6000,0.6000,0.6000,0.6000,0.6000,0.6000,0.6000,0.6000,0.6000,0.6000,0.6000,0.6000,0.6000,0.6000,0.6000,0.6000,0.6000,0.6000,0.6000,0.6000,0.6000,0.6000,0.6000,0.6000,0.6000,0.6000,0.6000,0.6000,0.6000,0.6000,0.6000,0.6000,0.6000,0.6000,0.6000,0.6000,0.6000,0.6000,0.6000,0.6000,0.6000,0.6000,0.6000,0.6000,0.6000,0.6000,0.6000,0.6000,0.6000,0.6000,0.6000,0.6000,0.6000,0.6000,0.6000,0.6000,0.6000,0.6000,0.6000,0.6000,0.6000,0.6000,0.6000,0.6000,0.6000,0.6000,0.6000,0.6000,0.6000,0.6000,0.6000,0.6000,0.6000,0.6000,0.6000,0.6000,0.6000,0.6000,0.6000,0.6000,0.6000,0.6000,0.6000,0.6000,0.6000,0.6000,0.6000,0.6000,0.6000,0.6000,0.6000,0.6000,0.6000,0.6000,0.6000,0.6000,0.6000,0.6000,0.6000,0.6000,0.6000,0.6000,0.6000,0.6000,0.6000,0.6000,0.6000,0.6000,0.6000,0.6000,0.6000
γ_N(PAR)*,0.6400,0.6800,0.6700,0.6700,0.6700,0.6600,0.6600,0.6600,0.6500,0.6600,0.6500,0.6500,0.6500,0.6500,0.6500,0.6500,0.6500,0.6600,0.6500,0.6600,0.6500,0.6600,0.6500,0.6500,0.6500,0.6500,0.6500,0.6200,0.6400,0.6200,0.6400,0.6400,0.6400,0.6400,0.6400,0.6400,0.6400,0.6400,0.6400,0.6400,0.6400,0.6400,0.6400,0.6400,0.6400,0.6400,0.6400,0.6400,0.6400,0.6400,0.6400,0.6400,0.6400,0.6400,0.6400,0.6400,0.6400,0.6400,0.6400,0.6400,0.6400,0.6400,0.6400,0.6400,0.6400,0.6400,0.6400,0.6400,0.6400,0.6400,0.6400,0.6400,0.6400,0.6400,0.6400,0.6400,0.6400,0.6400,0.6400,0.6400,0.6400,0.6400,0.6400,0.6400,0.6400,0.6400,0.6400,0.6400,0.6400,0.6400,0.6400,0.6400,0.6400,0.6400,0.6400,0.6400,0.6400,0.6400,0.6400,0.6400,0.6400,0.6400,0.6400,0.6400,0.6400,0.6400,0.6400,0.6400,0.6400,0.6400,0.6400,0.6400,0.6400,0.6400,0.6400,0.6400,0.6400,0.6400,0.6400,0.6400,0.6400,0.6400,0.6400,0.6400,0.6400,0.6400,0.6400,0.6400,0.6400,0.6400,0.6400,0.6400,0.6400,0.6400,0.6400,0.6400,0.6400,0.6400,0.6400,0.6400,0.6400,0.6400,0.6400,0.6400,0.6400,0.6400,0.6400,0.6400,0.6400,0.6400,0.6400,0.6400,0.6400,0.6400,0.6400,0.6400,0.6400,0.6400,0.6400,0.6400,0.6400,0.6400,0.6400,0.6400,0.6400,0.6400,0.6400,0.6400,0.6400,0.6400,0.6400,0.6400,0.6400,0.6400,0.6400,0.6400,0.6400,0.6400,0.6400,0.6400,0.6400,0.6400,0.6400,0.6400,0.6400,0.6400,0.6400,0.6400,0.6400,0.6400,0.6400,0.6400,0.6400,0.6400,0.6400,0.6400,0.6400,0.6400,0.6400,0.6400,0.6400,0.6400,0.6400,0.6400,0.6400,0.6400,0.6400,0.6400,0.6400,0.6400,0.6400,0.6400,0.6400,0.6400,0.6400,0.6400,0.6400,0.6400,0.6400,0.6400,0.6400,0.6400,0.6400,0.6400,0.6400,0.6400,0.6400,0.6400,0.6400,0.6400,0.6400,0.6400,0.6400,0.6400,0.6400,0.6400,0.6400,0.6400,0.6400,0.6400,0.6400,0.6400,0.6400,0.6400,0.6400,0.6400,0.6400,0.6400,0.6400,0.6400,0.6400,0.6400,0.6400,0.6400,0.6400,0.6400,0.6400,0.6400,0.6400,0.6400,0.6400,0.6400,0.6400,0.6400,0.6400,0.6400,0.6400,0.6400,0.6400,0.6400,0.6400,0.6400,0.6400,0.6400,0.6400,0.6400,0.6400,0.6400,0.6400,0.6400,0.6400,0.6400,0.6400,0.6400,0.6400,0.6400,0.6400,0.6400,0.6400,0.6400,0.6400,0.6400,0.6400,0.6400,0.6400,0.6400,0.6400,0.6400,0.6400,0.6400,0.6400
γ_N(ELN)*,0.6900,0.8200,0.6900,0.6900,0.6900,0.6900,0.6900,0.6900,0.6900,0.6900,0.6900,0.6900,0.6900,0.6900,0.6900,0.6800,0.6800,0.6800,0.6800,0.6800,0.6800,0.6800,0.6700,0.6700,0.6700,0.6700,0.6700,0.6800,0.6600,0.6600,0.6600,0.6600,0.6600,0.6600,0.6600,0.6600,0.6600,0.6600,0.6600,0.6600,0.6600,0.6600,0.6600,0.6600,0.6600,0.6600,0.6600,0.6600,0.6600,0.6600,0.6600,0.6600,0.6600,0.6600,0.6600,0.6600,0.6600,0.6600,0.6600,0.6600,0.6600,0.6600,0.6600,0.6600,0.6600,0.6600,0.6600,0.6600,0.6600,0.6600,0.6600,0.6600,0.6600,0.6600,0.6600,0.6600,0.6600,0.6600,0.6600,0.6600,0.6600,0.6600,0.6600,0.6600,0.6600,0.6600,0.6600,0.6600,0.6600,0.6600,0.6600,0.6600,0.6600,0.6600,0.6600,0.6600,0.6600,0.6600,0.6600,0.6600,0.6600,0.6600,0.6600,0.6600,0.6600,0.6600,0.6600,0.6600,0.6600,0.6600,0.6600,0.6600,0.6600,0.6600,0.6600,0.6600,0.6600,0.6600,0.6600,0.6600,0.6600,0.6600,0.6600,0.6600,0.6600,0.6600,0.6600,0.6600,0.6600,0.6600,0.6600,0.6600,0.6600,0.6600,0.6600,0.6600,0.6600,0.6600,0.6600,0.6600,0.6600,0.6600,0.6600,0.6600,0.6600,0.6600,0.6600,0.6600,0.6600,0.6600,0.6600,0.6600,0.6600,0.6600,0.6600,0.6600,0.6600,0.6600,0.6600,0.6600,0.6600,0.6600,0.6600,0.6600,0.6600,0.6600,0.6600,0.6600,0.6600,0.6600,0.6600,0.6600,0.6600,0.6600,0.6600,0.6600,0.6600,0.6600,0.6600,0.6600,0.6600,0.6600,0.6600,0.6600,0.6600,0.6600,0.6600,0.6600,0.6600,0.6600,0.6600,0.6600,0.6600,0.6600,0.6600,0.6600,0.6600,0.6600,0.6600,0.6600,0.6600,0.6600,0.6600,0.6600,0.6600,0.6600,0.6600,0.6600,0.6600,0.6600,0.6600,0.6600,0.6600,0.6600,0.6600,0.6600,0.6600,0.6600,0.6600,0.6600,0.6600,0.6600,0.6600,0.6600,0.6600,0.6600,0.6600,0.6600,0.6600,0.6600,0.6600,0.6600,0.6600,0.6600,0.6600,0.6600,0.6600,0.6600,0.6600,0.6600,0.6600,0.6600,0.6600,0.6600,0.6600,0.6600,0.6600,0.6600,0.6600,0.6600,0.6600,0.6600,0.6600,0.6600,0.6600,0.6600,0.6600,0.6600,0.6600,0.6600,0.6600,0.6600,0.6600,0.6600,0.6600,0.6600,0.6600,0.6600,0.6600,0.6600,0.6600,0.6600,0.6600,0.6600,0.6600,0.6600,0.6600,0.6600,0.6600,0.6600,0.6600,0.6600,0.6600,0.6600,0.6600,0.6600,0.6600,0.6600,0.6600,0.6600,0.6600,0.6600,0.6600,0.6600,0.6600,0.6600,0.6600,0.6600,0.6600,0.6600,0.6600
γ_N(FARC)*,0.7400,0.7400,0.7400,0.7400,0.7400,0.7400,0.7400,0.7400,0.7400,0.7400,0.7400,0.7400,0.7400,0.7400,0.7400,0.7400,0.7400,0.7400,0.7400,0.7400,0.7400,0.7400,0.7300,0.7300,0.7300,0.7300,0.7300,0.7300,0.7300,0.7300,0.7300,0.7300,0.7300,0.7300,0.7300,0.7300,0.7300,0.7300,0.7300,0.7300,0.7300,0.7300,0.7300,0.7300,0.7300,0.7300,0.7300,0.7300,0.7300,0.7300,0.7300,0.7300,0.7300,0.7300,0.7300,0.7300,0.7300,0.7300,0.7300,0.7300,0.7300,0.7300,0.7300,0.7300,0.7300,0.7300,0.7300,0.7300,0.7300,0.7300,0.7300,0.7300,0.7300,0.7300,0.7300,0.7300,0.7300,0.7300,0.7300,0.7300,0.7300,0.7300,0.7300,0.7300,0.7300,0.7300,0.7300,0.7300,0.7300,0.7300,0.7300,0.7300,0.7300,0.7300,0.7300,0.7300,0.7300,0.7300,0.7300,0.7300,0.7300,0.7300,0.7300,0.7300,0.7300,0.7300,0.7300,0.7300,0.7300,0.7300,0.7300,0.7300,0.7300,0.7300,0.7300,0.7300,0.7300,0.7300,0.7300,0.7300,0.7300,0.7300,0.7300,0.7300,0.7300,0.7300,0.7300,0.7300,0.7300,0.7300,0.7300,0.7300,0.7300,0.7300,0.7300,0.7300,0.7300,0.7300,0.7300,0.7300,0.7300,0.7300,0.7300,0.7300,0.7300,0.7300,0.7300,0.7300,0.7300,0.7300,0.7300,0.7300,0.7300,0.7300,0.7300,0.7300,0.7300,0.7300,0.7300,0.7300,0.7300,0.7300,0.7300,0.7300,0.7300,0.7300,0.7300,0.7300,0.7300,0.7300,0.7300,0.7300,0.7300,0.7300,0.7300,0.7300,0.7300,0.7300,0.7300,0.7300,0.7300,0.7300,0.7300,0.7300,0.7300,0.7300,0.7300,0.7300,0.7300,0.7300,0.7300,0.7300,0.7300,0.7300,0.7300,0.7300,0.7300,0.7300,0.7300,0.7300,0.7300,0.7300,0.7300,0.7300,0.7300,0.7300,0.7300,0.7300,0.7300,0.7300,0.7300,0.7300,0.7300,0.7300,0.7300,0.7300,0.7300,0.7300,0.7300,0.7300,0.7300,0.7300,0.7300,0.7300,0.7300,0.7300,0.7300,0.7300,0.7300,0.7300,0.7300,0.7300,0.7300,0.7300,0.7300,0.7300,0.7300,0.7300,0.7300,0.7300,0.7300,0.7300,0.7300,0.7300,0.7300,0.7300,0.7300,0.7300,0.7300,0.7300,0.7300,0.7300,0.7300,0.7300,0.7300,0.7300,0.7300,0.7300,0.7300,0.7300,0.7300,0.7300,0.7300,0.7300,0.7300,0.7300,0.7300,0.7300,0.7300,0.7300,0.7300,0.7300,0.7300,0.7300,0.7300,0.7300,0.7300,0.7300,0.7300,0.7300,0.7300,0.7300,0.7300,0.7300,0.7300,0.7300,0.7300,0.7300,0.7300,0.7300,0.7300,0.7300,0.7300,0.7300,0.7300,0.7300,0.7300,0.7300,0.7300,0.7300,0.7300
α_N(DC)*,0.6200,0.9900,0.6800,0.6200,0.6200,0.6200,0.6200,0.6200,0.6200,0.6200,0.6200,0.6200,0.6200,0.6200,0.6200,0.6200,0.6200,0.6200,0.6200,0.6400,0.6700,0.7000,0.7200,0.7400,0.7600,0.7800,0.7900,0.8100,0.8200,0.8300,0.8400,0.8400,0.8400,0.8400,0.8400,0.8400,0.8400,0.8400,0.8400,0.8400,0.8400,0.8400,0.8400,0.8400,0.8400,0.8400,0.8400,0.8400,0.8400,0.8400,0.8400,0.8400,0.8400,0.8400,0.8400,0.8400,0.8400,0.8400,0.8400,0.8400,0.8400,0.8400,0.8400,0.8400,0.8400,0.8400,0.8400,0.8400,0.8400,0.8400,0.8400,0.8400,0.8400,0.8400,0.8400,0.8400,0.8400,0.8400,0.8400,0.8400,0.8400,0.8400,0.8400,0.8400,0.8400,0.8400,0.8400,0.8400,0.8400,0.8400,0.8400,0.8400,0.8400,0.8400,0.8400,0.8400,0.8400,0.8400,0.8400,0.8400,0.8400,0.8400,0.8400,0.8400,0.8400,0.8400,0.8400,0.8400,0.8400,0.8400,0.8400,0.8400,0.8400,0.8400,0.8400,0.8400,0.8400,0.8400,0.8400,0.8400,0.8400,0.8400,0.8400,0.8400,0.8400,0.8400,0.8400,0.8400,0.8400,0.8400,0.8400,0.8400,0.8400,0.8400,0.8400,0.8400,0.8400,0.8400,0.8400,0.8400,0.8400,0.8400,0.8400,0.8400,0.8400,0.8400,0.8400,0.8400,0.8400,0.8400,0.8400,0.8400,0.8400,0.8400,0.8400,0.8400,0.8400,0.8400,0.8400,0.8400,0.8400,0.8400,0.8400,0.8400,0.8400,0.8400,0.8400,0.8400,0.8400,0.8400,0.8400,0.8400,0.8400,0.8400,0.8400,0.8400,0.8400,0.8400,0.8400,0.8400,0.8400,0.8400,0.8400,0.8400,0.8400,0.8400,0.8400,0.8400,0.8400,0.8400,0.8400,0.8400,0.8400,0.8400,0.8400,0.8400,0.8400,0.8400,0.8400,0.8400,0.8400,0.8400,0.8400,0.8400,0.8400,0.8400,0.8400,0.8400,0.8400,0.8400,0.8400,0.8400,0.8400,0.8400,0.8400,0.8400,0.8400,0.8400,0.8400,0.8400,0.8400,0.8400,0.8400,0.8400,0.8400,0.8400,0.8400,0.8400,0.8400,0.8400,0.8400,0.8400,0.8400,0.8400,0.8400,0.8400,0.8400,0.8400,0.8400,0.8400,0.8400,0.8400,0.8400,0.8400,0.8400,0.8400,0.8400,0.8400,0.8400,0.8400,0.8400,0.8400,0.8400,0.8400,0.8400,0.8400,0.8400,0.8400,0.8400,0.8400,0.8400,0.8400,0.8400,0.8400,0.8400,0.8400,0.8400,0.8400,0.8400,0.8400,0.8400,0.8400,0.8400,0.8400,0.8400,0.8400,0.8400,0.8400,0.8400,0.8400,0.8400,0.8400,0.8400,0.8400,0.8400,0.8400,0.8400,0.8400,0.8400,0.8400,0.8400,0.8400,0.8400,0.8400,0.8400,0.8400,0.8400,0.8400,0.8400,0.8400,0.8400
α_N(PAR)*,0.6700,0.7300,0.7300,0.7200,0.7100,0.7100,0.7000,0.7000,0.7000,0.6800,0.7000,0.7000,0.7100,0.7100,0.7200,0.7200,0.7300,0.7300,0.7400,0.7400,0.7500,0.7500,0.7600,0.7700,0.7700,0.7800,0.7800,0.8100,0.8000,0.8200,0.8100,0.8100,0.8100,0.8100,0.8100,0.8100,0.8100,0.8100,0.8100,0.8100,0.8100,0.8100,0.8100,0.8100,0.8100,0.8100,0.8100,0.8100,0.8100,0.8100,0.8100,0.8100,0.8100,0.8100,0.8100,0.8100,0.8100,0.8100,0.8100,0.8100,0.8100,0.8100,0.8100,0.8100,0.8100,0.8100,0.8100,0.8100,0.8100,0.8100,0.8100,0.8100,0.8100,0.8100,0.8100,0.8100,0.8100,0.8100,0.8100,0.8100,0.8100,0.8100,0.8100,0.8100,0.8100,0.8100,0.8100,0.8100,0.8100,0.8100,0.8100,0.8100,0.8100,0.8100,0.8100,0.8100,0.8100,0.8100,0.8100,0.8100,0.8100,0.8100,0.8100,0.8100,0.8100,0.8100,0.8100,0.8100,0.8100,0.8100,0.8100,0.8100,0.8100,0.8100,0.8100,0.8100,0.8100,0.8100,0.8100,0.8100,0.8100,0.8100,0.8100,0.8100,0.8100,0.8100,0.8100,0.8100,0.8100,0.8100,0.8100,0.8100,0.8100,0.8100,0.8100,0.8100,0.8100,0.8100,0.8100,0.8100,0.8100,0.8100,0.8100,0.8100,0.8100,0.8100,0.8100,0.8100,0.8100,0.8100,0.8100,0.8100,0.8100,0.8100,0.8100,0.8100,0.8100,0.8100,0.8100,0.8100,0.8100,0.8100,0.8100,0.8100,0.8100,0.8100,0.8100,0.8100,0.8100,0.8100,0.8100,0.8100,0.8100,0.8100,0.8100,0.8100,0.8100,0.8100,0.8100,0.8100,0.8100,0.8100,0.8100,0.8100,0.8100,0.8100,0.8100,0.8100,0.8100,0.8100,0.8100,0.8100,0.8100,0.8100,0.8100,0.8100,0.8100,0.8100,0.8100,0.8100,0.8100,0.8100,0.8100,0.8100,0.8100,0.8100,0.8100,0.8100,0.8100,0.8100,0.8100,0.8100,0.8100,0.8100,0.8100,0.8100,0.8100,0.8100,0.8100,0.8100,0.8100,0.8100,0.8100,0.8100,0.8100,0.8100,0.8100,0.8100,0.8100,0.8100,0.8100,0.8100,0.8100,0.8100,0.8100,0.8100,0.8100,0.8100,0.8100,0.8100,0.8100,0.8100,0.8100,0.8100,0.8100,0.8100,0.8100,0.8100,0.8100,0.8100,0.8100,0.8100,0.8100,0.8100,0.8100,0.8100,0.8100,0.8100,0.8100,0.8100,0.8100,0.8100,0.8100,0.8100,0.8100,0.8100,0.8100,0.8100,0.8100,0.8100,0.8100,0.8100,0.8100,0.8100,0.8100,0.8100,0.8100,0.8100,0.8100,0.8100,0.8100,0.8100,0.8100,0.8100,0.8100,0.8100,0.8100,0.8100,0.8100,0.8100,0.8100,0.8100,0.8100,0.8100,0.8100,0.8100,0.8100,0.8100,0.8100,0.8100,0.8100
α_N(ELN)*,0.7200,0.9400,0.7200,0.7200,0.7200,0.7200,0.7200,0.7200,0.7200,0.7200,0.7200,0.7200,0.7200,0.7200,0.7200,0.7200,0.7200,0.7200,0.7200,0.7100,0.7100,0.7100,0.7100,0.7100,0.7100,0.7100,0.7200,0.7300,0.7500,0.7700,0.7800,0.7800,0.7800,0.7800,0.7800,0.7800,0.7800,0.7800,0.7800,0.7800,0.7800,0.7800,0.7800,0.7800,0.7800,0.7800,0.7800,0.7800,0.7800,0.7800,0.7800,0.7800,0.7800,0.7800,0.7800,0.7800,0.7800,0.7800,0.7800,0.7800,0.7800,0.7800,0.7800,0.7800,0.7800,0.7800,0.7800,0.7800,0.7800,0.7800,0.7800,0.7800,0.7800,0.7800,0.7800,0.7800,0.7800,0.7800,0.7800,0.7800,0.7800,0.7800,0.7800,0.7800,0.7800,0.7800,0.7800,0.7800,0.7800,0.7800,0.7800,0.7800,0.7800,0.7800,0.7800,0.7800,0.7800,0.7800,0.7800,0.7800,0.7800,0.7800,0.7800,0.7800,0.7800,0.7800,0.7800,0.7800,0.7800,0.7800,0.7800,0.7800,0.7800,0.7800,0.7800,0.7800,0.7800,0.7800,0.7800,0.7800,0.7800,0.7800,0.7800,0.7800,0.7800,0.7800,0.7800,0.7800,0.7800,0.7800,0.7800,0.7800,0.7800,0.7800,0.7800,0.7800,0.7800,0.7800,0.7800,0.7800,0.7800,0.7800,0.7800,0.7800,0.7800,0.7800,0.7800,0.7800,0.7800,0.7800,0.7800,0.7800,0.7800,0.7800,0.7800,0.7800,0.7800,0.7800,0.7800,0.7800,0.7800,0.7800,0.7800,0.7800,0.7800,0.7800,0.7800,0.7800,0.7800,0.7800,0.7800,0.7800,0.7800,0.7800,0.7800,0.7800,0.7800,0.7800,0.7800,0.7800,0.7800,0.7800,0.7800,0.7800,0.7800,0.7800,0.7800,0.7800,0.7800,0.7800,0.7800,0.7800,0.7800,0.7800,0.7800,0.7800,0.7800,0.7800,0.7800,0.7800,0.7800,0.7800,0.7800,0.7800,0.7800,0.7800,0.7800,0.7800,0.7800,0.7800,0.7800,0.7800,0.7800,0.7800,0.7800,0.7800,0.7800,0.7800,0.7800,0.7800,0.7800,0.7800,0.7800,0.7800,0.7800,0.7800,0.7800,0.7800,0.7800,0.7800,0.7800,0.7800,0.7800,0.7800,0.7800,0.7800,0.7800,0.7800,0.7800,0.7800,0.7800,0.7800,0.7800,0.7800,0.7800,0.7800,0.7800,0.7800,0.7800,0.7800,0.7800,0.7800,0.7800,0.7800,0.7800,0.7800,0.7800,0.7800,0.7800,0.7800,0.7800,0.7800,0.7800,0.7800,0.7800,0.7800,0.7800,0.7800,0.7800,0.7800,0.7800,0.7800,0.7800,0.7800,0.7800,0.7800,0.7800,0.7800,0.7800,0.7800,0.7800,0.7800,0.7800,0.7800,0.7800,0.7800,0.7800,0.7800,0.7800,0.7800,0.7800,0.7800,0.7800,0.7800,0.7800,0.7800,0.7800,0.7800,0.7800,0.7800,0.7800
α_N(FARC)*,0.7700,0.7700,0.7700,0.7700,0.7700,0.7700,0.7700,0.7700,0.7700,0.7700,0.7700,0.7700,0.7700,0.7700,0.7700,0.7700,0.7700,0.7700,0.7700,0.7700,0.7700,0.7700,0.7700,0.7700,0.7700,0.7700,0.7700,0.7700,0.7600,0.7600,0.7600,0.7600,0.7600,0.7600,0.7600,0.7600,0.7600,0.7600,0.7600,0.7600,0.7600,0.7600,0.7600,0.7600,0.7600,0.7600,0.7600,0.7600,0.7600,0.7600,0.7600,0.7600,0.7600,0.7600,0.7600,0.7600,0.7600,0.7600,0.7600,0.7600,0.7600,0.7600,0.7600,0.7600,0.7600,0.7600,0.7600,0.7600,0.7600,0.7600,0.7600,0.7600,0.7600,0.7600,0.7600,0.7600,0.7600,0.7600,0.7600,0.7600,0.7600,0.7600,0.7600,0.7600,0.7600,0.7600,0.7600,0.7600,0.7600,0.7600,0.7600,0.7600,0.7600,0.7600,0.7600,0.7600,0.7600,0.7600,0.7600,0.7600,0.7600,0.7600,0.7600,0.7600,0.7600,0.7600,0.7600,0.7600,0.7600,0.7600,0.7600,0.7600,0.7600,0.7600,0.7600,0.7600,0.7600,0.7600,0.7600,0.7600,0.7600,0.7600,0.7600,0.7600,0.7600,0.7600,0.7600,0.7600,0.7600,0.7600,0.7600,0.7600,0.7600,0.7600,0.7600,0.7600,0.7600,0.7600,0.7600,0.7600,0.7600,0.7600,0.7600,0.7600,0.7600,0.7600,0.7600,0.7600,0.7600,0.7600,0.7600,0.7600,0.7600,0.7600,0.7600,0.7600,0.7600,0.7600,0.7600,0.7600,0.7600,0.7600,0.7600,0.7600,0.7600,0.7600,0.7600,0.7600,0.7600,0.7600,0.7600,0.7600,0.7600,0.7600,0.7600,0.7600,0.7600,0.7600,0.7600,0.7600,0.7600,0.7600,0.7600,0.7600,0.7600,0.7600,0.7600,0.7600,0.7600,0.7600,0.7600,0.7600,0.7600,0.7600,0.7600,0.7600,0.7600,0.7600,0.7600,0.7600,0.7600,0.7600,0.7600,0.7600,0.7600,0.7600,0.7600,0.7600,0.7600,0.7600,0.7600,0.7600,0.7600,0.7600,0.7600,0.7600,0.7600,0.7600,0.7600,0.7600,0.7600,0.7600,0.7600,0.7600,0.7600,0.7600,0.7600,0.7600,0.7600,0.7600,0.7600,0.7600,0.7600,0.7600,0.7600,0.7600,0.7600,0.7600,0.7600,0.7600,0.7600,0.7600,0.7600,0.7600,0.7600,0.7600,0.7600,0.7600,0.7600,0.7600,0.7600,0.7600,0.7600,0.7600,0.7600,0.7600,0.7600,0.7600,0.7600,0.7600,0.7600,0.7600,0.7600,0.7600,0.7600,0.7600,0.7600,0.7600,0.7600,0.7600,0.7600,0.7600,0.7600,0.7600,0.7600,0.7600,0.7600,0.7600,0.7600,0.7600,0.7600,0.7600,0.7600,0.7600,0.7600,0.7600,0.7600,0.7600,0.7600,0.7600,0.7600,0.7600,0.7600,0.7600,0.7600,0.7600,0.7600,0.7600,0.7600,0.7600,0.7600
H(μ_τ),1.2312,1.1064,1.3863,1.3863,1.3863,1.3863,1.3097,1.3422,1.3650,1.3779,1.3808,1.3739,1.3580,1.3340,1.3636,1.2072,1.0937,0.9277,0.7901,0.5927,0.6479,0.5320,0.5458,0.6696,0.5483,0.5581,0.5677,0.4674,0.4777,0.3769,0.5142,0.5239,0.5339,0.4327,0.4429,0.4531,0.4634,0.5631,0.6591,0.6927,0.6919,0.6906,0.6924,0.6914,0.6793,0.6757,0.5763,0.5684,0.5603,0.5524,0.5444,0.5362,0.4275,0.2396,0.2335,0.3150,0.3071,0.3063,0.3050,0.2975,0.2901,0.2828,0.2757,0.1704,0.1657,0.1612,0.0995,0.1413,0.1372,0.0438,0.0637,0.0617,0.0597,0.0577,0.0558,0.0614,0.0612,0.0592,0.0572,0.0827,0.0801,0.0776,0.0752,0.1079,0.1527,0.1485,0.2068,0.1618,0.1487,0.2072,0.0697,0.0675,0.0654,0.0942,0.0913,0.1301,0.1262,0.1225,0.1188,0.1675,0.1679,0.1633,0.1771,0.1722,0.1675,0.1629,0.1547,0.1503,0.0725,0.0702,0.0422,0.0613,0.0351,0.0513,0.0318,0.0307,0.0297,0.0112,0.0166,0.0245,0.0208,0.0196,0.0132,0.0100,0.0060,0.0058,0.0086,0.0083,0.0080,0.0072,0.0070,0.0075,0.0072,0.0031,0.0030,0.0029,0.0028,0.0027,0.0040,0.0039,0.0037,0.0019,0.0018,0.0014,0.0014,0.0010,0.0008,0.0007,0.0010,0.0010,0.0009,0.0008,0.0005,0.0006,0.0006,0.0006,0.0006,0.0008,0.0008,0.0007,0.0011,0.0011,0.0010,0.0021,0.0021,0.0020,0.0030,0.0029,0.0028,0.0027,0.0026,0.0025,0.0024,0.0031,0.0030,0.0045,0.0044,0.0066,0.0063,0.0061,0.0059,0.0056,0.0042,0.0024,0.0005,0.0007,0.0005,0.0004,0.0005,0.0007,0.0011,0.0011,0.0026,0.0034,0.0033,0.0032,0.0031,0.0017,0.0016,0.0016,0.0024,0.0006,0.0003,0.0003,0.0001,0.0001,0.0002,0.0002,0.0003,0.0002,0.0001,0.0001,0.0001,0.0001,0.0001,0.0001,0.0001,0.0001,0.0001,0.0001,0.0000,0.0000,0.0000,0.0000,0.0000,0.0000,0.0000,0.0000,0.0000,0.0000,0.0000,0.0000,0.0000,0.0000,0.0000,0.0000,0.0000,0.0000,0.0000,0.0000,0.0000,0.0000,0.0000,0.0000,0.0000,0.0000,0.0000,0.0000,0.0000,0.0000,0.0000,0.0000,0.0000,0.0000,0.0000,0.0000,0.0000,0.0000,0.0000,0.0000,0.0000,0.0000,0.0000,0.0000,0.0000,0.0000,0.0000,0.0000,0.0000,0.0000,0.0000,0.0000,0.0000,0.0000,0.0000,0.0000,0.0000,0.0000,0.0000,0.0000,0.0000,0.0000,0.0000,0.0000,0.0000,0.0000,0.0000,0.0000,0.0000,0.0000,0.0000,0.0000,0.0000,0.0000,0.0000,0.0000,0.0000,0.0000,0.0000,0.0000,0.0000
ΔH,0.0243,0.0244,0.0262,0.0262,0.0263,0.0265,0.0254,0.0261,0.0265,0.0267,0.0265,0.0261,0.0253,0.0245,0.0270,0.0188,0.0150,0.0109,0.0092,0.0068,0.0080,0.0065,0.0069,0.0097,0.0078,0.0082,0.0087,0.0070,0.0074,0.0057,0.0088,0.0090,0.0092,0.0070,0.0072,0.0075,0.0077,0.0099,0.0121,0.0128,0.0127,0.0127,0.0127,0.0127,0.0124,0.0123,0.0098,0.0096,0.0094,0.0092,0.0091,0.0089,0.0065,0.0031,0.0030,0.0044,0.0042,0.0042,0.0042,0.0041,0.0039,0.0038,0.0037,0.0020,0.0019,0.0018,0.0010,0.0016,0.0015,0.0004,0.0006,0.0006,0.0005,0.0005,0.0005,0.0006,0.0006,0.0005,0.0005,0.0008,0.0008,0.0007,0.0007,0.0011,0.0017,0.0017,0.0025,0.0019,0.0017,0.0025,0.0007,0.0006,0.0006,0.0009,0.0009,0.0014,0.0014,0.0013,0.0013,0.0019,0.0019,0.0019,0.0021,0.0020,0.0019,0.0019,0.0018,0.0017,0.0007,0.0007,0.0004,0.0006,0.0003,0.0005,0.0003,0.0002,0.0002,0.0001,0.0001,0.0002,0.0002,0.0001,0.0001,0.0001,0.0000,0.0000,0.0001,0.0001,0.0001,0.0000,0.0000,0.0000,0.0000,0.0000,0.0000,0.0000,0.0000,0.0000,0.0000,0.0000,0.0000,0.0000,0.0000,0.0000,0.0000,0.0000,0.0000,0.0000,0.0000,0.0000,0.0000,0.0000,0.0000,0.0000,0.0000,0.0000,0.0000,0.0000,0.0000,0.0000,0.0000,0.0000,0.0000,0.0000,0.0000,0.0000,0.0000,0.0000,0.0000,0.0000,0.0000,0.0000,0.0000,0.0000,0.0000,0.0000,0.0000,0.0000,0.0000,0.0000,0.0000,0.0000,0.0000,0.0000,0.0000,0.0000,0.0000,0.0000,0.0000,0.0000,0.0000,0.0000,0.0000,0.0000,0.0000,0.0000,0.0000,0.0000,0.0000,0.0000,0.0000,0.0000,0.0000,0.0000,0.0000,0.0000,0.0000,0.0000,0.0000,0.0000,0.0000,0.0000,0.0000,0.0000,0.0000,0.0000,0.0000,0.0000,0.0000,0.0000,0.0000,0.0000,0.0000,0.0000,0.0000,0.0000,0.0000,0.0000,0.0000,0.0000,0.0000,0.0000,0.0000,0.0000,0.0000,0.0000,0.0000,0.0000,0.0000,0.0000,0.0000,0.0000,0.0000,0.0000,0.0000,0.0000,0.0000,0.0000,0.0000,0.0000,0.0000,0.0000,0.0000,0.0000,0.0000,0.0000,0.0000,0.0000,0.0000,0.0000,0.0000,0.0000,0.0000,0.0000,0.0000,0.0000,0.0000,0.0000,0.0000,0.0000,0.0000,0.0000,0.0000,0.0000,0.0000,0.0000,0.0000,0.0000,0.0000,0.0000,0.0000,0.0000,0.0000,0.0000,0.0000,0.0000,0.0000,0.0000,0.0000,0.0000,0.0000,0.0000,0.0000,0.0000,0.0000,0.0000,0.0000,0.0000,0.0000,0.0000,0.0000
Γ_τ(μ_τ) feasible,False,True,True,True,True,True,True,True,True,True,True,True,True,True,True,True,True,True,True,True,True,True,True,True,True,True,True,True,True,True,True,True,True,True,True,True,True,True,True,True,True,True,True,True,True,True,True,True,True,True,True,True,True,True,True,True,True,True,True,True,True,True,True,True,True,True,True,True,True,True,True,True,True,True,True,True,True,True,True,True,True,True,True,True,True,True,True,True,True,True,True,True,True,True,True,True,True,True,True,True,True,True,True,True,True,True,True,True,True,True,True,True,True,True,True,True,True,True,True,True,True,True,True,True,True,True,True,True,True,True,True,True,True,True,True,True,True,True,True,True,True,True,True,True,True,True,True,True,True,True,True,True,True,True,True,True,True,True,True,True,True,True,True,True,True,True,True,True,True,True,True,True,True,True,True,True,True,True,True,True,True,True,True,True,True,True,True,True,True,True,True,True,True,True,True,True,True,True,True,True,True,True,True,True,True,True,True,True,True,True,True,True,True,True,True,True,True,True,True,True,True,True,True,True,True,True,True,True,True,True,True,True,True,True,True,True,True,True,True,True,True,True,True,True,True,True,True,True,True,True,True,True,True,True,True,True,True,True,True,True,True,True,True,True,True,True,True,True,True,True,True,True,True,True,True,True,True,True,True,True,True,True,True,True,True,True,True,True,True,True,True,True,True,True,True,True,True,True,True,True,True
IR^K(ELN) OK,Yes,No,No,Yes,Yes,Yes,Yes,Yes,Yes,Yes,Yes,Yes,Yes,Yes,Yes,Yes,Yes,Yes,Yes,Yes,Yes,Yes,Yes,Yes,Yes,Yes,Yes,Yes,Yes,Yes,Yes,Yes,Yes,Yes,Yes,Yes,Yes,Yes,Yes,Yes,Yes,Yes,Yes,Yes,Yes,Yes,Yes,Yes,Yes,Yes,Yes,Yes,Yes,Yes,Yes,Yes,Yes,Yes,Yes,Yes,Yes,Yes,Yes,Yes,Yes,Yes,Yes,Yes,Yes,Yes,Yes,Yes,Yes,Yes,Yes,Yes,Yes,Yes,Yes,Yes,Yes,Yes,Yes,Yes,Yes,Yes,Yes,Yes,Yes,Yes,Yes,Yes,Yes,Yes,Yes,Yes,Yes,Yes,Yes,Yes,Yes,Yes,Yes,Yes,Yes,Yes,Yes,Yes,Yes,Yes,Yes,Yes,Yes,Yes,Yes,Yes,Yes,Yes,Yes,Yes,Yes,Yes,Yes,Yes,Yes,Yes,Yes,Yes,Yes,Yes,Yes,Yes,Yes,Yes,Yes,Yes,Yes,Yes,Yes,Yes,Yes,Yes,Yes,Yes,Yes,Yes,Yes,Yes,Yes,Yes,Yes,Yes,Yes,Yes,Yes,Yes,Yes,Yes,Yes,Yes,Yes,Yes,Yes,Yes,Yes,Yes,Yes,Yes,Yes,Yes,Yes,Yes,Yes,Yes,Yes,Yes,Yes,Yes,Yes,Yes,Yes,Yes,Yes,Yes,Yes,Yes,Yes,Yes,Yes,Yes,Yes,Yes,Yes,Yes,Yes,Yes,Yes,Yes,Yes,Yes,Yes,Yes,Yes,Yes,Yes,Yes,Yes,Yes,Yes,Yes,Yes,Yes,Yes,Yes,Yes,Yes,Yes,Yes,Yes,Yes,Yes,Yes,Yes,Yes,Yes,Yes,Yes,Yes,Yes,Yes,Yes,Yes,Yes,Yes,Yes,Yes,Yes,Yes,Yes,Yes,Yes,Yes,Yes,Yes,Yes,Yes,Yes,Yes,Yes,Yes,Yes,Yes,Yes,Yes,Yes,Yes,Yes,Yes,Yes,Yes,Yes,Yes,Yes,Yes,Yes,Yes,Yes,Yes,Yes,Yes,Yes,Yes,Yes,Yes,Yes,Yes,Yes,Yes,Yes,Yes,Yes,Yes,Yes,Yes,Yes,Yes,Yes,Yes,Yes,Yes,Yes,Yes,Yes,Yes,Yes,Yes,Yes,Yes,Yes,Yes,Yes
-sgn(κ_h(DC)),0.0000,-1.0000,1.0000,-1.0000,-1.0000,1.0000,1.0000,1.0000,-1.0000,1.0000,1.0000,1.0000,1.0000,1.0000,1.0000,1.0000,1.0000,1.0000,1.0000,1.0000,-1.0000,1.0000,1.0000,1.0000,-1.0000,1.0000,1.0000,1.0000,1.0000,1.0000,1.0000,-1.0000,1.0000,1.0000,1.0000,1.0000,1.0000,-1.0000,1.0000,1.0000,1.0000,1.0000,-1.0000,-1.0000,-1.0000,1.0000,1.0000,1.0000,1.0000,1.0000,1.0000,-1.0000,1.0000,-1.0000,1.0000,1.0000,-1.0000,1.0000,-1.0000,-1.0000,1.0000,-1.0000,1.0000,-1.0000,1.0000,-1.0000,1.0000,1.0000,-1.0000,-1.0000,1.0000,1.0000,1.0000,1.0000,1.0000,-1.0000,1.0000,1.0000,1.0000,-1.0000,1.0000,-1.0000,1.0000,1.0000,1.0000,1.0000,1.0000,1.0000,1.0000,1.0000,1.0000,1.0000,-1.0000,1.0000,1.0000,1.0000,1.0000,1.0000,-1.0000,1.0000,1.0000,1.0000,1.0000,1.0000,1.0000,1.0000,-1.0000,-1.0000,1.0000,1.0000,1.0000,1.0000,-1.0000,1.0000,1.0000,1.0000,-1.0000,1.0000,-1.0000,1.0000,1.0000,-1.0000,1.0000,1.0000,1.0000,1.0000,1.0000,1.0000,1.0000,1.0000,1.0000,1.0000,1.0000,-1.0000,1.0000,1.0000,1.0000,1.0000,-1.0000,-1.0000,1.0000,1.0000,-1.0000,-1.0000,1.0000,-1.0000,1.0000,-1.0000,1.0000,1.0000,-1.0000,1.0000,1.0000,-1.0000,1.0000,1.0000,1.0000,1.0000,1.0000,-1.0000,1.0000,-1.0000,-1.0000,1.0000,1.0000,1.0000,-1.0000,-1.0000,-1.0000,1.0000,-1.0000,-1.0000,1.0000,-1.0000,-1.0000,1.0000,1.0000,-1.0000,1.0000,1.0000,1.0000,1.0000,-1.0000,-1.0000,-1.0000,1.0000,1.0000,1.0000,1.0000,1.0000,1.0000,-1.0000,1.0000,1.0000,1.0000,-1.0000,1.0000,-1.0000,1.0000,1.0000,1.0000,1.0000,1.0000,1.0000,1.0000,-1.0000,-1.0000,1.0000,1.0000,1.0000,1.0000,1.0000,-1.0000,1.0000,1.0000,1.0000,1.0000,1.0000,-1.0000,1.0000,1.0000,1.0000,1.0000,1.0000,-1.0000,1.0000,-1.0000,1.0000,1.0000,1.0000,1.0000,1.0000,1.0000,-1.0000,1.0000,1.0000,-1.0000,1.0000,1.0000,1.0000,1.0000,1.0000,1.0000,1.0000,1.0000,1.0000,1.0000,1.0000,1.0000,1.0000,1.0000,-1.0000,1.0000,1.0000,1.0000,1.0000,1.0000,1.0000,-1.0000,1.0000,-1.0000,1.0000,1.0000,1.0000,1.0000,-1.0000,1.0000,-1.0000,1.0000,-1.0000,-1.0000,1.0000,1.0000,1.0000,1.0000,1.0000,1.0000,1.0000,-1.0000,1.0000,1.0000,1.0000,1.0000,1.0000,1.0000,1.0000,-1.0000,1.0000,1.0000,1.0000,-1.0000,1.0000,1.0000,1.0000,-1.0000,1.0000,-1.0000,1.0000,1.0000,1.0000,-1.0000
-sgn(κ_h(PAR)),0.0000,-1.0000,-1.0000,-1.0000,-1.0000,-1.0000,-1.0000,-1.0000,-1.0000,-1.0000,-1.0000,-1.0000,-1.0000,-1.0000,-1.0000,-1.0000,-1.0000,-1.0000,-1.0000,1.0000,-1.0000,-1.0000,1.0000,-1.0000,-1.0000,-1.0000,-1.0000,-1.0000,-1.0000,-1.0000,-1.0000,-1.0000,-1.0000,-1.0000,-1.0000,-1.0000,-1.0000,-1.0000,-1.0000,-1.0000,-1.0000,-1.0000,-1.0000,-1.0000,-1.0000,1.0000,-1.0000,-1.0000,1.0000,-1.0000,-1.0000,-1.0000,-1.0000,-1.0000,-1.0000,-1.0000,-1.0000,-1.0000,-1.0000,-1.0000,-1.0000,-1.0000,-1.0000,-1.0000,-1.0000,-1.0000,1.0000,-1.0000,-1.0000,-1.0000,-1.0000,1.0000,-1.0000,-1.0000,-1.0000,-1.0000,-1.0000,-1.0000,-1.0000,-1.0000,-1.0000,-1.0000,-1.0000,-1.0000,-1.0000,-1.0000,-1.0000,-1.0000,-1.0000,-1.0000,-1.0000,-1.0000,-1.0000,-1.0000,-1.0000,-1.0000,-1.0000,-1.0000,-1.0000,1.0000,-1.0000,-1.0000,-1.0000,-1.0000,1.0000,-1.0000,-1.0000,-1.0000,-1.0000,1.0000,-1.0000,-1.0000,-1.0000,-1.0000,-1.0000,-1.0000,-1.0000,-1.0000,-1.0000,-1.0000,-1.0000,-1.0000,-1.0000,-1.0000,-1.0000,-1.0000,1.0000,-1.0000,-1.0000,-1.0000,-1.0000,-1.0000,-1.0000,-1.0000,-1.0000,-1.0000,-1.0000,-1.0000,-1.0000,-1.0000,-1.0000,-1.0000,-1.0000,-1.0000,-1.0000,-1.0000,-1.0000,-1.0000,-1.0000,-1.0000,-1.0000,-1.0000,1.0000,-1.0000,-1.0000,-1.0000,-1.0000,-1.0000,1.0000,-1.0000,-1.0000,-1.0000,-1.0000,-1.0000,-1.0000,-1.0000,-1.0000,-1.0000,-1.0000,-1.0000,-1.0000,-1.0000,-1.0000,-1.0000,-1.0000,-1.0000,-1.0000,-1.0000,-1.0000,-1.0000,-1.0000,-1.0000,-1.0000,-1.0000,-1.0000,-1.0000,-1.0000,-1.0000,-1.0000,-1.0000,-1.0000,-1.0000,-1.0000,-1.0000,-1.0000,-1.0000,-1.0000,-1.0000,-1.0000,-1.0000,-1.0000,-1.0000,-1.0000,-1.0000,-1.0000,-1.0000,-1.0000,-1.0000,-1.0000,-1.0000,1.0000,1.0000,-1.0000,-1.0000,-1.0000,-1.0000,1.0000,1.0000,-1.0000,-1.0000,-1.0000,-1.0000,-1.0000,-1.0000,-1.0000,-1.0000,-1.0000,-1.0000,-1.0000,-1.0000,-1.0000,-1.0000,1.0000,-1.0000,-1.0000,-1.0000,-1.0000,-1.0000,-1.0000,1.0000,-1.0000,-1.0000,-1.0000,-1.0000,-1.0000,1.0000,-1.0000,-1.0000,-1.0000,-1.0000,1.0000,-1.0000,-1.0000,-1.0000,-1.0000,-1.0000,1.0000,-1.0000,-1.0000,-1.0000,-1.0000,-1.0000,-1.0000,-1.0000,-1.0000,-1.0000,1.0000,-1.0000,-1.0000,-1.0000,-1.0000,-1.0000,-1.0000,-1.0000,-1.0000,-1.0000,-1.0000,-1.0000,-1.0000,-1.0000,1.0000,-1.0000,-1.0000,-1.0000,-1.0000,-1.0000,-1.0000,-1.0000,-1.0000,-1.0000,-1.0000,-1.0000,-1.0000,-1.0000,-1.0000,-1.0000,-1.0000,-1.0000,-1.0000,1.0000,-1.0000
-sgn(κ_h(ELN)),0.0000,-1.0000,1.0000,-1.0000,-1.0000,1.0000,1.0000,1.0000,-1.0000,1.0000,1.0000,-1.0000,1.0000,1.0000,-1.0000,1.0000,1.0000,-1.0000,1.0000,1.0000,-1.0000,1.0000,1.0000,-1.0000,-1.0000,1.0000,1.0000,1.0000,1.0000,1.0000,1.0000,-1.0000,1.0000,1.0000,-1.0000,1.0000,-1.0000,-1.0000,1.0000,-1.0000,-1.0000,-1.0000,-1.0000,-1.0000,-1.0000,1.0000,1.0000,-1.0000,1.0000,1.0000,1.0000,-1.0000,-1.0000,-1.0000,1.0000,-1.0000,-1.0000,1.0000,-1.0000,-1.0000,1.0000,-1.0000,1.0000,-1.0000,1.0000,-1.0000,1.0000,1.0000,-1.0000,-1.0000,1.0000,1.0000,-1.0000,1.0000,1.0000,-1.0000,-1.0000,1.0000,1.0000,-1.0000,1.0000,-1.0000,-1.0000,1.0000,1.0000,1.0000,-1.0000,1.0000,1.0000,-1.0000,-1.0000,1.0000,-1.0000,1.0000,1.0000,-1.0000,-1.0000,1.0000,-1.0000,1.0000,-1.0000,1.0000,1.0000,1.0000,1.0000,1.0000,-1.0000,-1.0000,1.0000,1.0000,1.0000,1.0000,-1.0000,-1.0000,-1.0000,-1.0000,-1.0000,1.0000,-1.0000,1.0000,-1.0000,-1.0000,1.0000,1.0000,1.0000,-1.0000,1.0000,-1.0000,-1.0000,1.0000,-1.0000,1.0000,-1.0000,-1.0000,-1.0000,1.0000,1.0000,1.0000,-1.0000,-1.0000,1.0000,1.0000,-1.0000,-1.0000,-1.0000,-1.0000,-1.0000,-1.0000,-1.0000,-1.0000,-1.0000,-1.0000,1.0000,-1.0000,-1.0000,1.0000,1.0000,1.0000,1.0000,-1.0000,1.0000,-1.0000,-1.0000,-1.0000,1.0000,-1.0000,-1.0000,-1.0000,-1.0000,1.0000,-1.0000,-1.0000,-1.0000,-1.0000,-1.0000,-1.0000,-1.0000,-1.0000,1.0000,1.0000,1.0000,1.0000,-1.0000,-1.0000,-1.0000,-1.0000,1.0000,1.0000,1.0000,-1.0000,1.0000,-1.0000,-1.0000,1.0000,-1.0000,-1.0000,1.0000,-1.0000,-1.0000,1.0000,1.0000,-1.0000,-1.0000,-1.0000,-1.0000,-1.0000,-1.0000,1.0000,1.0000,-1.0000,1.0000,1.0000,-1.0000,1.0000,1.0000,-1.0000,1.0000,1.0000,-1.0000,1.0000,1.0000,1.0000,1.0000,1.0000,-1.0000,1.0000,-1.0000,-1.0000,1.0000,-1.0000,-1.0000,-1.0000,1.0000,-1.0000,1.0000,-1.0000,-1.0000,1.0000,1.0000,1.0000,1.0000,-1.0000,-1.0000,1.0000,1.0000,1.0000,1.0000,1.0000,1.0000,1.0000,1.0000,-1.0000,1.0000,1.0000,1.0000,1.0000,1.0000,1.0000,-1.0000,1.0000,-1.0000,1.0000,1.0000,1.0000,-1.0000,-1.0000,1.0000,-1.0000,1.0000,-1.0000,-1.0000,1.0000,1.0000,1.0000,1.0000,1.0000,1.0000,1.0000,-1.0000,1.0000,1.0000,-1.0000,1.0000,1.0000,-1.0000,1.0000,-1.0000,1.0000,1.0000,-1.0000,-1.0000,-1.0000,1.0000,1.0000,-1.0000,1.0000,-1.0000,1.0000,-1.0000,1.0000,-1.0000
-sgn(κ_h(FARC)),0.0000,-1.0000,-1.0000,-1.0000,-1.0000,-1.0000,-1.0000,-1.0000,-1.0000,-1.0000,-1.0000,-1.0000,-1.0000,-1.0000,-1.0000,-1.0000,-1.0000,-1.0000,-1.0000,1.0000,-1.0000,-1.0000,1.0000,-1.0000,-1.0000,-1.0000,-1.0000,-1.0000,-1.0000,-1.0000,-1.0000,-1.0000,-1.0000,-1.0000,-1.0000,-1.0000,-1.0000,-1.0000,-1.0000,-1.0000,-1.0000,-1.0000,-1.0000,-1.0000,-1.0000,1.0000,-1.0000,-1.0000,1.0000,-1.0000,-1.0000,-1.0000,-1.0000,-1.0000,-1.0000,-1.0000,-1.0000,-1.0000,-1.0000,-1.0000,-1.0000,-1.0000,-1.0000,-1.0000,-1.0000,-1.0000,1.0000,-1.0000,-1.0000,-1.0000,-1.0000,1.0000,-1.0000,-1.0000,-1.0000,-1.0000,-1.0000,-1.0000,-1.0000,-1.0000,-1.0000,-1.0000,-1.0000,-1.0000,-1.0000,-1.0000,-1.0000,-1.0000,-1.0000,-1.0000,-1.0000,-1.0000,-1.0000,-1.0000,-1.0000,-1.0000,-1.0000,-1.0000,-1.0000,1.0000,-1.0000,-1.0000,-1.0000,-1.0000,1.0000,-1.0000,-1.0000,-1.0000,-1.0000,1.0000,-1.0000,-1.0000,-1.0000,-1.0000,-1.0000,-1.0000,-1.0000,-1.0000,-1.0000,-1.0000,-1.0000,-1.0000,-1.0000,-1.0000,-1.0000,-1.0000,1.0000,-1.0000,-1.0000,-1.0000,-1.0000,-1.0000,-1.0000,-1.0000,-1.0000,-1.0000,-1.0000,-1.0000,-1.0000,-1.0000,-1.0000,-1.0000,-1.0000,-1.0000,-1.0000,-1.0000,-1.0000,-1.0000,-1.0000,-1.0000,-1.0000,-1.0000,1.0000,-1.0000,-1.0000,-1.0000,-1.0000,-1.0000,1.0000,-1.0000,-1.0000,-1.0000,-1.0000,-1.0000,-1.0000,-1.0000,-1.0000,-1.0000,-1.0000,-1.0000,-1.0000,-1.0000,-1.0000,-1.0000,-1.0000,-1.0000,-1.0000,-1.0000,-1.0000,-1.0000,-1.0000,-1.0000,-1.0000,-1.0000,-1.0000,-1.0000,-1.0000,-1.0000,-1.0000,-1.0000,-1.0000,-1.0000,-1.0000,-1.0000,-1.0000,-1.0000,-1.0000,-1.0000,-1.0000,-1.0000,-1.0000,-1.0000,-1.0000,-1.0000,-1.0000,-1.0000,-1.0000,-1.0000,-1.0000,-1.0000,1.0000,1.0000,-1.0000,-1.0000,-1.0000,-1.0000,1.0000,1.0000,-1.0000,-1.0000,-1.0000,-1.0000,-1.0000,-1.0000,-1.0000,-1.0000,-1.0000,-1.0000,-1.0000,-1.0000,-1.0000,-1.0000,1.0000,-1.0000,-1.0000,-1.0000,-1.0000,-1.0000,-1.0000,1.0000,-1.0000,-1.0000,-1.0000,-1.0000,-1.0000,1.0000,-1.0000,-1.0000,-1.0000,-1.0000,1.0000,-1.0000,-1.0000,-1.0000,-1.0000,-1.0000,1.0000,-1.0000,-1.0000,-1.0000,-1.0000,-1.0000,-1.0000,-1.0000,-1.0000,-1.0000,1.0000,-1.0000,-1.0000,-1.0000,-1.0000,-1.0000,-1.0000,-1.0000,-1.0000,-1.0000,-1.0000,-1.0000,-1.0000,-1.0000,1.0000,-1.0000,-1.0000,-1.0000,-1.0000,-1.0000,-1.0000,-1.0000,-1.0000,-1.0000,-1.0000,-1.0000,-1.0000,-1.0000,-1.0000,-1.0000,-1.0000,-1.0000,-1.0000,1.0000,-1.0000
m outcome,Continue Captivity (cont),Continue Captivity (cont),Continue Captivity (cont),Continue Captivity (cont),Continue Captivity (cont),Continue Captivity (cont),Continue Captivity (cont),Continue Captivity (cont),Continue Captivity (cont),Continue Captivity (cont),Continue Captivity (cont),Continue Captivity (cont),Continue Captivity (cont),Continue Captivity (cont),Continue Captivity (cont),Continue Captivity (cont),Continue Captivity (cont),Continue Captivity (cont),Continue Captivity (cont),Continue Captivity (cont),Continue Captivity (cont),Continue Captivity (cont),Continue Captivity (cont),Continue Captivity (cont),Continue Captivity (cont),Continue Captivity (cont),Continue Captivity (cont),Continue Captivity (cont),Continue Captivity (cont),Continue Captivity (cont),Continue Captivity (cont),Continue Captivity (cont),Continue Captivity (cont),Continue Captivity (cont),Continue Captivity (cont),Continue Captivity (cont),Continue Captivity (cont),Continue Captivity (cont),Continue Captivity (cont),Continue Captivity (cont),Continue Captivity (cont),Continue Captivity (cont),Continue Captivity (cont),Continue Captivity (cont),Continue Captivity (cont),Continue Captivity (cont),Continue Captivity (cont),Continue Captivity (cont),Continue Captivity (cont),Continue Captivity (cont),Continue Captivity (cont),Continue Captivity (cont),Continue Captivity (cont),Continue Captivity (cont),Continue Captivity (cont),Continue Captivity (cont),Continue Captivity (cont),Continue Captivity (cont),Continue Captivity (cont),Continue Captivity (cont),Continue Captivity (cont),Continue Captivity (cont),Continue Captivity (cont),Continue Captivity (cont),Continue Captivity (cont),Continue Captivity (cont),Continue Captivity (cont),Continue Captivity (cont),Ransom Paid (j=1),Continue Captivity (cont),Continue Captivity (cont),Continue Captivity (cont),Continue Captivity (cont),Continue Captivity (cont),Continue Captivity (cont),Continue Captivity (cont),Continue Captivity (cont),Continue Captivity (cont),Continue Captivity (cont),Continue Captivity (cont),Continue Captivity (cont),Continue Captivity (cont),Continue Captivity (cont),Continue Captivity (cont),Continue Captivity (cont),Continue Captivity (cont),Continue Captivity (cont),Continue Captivity (cont),Continue Captivity (cont),Ransom Paid (j=1),Continue Captivity (cont),Continue Captivity (cont),Continue Captivity (cont),Continue Captivity (cont),Continue Captivity (cont),Continue Captivity (cont),Continue Captivity (cont),Continue Captivity (cont),Continue Captivity (cont),Continue Captivity (cont),Continue Captivity (cont),Continue Captivity (cont),Continue Captivity (cont),Continue Captivity (cont),Continue Captivity (cont),Continue Captivity (cont),Continue Captivity (cont),Continue Captivity (cont),Continue Captivity (cont),Continue Captivity (cont),Continue Captivity (cont),Continue Captivity (cont),Continue Captivity (cont),Continue Captivity (cont),Continue Captivity (cont),Continue Captivity (cont),Continue Captivity (cont),Continue Captivity (cont),Continue Captivity (cont),Continue Captivity (cont),Continue Captivity (cont),Continue Captivity (cont),Continue Captivity (cont),Continue Captivity (cont),Continue Captivity (cont),Continue Captivity (cont),Continue Captivity (cont),Continue Captivity (cont),Continue Captivity (cont),Continue Captivity (cont),Continue Captivity (cont),Continue Captivity (cont),Continue Captivity (cont),Continue Captivity (cont),Continue Captivity (cont),Continue Captivity (cont),Continue Captivity (cont),Continue Captivity (cont),Continue Captivity (cont),Continue Captivity (cont),Continue Captivity (cont),Continue Captivity (cont),Continue Captivity (cont),Continue Captivity (cont),Continue Captivity (cont),Continue Captivity (cont),Continue Captivity (cont),Continue Captivity (cont),Continue Captivity (cont),Continue Captivity (cont),Continue Captivity (cont),Continue Captivity (cont),Continue Captivity (cont),Continue Captivity (cont),Continue Captivity (cont),Continue Captivity (cont),Continue Captivity (cont),Continue Captivity (cont),Continue Captivity (cont),Continue Captivity (cont),Continue Captivity (cont),Continue Captivity (cont),Continue Captivity (cont),Continue Captivity (cont),Continue Captivity (cont),Continue Captivity (cont),Continue Captivity (cont),Continue Captivity (cont),Continue Captivity (cont),Continue Captivity (cont),Continue Captivity (cont),Continue Captivity (cont),Continue Captivity (cont),Continue Captivity (cont),Continue Captivity (cont),Continue Captivity (cont),Continue Captivity (cont),Continue Captivity (cont),Exogenous Release (j=4),Continue Captivity (cont),Continue Captivity (cont),Continue Captivity (cont),Continue Captivity (cont),Ransom Paid (j=1),Continue Captivity (cont),Continue Captivity (cont),Continue Captivity (cont),Continue Captivity (cont),Continue Captivity (cont),Continue Captivity (cont),Continue Captivity (cont),Continue Captivity (cont),Continue Captivity (cont),Continue Captivity (cont),Continue Captivity (cont),Continue Captivity (cont),Continue Captivity (cont),Continue Captivity (cont),Continue Captivity (cont),Continue Captivity (cont),Ransom Paid (j=1),Continue Captivity (cont),Continue Captivity (cont),Ransom Paid (j=1),Continue Captivity (cont),Continue Captivity (cont),Continue Captivity (cont),Continue Captivity (cont),Continue Captivity (cont),Continue Captivity (cont),Continue Captivity (cont),Continue Captivity (cont),Continue Captivity (cont),Continue Captivity (cont),Continue Captivity (cont),Continue Captivity (cont),Continue Captivity (cont),Continue Captivity (cont),Continue Captivity (cont),Continue Captivity (cont),Continue Captivity (cont),Continue Captivity (cont),Continue Captivity (cont),Continue Captivity (cont),Continue Captivity (cont),Continue Captivity (cont),Continue Captivity (cont),Continue Captivity (cont),Continue Captivity (cont),Continue Captivity (cont),Continue Captivity (cont),Continue Captivity (cont),Continue Captivity (cont),Continue Captivity (cont),Continue Captivity (cont),Continue Captivity (cont),Continue Captivity (cont),Continue Captivity (cont),Continue Captivity (cont),Continue Captivity (cont),Continue Captivity (cont),Continue Captivity (cont),Continue Captivity (cont),Continue Captivity (cont),Continue Captivity (cont),Continue Captivity (cont),Continue Captivity (cont),Continue Captivity (cont),Continue Captivity (cont),Continue Captivity (cont),Continue Captivity (cont),Continue Captivity (cont),Continue Captivity (cont),Continue Captivity (cont),Continue Captivity (cont),Continue Captivity (cont),Continue Captivity (cont),Continue Captivity (cont),Continue Captivity (cont),Continue Captivity (cont),Continue Captivity (cont),Continue Captivity (cont),Continue Captivity (cont),Continue Captivity (cont),Continue Captivity (cont),Continue Captivity (cont),Continue Captivity (cont),Continue Captivity (cont),Tactical Rescue (j=3),Continue Captivity (cont),Ransom Paid (j=1),Continue Captivity (cont),Continue Captivity (cont),Continue Captivity (cont),Continue Captivity (cont),Continue Captivity (cont),Continue Captivity (cont),Continue Captivity (cont),Continue Captivity (cont),Continue Captivity (cont),Continue Captivity (cont),Continue Captivity (cont),Continue Captivity (cont),Continue Captivity (cont),Continue Captivity (cont),Continue Captivity (cont),Continue Captivity (cont),Continue Captivity (cont),Continue Captivity (cont),Continue Captivity (cont),Continue Captivity (cont),Continue Captivity (cont),Continue Captivity (cont),Continue Captivity (cont),Continue Captivity (cont),Continue Captivity (cont),Continue Captivity (cont),Continue Captivity (cont),Continue Captivity (cont),Continue Captivity (cont),Continue Captivity (cont)
v (m draw),0.8213,0.1410,0.5873,0.6436,0.5564,0.2384,0.4295,0.4618,0.3777,0.1250,0.2135,0.4662,0.1363,0.2865,0.5423,0.3472,0.1894,0.4427,0.1716,0.2018,0.6010,0.4920,0.4539,0.0434,0.4313,0.3569,0.0378,0.4792,0.1548,0.6232,0.2550,0.3157,0.9135,0.7273,0.2280,0.8745,0.4477,0.1697,0.5465,0.6373,0.9148,0.2810,0.7750,0.5121,0.4492,0.3926,0.5549,0.8386,0.1976,0.7397,0.5041,0.1107,0.5347,0.5945,0.1189,0.9451,0.2307,0.0178,0.6261,0.9379,0.4551,0.6825,0.1100,0.8631,0.0436,0.9325,0.4065,0.7483,0.9805,0.2645,0.0933,0.3908,0.3172,0.5260,0.4004,0.1125,0.3064,0.2616,0.8936,0.5368,0.7748,0.6294,0.2448,0.3680,0.3470,0.6628,0.1585,0.6623,0.5450,0.9838,0.0381,0.4102,0.2102,0.0370,0.8732,0.5298,0.7060,0.7507,0.5051,0.7257,0.6711,0.5162,0.5306,0.6650,0.3323,0.9035,0.5401,0.1211,0.5707,0.6946,0.0983,0.2710,0.6788,0.2600,0.6506,0.1398,0.8480,0.5484,0.8403,0.8337,0.8365,0.3805,0.2749,0.8098,0.0880,0.3651,0.0780,0.2413,0.7669,0.9236,0.1488,0.9381,0.2320,0.7341,0.2835,0.3739,0.0059,0.8800,0.5988,0.8504,0.7710,0.3511,0.1779,0.8365,0.0331,0.7870,0.5240,0.3619,0.3015,0.4884,0.7491,0.0275,0.6550,0.4633,0.1544,0.7239,0.3623,0.2866,0.9142,0.9132,0.3652,0.0403,0.9366,0.0621,0.3774,0.6132,0.1392,0.6584,0.0695,0.1618,0.8934,0.7831,0.8506,0.7462,0.5793,0.5846,0.8959,0.5491,0.9998,0.2266,0.2870,0.7714,0.1221,0.9879,0.6505,0.0094,0.6775,0.4713,0.5369,0.7528,0.1850,0.4428,0.9401,0.4920,0.1320,0.4199,0.4890,0.9452,0.3111,0.6304,0.9785,0.3633,0.6821,0.9881,0.8774,0.5109,0.5716,0.5350,0.9012,0.3882,0.7750,0.2813,0.2996,0.4215,0.8648,0.2045,0.3010,0.9225,0.1412,0.8816,0.1016,0.6400,0.3986,0.6230,0.3621,0.4657,0.8231,0.3878,0.8916,0.6875,0.6639,0.1743,0.0558,0.9050,0.0629,0.7602,0.5062,0.5660,0.4963,0.1022,0.8361,0.3998,0.6277,0.6080,0.7646,0.5535,0.4812,0.6897,0.7475,0.5171,0.6863,0.8816,0.3651,0.2061,0.1174,0.4052,0.6619,0.4141,0.8201,0.8320,0.4016,0.5978,0.0252,0.8673,0.1392,0.1276,0.1962,0.4454,0.9968,0.1947,0.9815,0.3655,0.8141,0.7410,0.1320,0.5313,0.6125,0.0286,0.2991,0.3438,0.5272,0.1935,0.5433,0.1716,0.8487,0.9493,0.2520,0.4344,0.5723,0.4348,0.3344,0.6527,0.7560,0.6231,0.2530,0.6980,0.1632,0.2618,0.1948,0.0821,0.0211
closes episode,False,False,False,False,False,False,False,False,False,False,False,False,False,False,False,False,False,False,False,False,False,False,False,False,False,False,False,False,False,False,False,False,False,False,False,False,False,False,False,False,False,False,False,False,False,False,False,False,False,False,False,False,False,False,False,False,False,False,False,False,False,False,False,False,False,False,False,False,True,False,False,False,False,False,False,False,False,False,False,False,False,False,False,False,False,False,False,False,False,True,False,False,False,False,False,False,False,False,False,False,False,False,False,False,False,False,False,False,False,False,False,False,False,False,False,False,False,False,False,False,False,False,False,False,False,False,False,False,False,False,False,False,False,False,False,False,False,False,False,False,False,False,False,False,False,False,False,False,False,False,False,False,False,False,False,False,False,False,False,False,False,False,False,False,False,False,False,False,False,False,False,False,False,False,False,False,False,False,True,False,False,False,False,True,False,False,False,False,False,False,False,False,False,False,False,False,False,False,False,False,True,False,False,True,False,False,False,False,False,False,False,False,False,False,False,False,False,False,False,False,False,False,False,False,False,False,False,False,False,False,False,False,False,False,False,False,False,False,False,False,False,False,False,False,False,False,False,False,False,False,False,False,False,False,False,False,False,False,False,False,False,False,False,False,False,False,False,False,True,False,True,False,False,False,False,False,False,False,False,False,False,False,False,False,False,False,False,False,False,False,False,False,False,False,False,False,False,False,False,False,False
μ_DC,0.2500,0.0879,0.2500,0.2500,0.2500,0.2500,0.3980,0.3538,0.3112,0.2705,0.2324,0.1972,0.1654,0.1373,0.2435,0.0496,0.0117,0.0023,0.0039,0.0024,0.0002,0.0003,0.0003,0.0002,0.0000,0.0000,0.0000,0.0000,0.0000,0.0000,0.0000,0.0000,0.0000,0.0000,0.0000,0.0000,0.0000,0.0000,0.0000,0.0000,0.0000,0.0000,0.0000,0.0000,0.0000,0.0000,0.0000,0.0000,0.0000,0.0000,0.0000,0.0000,0.0000,0.0000,0.0000,0.0000,0.0000,0.0000,0.0000,0.0000,0.0000,0.0000,0.0000,0.0000,0.0000,0.0000,0.0000,0.0000,0.0000,0.0000,0.0000,0.0000,0.0000,0.0000,0.0000,0.0000,0.0000,0.0000,0.0000,0.0000,0.0000,0.0000,0.0000,0.0000,0.0000,0.0000,0.0000,0.0000,0.0000,0.0000,0.0000,0.0000,0.0000,0.0000,0.0000,0.0000,0.0000,0.0000,0.0000,0.0000,0.0000,0.0000,0.0000,0.0000,0.0000,0.0000,0.0000,0.0000,0.0000,0.0000,0.0000,0.0000,0.0000,0.0000,0.0000,0.0000,0.0000,0.0000,0.0000,0.0000,0.0000,0.0000,0.0000,0.0000,0.0000,0.0000,0.0000,0.0000,0.0000,0.0000,0.0000,0.0000,0.0000,0.0000,0.0000,0.0000,0.0000,0.0000,0.0000,0.0000,0.0000,0.0000,0.0000,0.0000,0.0000,0.0000,0.0000,0.0000,0.0000,0.0000,0.0000,0.0000,0.0000,0.0000,0.0000,0.0000,0.0000,0.0000,0.0000,0.0000,0.0000,0.0000,0.0000,0.0000,0.0000,0.0000,0.0000,0.0000,0.0000,0.0000,0.0000,0.0000,0.0000,0.0000,0.0000,0.0000,0.0000,0.0000,0.0000,0.0000,0.0000,0.0000,0.0000,0.0000,0.0000,0.0000,0.0000,0.0000,0.0000,0.0000,0.0000,0.0000,0.0000,0.0000,0.0000,0.0000,0.0000,0.0000,0.0000,0.0000,0.0000,0.0000,0.0000,0.0000,0.0000,0.0000,0.0000,0.0000,0.0000,0.0000,0.0000,0.0000,0.0000,0.0000,0.0000,0.0000,0.0000,0.0000,0.0000,0.0000,0.0000,0.0000,0.0000,0.0000,0.0000,0.0000,0.0000,0.0000,0.0000,0.0000,0.0000,0.0000,0.0000,0.0000,0.0000,0.0000,0.0000,0.0000,0.0000,0.0000,0.0000,0.0000,0.0000,0.0000,0.0000,0.0000,0.0000,0.0000,0.0000,0.0000,0.0000,0.0000,0.0000,0.0000,0.0000,0.0000,0.0000,0.0000,0.0000,0.0000,0.0000,0.0000,0.0000,0.0000,0.0000,0.0000,0.0000,0.0000,0.0000,0.0000,0.0000,0.0000,0.0000,0.0000,0.0000,0.0000,0.0000,0.0000,0.0000,0.0000,0.0000,0.0000,0.0000,0.0000,0.0000,0.0000,0.0000,0.0000,0.0000,0.0000,0.0000,0.0000,0.0000,0.0000,0.0000,0.0000,0.0000,0.0000,0.0000,0.0000,0.0000
μ_PAR,0.3500,0.3268,0.2500,0.2500,0.2500,0.2500,0.2796,0.2865,0.2907,0.2920,0.2903,0.2857,0.2783,0.2685,0.3364,0.2805,0.4867,0.5797,0.6951,0.7718,0.7160,0.8005,0.7927,0.6248,0.7646,0.7564,0.7481,0.8240,0.8173,0.8757,0.7904,0.7830,0.7752,0.8445,0.8385,0.8322,0.8258,0.7495,0.6299,0.4851,0.4747,0.4643,0.4808,0.4704,0.4170,0.4069,0.2632,0.2556,0.2482,0.2411,0.2342,0.2275,0.1528,0.0647,0.0624,0.0955,0.0920,0.0917,0.0910,0.0878,0.0847,0.0817,0.0787,0.0408,0.0393,0.0379,0.0204,0.0319,0.0307,0.0074,0.0117,0.0113,0.0108,0.0104,0.0100,0.0112,0.0111,0.0107,0.0103,0.0162,0.0155,0.0149,0.0144,0.0226,0.0353,0.0340,0.0529,0.0381,0.0341,0.0530,0.0131,0.0126,0.0121,0.0190,0.0183,0.0287,0.0276,0.0265,0.0255,0.0399,0.0400,0.0385,0.0429,0.0414,0.0399,0.0384,0.0359,0.0346,0.0137,0.0132,0.0071,0.0112,0.0057,0.0090,0.0051,0.0049,0.0047,0.0015,0.0023,0.0037,0.0031,0.0029,0.0018,0.0013,0.0007,0.0007,0.0011,0.0011,0.0010,0.0009,0.0009,0.0009,0.0009,0.0003,0.0003,0.0003,0.0003,0.0003,0.0005,0.0004,0.0004,0.0002,0.0002,0.0001,0.0001,0.0001,0.0001,0.0001,0.0001,0.0001,0.0001,0.0001,0.0000,0.0001,0.0001,0.0001,0.0001,0.0001,0.0001,0.0001,0.0001,0.0001,0.0001,0.0002,0.0002,0.0002,0.0003,0.0003,0.0003,0.0003,0.0003,0.0003,0.0003,0.0004,0.0003,0.0005,0.0005,0.0008,0.0008,0.0007,0.0007,0.0007,0.0005,0.0003,0.0000,0.0001,0.0000,0.0000,0.0000,0.0001,0.0001,0.0001,0.0003,0.0004,0.0004,0.0004,0.0003,0.0002,0.0002,0.0002,0.0003,0.0001,0.0000,0.0000,0.0000,0.0000,0.0000,0.0000,0.0000,0.0000,0.0000,0.0000,0.0000,0.0000,0.0000,0.0000,0.0000,0.0000,0.0000,0.0000,0.0000,0.0000,0.0000,0.0000,0.0000,0.0000,0.0000,0.0000,0.0000,0.0000,0.0000,0.0000,0.0000,0.0000,0.0000,0.0000,0.0000,0.0000,0.0000,0.0000,0.0000,0.0000,0.0000,0.0000,0.0000,0.0000,0.0000,0.0000,0.0000,0.0000,0.0000,0.0000,0.0000,0.0000,0.0000,0.0000,0.0000,0.0000,0.0000,0.0000,0.0000,0.0000,0.0000,0.0000,0.0000,0.0000,0.0000,0.0000,0.0000,0.0000,0.0000,0.0000,0.0000,0.0000,0.0000,0.0000,0.0000,0.0000,0.0000,0.0000,0.0000,0.0000,0.0000,0.0000,0.0000,0.0000,0.0000,0.0000,0.0000,0.0000,0.0000,0.0000,0.0000,0.0000,0.0000,0.0000,0.0000,0.0000,0.0000,0.0000,0.0000
μ_ELN,0.0500,0.0697,0.2500,0.2500,0.2500,0.2500,0.1780,0.1907,0.2023,0.2125,0.2212,0.2280,0.2329,0.2356,0.1878,0.2337,0.2249,0.3154,0.2381,0.2153,0.2718,0.1923,0.1992,0.3741,0.2350,0.2433,0.2515,0.1758,0.1824,0.1241,0.2095,0.2169,0.2247,0.1554,0.1615,0.1677,0.1741,0.2505,0.3701,0.5149,0.5253,0.5357,0.5192,0.5296,0.5830,0.5931,0.7368,0.7444,0.7518,0.7589,0.7658,0.7725,0.8472,0.9353,0.9376,0.9045,0.9080,0.9083,0.9090,0.9122,0.9153,0.9183,0.9213,0.9592,0.9607,0.9621,0.9796,0.9681,0.9693,0.9926,0.9883,0.9887,0.9892,0.9896,0.9900,0.9888,0.9889,0.9893,0.9897,0.9838,0.9845,0.9851,0.9856,0.9774,0.9647,0.9660,0.9471,0.9619,0.9659,0.9470,0.9869,0.9874,0.9879,0.9810,0.9817,0.9713,0.9724,0.9735,0.9745,0.9601,0.9600,0.9615,0.9571,0.9586,0.9601,0.9616,0.9641,0.9654,0.9863,0.9868,0.9929,0.9888,0.9943,0.9910,0.9949,0.9951,0.9953,0.9985,0.9977,0.9963,0.9969,0.9971,0.9982,0.9987,0.9993,0.9993,0.9989,0.9989,0.9990,0.9991,0.9991,0.9991,0.9991,0.9997,0.9997,0.9997,0.9997,0.9997,0.9995,0.9996,0.9996,0.9998,0.9998,0.9999,0.9999,0.9999,0.9999,0.9999,0.9999,0.9999,0.9999,0.9999,1.0000,0.9999,0.9999,0.9999,0.9999,0.9999,0.9999,0.9999,0.9999,0.9999,0.9999,0.9998,0.9998,0.9998,0.9997,0.9997,0.9997,0.9997,0.9997,0.9997,0.9997,0.9996,0.9997,0.9995,0.9995,0.9992,0.9992,0.9993,0.9993,0.9993,0.9995,0.9997,1.0000,0.9999,1.0000,1.0000,1.0000,0.9999,0.9999,0.9999,0.9997,0.9996,0.9996,0.9996,0.9997,0.9998,0.9998,0.9998,0.9997,0.9999,1.0000,1.0000,1.0000,1.0000,1.0000,1.0000,1.0000,1.0000,1.0000,1.0000,1.0000,1.0000,1.0000,1.0000,1.0000,1.0000,1.0000,1.0000,1.0000,1.0000,1.0000,1.0000,1.0000,1.0000,1.0000,1.0000,1.0000,1.0000,1.0000,1.0000,1.0000,1.0000,1.0000,1.0000,1.0000,1.0000,1.0000,1.0000,1.0000,1.0000,1.0000,1.0000,1.0000,1.0000,1.0000,1.0000,1.0000,1.0000,1.0000,1.0000,1.0000,1.0000,1.0000,1.0000,1.0000,1.0000,1.0000,1.0000,1.0000,1.0000,1.0000,1.0000,1.0000,1.0000,1.0000,1.0000,1.0000,1.0000,1.0000,1.0000,1.0000,1.0000,1.0000,1.0000,1.0000,1.0000,1.0000,1.0000,1.0000,1.0000,1.0000,1.0000,1.0000,1.0000,1.0000,1.0000,1.0000,1.0000,1.0000,1.0000,1.0000,1.0000,1.0000,1.0000,1.0000,1.0000,1.0000,1.0000,1.0000
μ_FARC,0.3500,0.5156,0.2500,0.2500,0.2500,0.2500,0.1444,0.1690,0.1958,0.2249,0.2561,0.2891,0.3235,0.3586,0.2323,0.4362,0.2767,0.1027,0.0629,0.0105,0.0119,0.0069,0.0078,0.0009,0.0003,0.0004,0.0004,0.0002,0.0003,0.0001,0.0001,0.0001,0.0001,0.0001,0.0001,0.0001,0.0001,0.0000,0.0000,0.0000,0.0000,0.0000,0.0000,0.0000,0.0000,0.0000,0.0000,0.0000,0.0000,0.0000,0.0000,0.0000,0.0000,0.0000,0.0000,0.0000,0.0000,0.0000,0.0000,0.0000,0.0000,0.0000,0.0000,0.0000,0.0000,0.0000,0.0000,0.0000,0.0000,0.0000,0.0000,0.0000,0.0000,0.0000,0.0000,0.0000,0.0000,0.0000,0.0000,0.0000,0.0000,0.0000,0.0000,0.0000,0.0000,0.0000,0.0000,0.0000,0.0000,0.0000,0.0000,0.0000,0.0000,0.0000,0.0000,0.0000,0.0000,0.0000,0.0000,0.0000,0.0000,0.0000,0.0000,0.0000,0.0000,0.0000,0.0000,0.0000,0.0000,0.0000,0.0000,0.0000,0.0000,0.0000,0.0000,0.0000,0.0000,0.0000,0.0000,0.0000,0.0000,0.0000,0.0000,0.0000,0.0000,0.0000,0.0000,0.0000,0.0000,0.0000,0.0000,0.0000,0.0000,0.0000,0.0000,0.0000,0.0000,0.0000,0.0000,0.0000,0.0000,0.0000,0.0000,0.0000,0.0000,0.0000,0.0000,0.0000,0.0000,0.0000,0.0000,0.0000,0.0000,0.0000,0.0000,0.0000,0.0000,0.0000,0.0000,0.0000,0.0000,0.0000,0.0000,0.0000,0.0000,0.0000,0.0000,0.0000,0.0000,0.0000,0.0000,0.0000,0.0000,0.0000,0.0000,0.0000,0.0000,0.0000,0.0000,0.0000,0.0000,0.0000,0.0000,0.0000,0.0000,0.0000,0.0000,0.0000,0.0000,0.0000,0.0000,0.0000,0.0000,0.0000,0.0000,0.0000,0.0000,0.0000,0.0000,0.0000,0.0000,0.0000,0.0000,0.0000,0.0000,0.0000,0.0000,0.0000,0.0000,0.0000,0.0000,0.0000,0.0000,0.0000,0.0000,0.0000,0.0000,0.0000,0.0000,0.0000,0.0000,0.0000,0.0000,0.0000,0.0000,0.0000,0.0000,0.0000,0.0000,0.0000,0.0000,0.0000,0.0000,0.0000,0.0000,0.0000,0.0000,0.0000,0.0000,0.0000,0.0000,0.0000,0.0000,0.0000,0.0000,0.0000,0.0000,0.0000,0.0000,0.0000,0.0000,0.0000,0.0000,0.0000,0.0000,0.0000,0.0000,0.0000,0.0000,0.0000,0.0000,0.0000,0.0000,0.0000,0.0000,0.0000,0.0000,0.0000,0.0000,0.0000,0.0000,0.0000,0.0000,0.0000,0.0000,0.0000,0.0000,0.0000,0.0000,0.0000,0.0000,0.0000,0.0000,0.0000,0.0000,0.0000,0.0000,0.0000,0.0000,0.0000,0.0000,0.0000,0.0000,0.0000,0.0000,0.0000,0.0000,0.0000,0.0000,0.0000,0.0000
α_R^μ,0.3825,0.6463,0.6100,0.4675,0.4550,0.4525,0.4131,0.4240,0.4486,0.4523,0.4783,0.4959,0.5328,0.5512,0.5562,0.5744,0.5927,0.5960,0.6293,0.6456,0.6643,0.6698,0.7209,0.6987,0.6923,0.7351,0.7325,0.7188,0.7554,0.7462,0.7763,0.7765,0.7767,0.7747,0.7748,0.7750,0.7752,0.7775,0.7811,0.7854,0.7858,0.7861,0.7856,0.7859,0.7875,0.7878,0.7921,0.7923,0.7926,0.7928,0.7930,0.7932,0.7954,0.7981,0.7981,0.7971,0.7972,0.7973,0.7973,0.7974,0.7975,0.7976,0.7976,0.7988,0.7988,0.7989,0.7994,0.7990,0.7991,0.7998,0.7996,0.7997,0.7997,0.7997,0.7997,0.7997,0.7997,0.7997,0.7997,0.7995,0.7995,0.7996,0.7996,0.7993,0.7989,0.7990,0.7984,0.7989,0.7990,0.7984,0.7996,0.7996,0.7996,0.7994,0.7995,0.7991,0.7992,0.7992,0.7992,0.7988,0.7988,0.7988,0.7987,0.7988,0.7988,0.7988,0.7989,0.7990,0.7996,0.7996,0.7998,0.7997,0.7998,0.7997,0.7998,0.7999,0.7999,0.8000,0.7999,0.7999,0.7999,0.7999,0.7999,0.8000,0.8000,0.8000,0.8000,0.8000,0.8000,0.8000,0.8000,0.8000,0.8000,0.8000,0.8000,0.8000,0.8000,0.8000,0.8000,0.8000,0.8000,0.8000,0.8000,0.8000,0.8000,0.8000,0.8000,0.8000,0.8000,0.8000,0.8000,0.8000,0.8000,0.8000,0.8000,0.8000,0.8000,0.8000,0.8000,0.8000,0.8000,0.8000,0.8000,0.8000,0.8000,0.8000,0.8000,0.8000,0.8000,0.8000,0.8000,0.8000,0.8000,0.8000,0.8000,0.8000,0.8000,0.8000,0.8000,0.8000,0.8000,0.8000,0.8000,0.8000,0.8000,0.8000,0.8000,0.8000,0.8000,0.8000,0.8000,0.8000,0.8000,0.8000,0.8000,0.8000,0.8000,0.8000,0.8000,0.8000,0.8000,0.8000,0.8000,0.8000,0.8000,0.8000,0.8000,0.8000,0.8000,0.8000,0.8000,0.8000,0.8000,0.8000,0.8000,0.8000,0.8000,0.8000,0.8000,0.8000,0.8000,0.8000,0.8000,0.8000,0.8000,0.8000,0.8000,0.8000,0.8000,0.8000,0.8000,0.8000,0.8000,0.8000,0.8000,0.8000,0.8000,0.8000,0.8000,0.8000,0.8000,0.8000,0.8000,0.8000,0.8000,0.8000,0.8000,0.8000,0.8000,0.8000,0.8000,0.8000,0.8000,0.8000,0.8000,0.8000,0.8000,0.8000,0.8000,0.8000,0.8000,0.8000,0.8000,0.8000,0.8000,0.8000,0.8000,0.8000,0.8000,0.8000,0.8000,0.8000,0.8000,0.8000,0.8000,0.8000,0.8000,0.8000,0.8000,0.8000,0.8000,0.8000,0.8000,0.8000,0.8000,0.8000,0.8000,0.8000,0.8000,0.8000,0.8000,0.8000,0.8000,0.8000,0.8000,0.8000,0.8000,0.8000,0.8000,0.8000,0.8000
γ_R^μ,0.4360,0.7383,0.7025,0.5375,0.5325,0.5325,0.4743,0.4940,0.5015,0.5256,0.5312,0.5617,0.5679,0.5764,0.5578,0.6111,0.6431,0.6415,0.6657,0.6850,0.6547,0.6888,0.6457,0.6463,0.6953,0.6559,0.6697,0.7031,0.6635,0.6951,0.6586,0.6575,0.6563,0.6667,0.6658,0.6648,0.6639,0.6524,0.6345,0.6128,0.6112,0.6096,0.6121,0.6106,0.6026,0.6010,0.5795,0.5783,0.5772,0.5762,0.5751,0.5741,0.5629,0.5497,0.5494,0.5543,0.5538,0.5537,0.5537,0.5532,0.5527,0.5522,0.5518,0.5461,0.5459,0.5457,0.5431,0.5448,0.5446,0.5411,0.5418,0.5417,0.5416,0.5416,0.5415,0.5417,0.5417,0.5416,0.5415,0.5424,0.5423,0.5422,0.5422,0.5434,0.5453,0.5451,0.5479,0.5457,0.5451,0.5479,0.5420,0.5419,0.5418,0.5429,0.5427,0.5443,0.5441,0.5440,0.5438,0.5460,0.5460,0.5458,0.5464,0.5462,0.5460,0.5458,0.5454,0.5452,0.5421,0.5420,0.5411,0.5417,0.5409,0.5413,0.5408,0.5407,0.5407,0.5402,0.5404,0.5406,0.5405,0.5404,0.5403,0.5402,0.5401,0.5401,0.5402,0.5402,0.5402,0.5401,0.5401,0.5401,0.5401,0.5401,0.5400,0.5400,0.5400,0.5400,0.5401,0.5401,0.5401,0.5400,0.5400,0.5400,0.5400,0.5400,0.5400,0.5400,0.5400,0.5400,0.5400,0.5400,0.5400,0.5400,0.5400,0.5400,0.5400,0.5400,0.5400,0.5400,0.5400,0.5400,0.5400,0.5400,0.5400,0.5400,0.5400,0.5400,0.5400,0.5400,0.5400,0.5400,0.5400,0.5401,0.5401,0.5401,0.5401,0.5401,0.5401,0.5401,0.5401,0.5401,0.5401,0.5400,0.5400,0.5400,0.5400,0.5400,0.5400,0.5400,0.5400,0.5400,0.5400,0.5401,0.5401,0.5401,0.5401,0.5400,0.5400,0.5400,0.5400,0.5400,0.5400,0.5400,0.5400,0.5400,0.5400,0.5400,0.5400,0.5400,0.5400,0.5400,0.5400,0.5400,0.5400,0.5400,0.5400,0.5400,0.5400,0.5400,0.5400,0.5400,0.5400,0.5400,0.5400,0.5400,0.5400,0.5400,0.5400,0.5400,0.5400,0.5400,0.5400,0.5400,0.5400,0.5400,0.5400,0.5400,0.5400,0.5400,0.5400,0.5400,0.5400,0.5400,0.5400,0.5400,0.5400,0.5400,0.5400,0.5400,0.5400,0.5400,0.5400,0.5400,0.5400,0.5400,0.5400,0.5400,0.5400,0.5400,0.5400,0.5400,0.5400,0.5400,0.5400,0.5400,0.5400,0.5400,0.5400,0.5400,0.5400,0.5400,0.5400,0.5400,0.5400,0.5400,0.5400,0.5400,0.5400,0.5400,0.5400,0.5400,0.5400,0.5400,0.5400,0.5400,0.5400,0.5400,0.5400,0.5400,0.5400,0.5400,0.5400,0.5400,0.5400,0.5400,0.5400,0.5400,0.5400,0.5400,0.5400
α_N^μ,0.6950,0.7881,0.7250,0.7075,0.7050,0.7050,0.6818,0.6873,0.6929,0.6925,0.7038,0.7090,0.7169,0.7215,0.7073,0.7368,0.7375,0.7307,0.7367,0.7336,0.7393,0.7424,0.7501,0.7475,0.7559,0.7630,0.7649,0.7959,0.7909,0.8138,0.8037,0.8035,0.8033,0.8053,0.8052,0.8050,0.8048,0.8025,0.7989,0.7946,0.7942,0.7939,0.7944,0.7941,0.7925,0.7922,0.7879,0.7877,0.7874,0.7872,0.7870,0.7868,0.7846,0.7819,0.7819,0.7829,0.7828,0.7827,0.7827,0.7826,0.7825,0.7824,0.7824,0.7812,0.7812,0.7811,0.7806,0.7810,0.7809,0.7802,0.7804,0.7803,0.7803,0.7803,0.7803,0.7803,0.7803,0.7803,0.7803,0.7805,0.7805,0.7804,0.7804,0.7807,0.7811,0.7810,0.7816,0.7811,0.7810,0.7816,0.7804,0.7804,0.7804,0.7806,0.7805,0.7809,0.7808,0.7808,0.7808,0.7812,0.7812,0.7812,0.7813,0.7812,0.7812,0.7812,0.7811,0.7810,0.7804,0.7804,0.7802,0.7803,0.7802,0.7803,0.7802,0.7801,0.7801,0.7800,0.7801,0.7801,0.7801,0.7801,0.7801,0.7800,0.7800,0.7800,0.7800,0.7800,0.7800,0.7800,0.7800,0.7800,0.7800,0.7800,0.7800,0.7800,0.7800,0.7800,0.7800,0.7800,0.7800,0.7800,0.7800,0.7800,0.7800,0.7800,0.7800,0.7800,0.7800,0.7800,0.7800,0.7800,0.7800,0.7800,0.7800,0.7800,0.7800,0.7800,0.7800,0.7800,0.7800,0.7800,0.7800,0.7800,0.7800,0.7800,0.7800,0.7800,0.7800,0.7800,0.7800,0.7800,0.7800,0.7800,0.7800,0.7800,0.7800,0.7800,0.7800,0.7800,0.7800,0.7800,0.7800,0.7800,0.7800,0.7800,0.7800,0.7800,0.7800,0.7800,0.7800,0.7800,0.7800,0.7800,0.7800,0.7800,0.7800,0.7800,0.7800,0.7800,0.7800,0.7800,0.7800,0.7800,0.7800,0.7800,0.7800,0.7800,0.7800,0.7800,0.7800,0.7800,0.7800,0.7800,0.7800,0.7800,0.7800,0.7800,0.7800,0.7800,0.7800,0.7800,0.7800,0.7800,0.7800,0.7800,0.7800,0.7800,0.7800,0.7800,0.7800,0.7800,0.7800,0.7800,0.7800,0.7800,0.7800,0.7800,0.7800,0.7800,0.7800,0.7800,0.7800,0.7800,0.7800,0.7800,0.7800,0.7800,0.7800,0.7800,0.7800,0.7800,0.7800,0.7800,0.7800,0.7800,0.7800,0.7800,0.7800,0.7800,0.7800,0.7800,0.7800,0.7800,0.7800,0.7800,0.7800,0.7800,0.7800,0.7800,0.7800,0.7800,0.7800,0.7800,0.7800,0.7800,0.7800,0.7800,0.7800,0.7800,0.7800,0.7800,0.7800,0.7800,0.7800,0.7800,0.7800,0.7800,0.7800,0.7800,0.7800,0.7800,0.7800,0.7800,0.7800,0.7800,0.7800,0.7800,0.7800,0.7800,0.7800
γ_N^μ,0.6650,0.7488,0.6800,0.6725,0.6725,0.6700,0.6490,0.6545,0.6570,0.6654,0.6680,0.6733,0.6785,0.6835,0.6638,0.6933,0.6809,0.6744,0.6626,0.6650,0.6592,0.6644,0.6546,0.6575,0.6547,0.6549,0.6551,0.6306,0.6437,0.6250,0.6442,0.6443,0.6445,0.6431,0.6432,0.6434,0.6435,0.6450,0.6474,0.6503,0.6505,0.6507,0.6504,0.6506,0.6517,0.6519,0.6547,0.6549,0.6550,0.6552,0.6553,0.6555,0.6569,0.6587,0.6588,0.6581,0.6582,0.6582,0.6582,0.6582,0.6583,0.6584,0.6584,0.6592,0.6592,0.6592,0.6596,0.6594,0.6594,0.6599,0.6598,0.6598,0.6598,0.6598,0.6598,0.6598,0.6598,0.6598,0.6598,0.6597,0.6597,0.6597,0.6597,0.6595,0.6593,0.6593,0.6589,0.6592,0.6593,0.6589,0.6597,0.6597,0.6598,0.6596,0.6596,0.6594,0.6594,0.6595,0.6595,0.6592,0.6592,0.6592,0.6591,0.6592,0.6592,0.6592,0.6593,0.6593,0.6597,0.6597,0.6599,0.6598,0.6599,0.6598,0.6599,0.6599,0.6599,0.6600,0.6600,0.6599,0.6599,0.6599,0.6600,0.6600,0.6600,0.6600,0.6600,0.6600,0.6600,0.6600,0.6600,0.6600,0.6600,0.6600,0.6600,0.6600,0.6600,0.6600,0.6600,0.6600,0.6600,0.6600,0.6600,0.6600,0.6600,0.6600,0.6600,0.6600,0.6600,0.6600,0.6600,0.6600,0.6600,0.6600,0.6600,0.6600,0.6600,0.6600,0.6600,0.6600,0.6600,0.6600,0.6600,0.6600,0.6600,0.6600,0.6600,0.6600,0.6600,0.6600,0.6600,0.6600,0.6600,0.6600,0.6600,0.6600,0.6600,0.6600,0.6600,0.6600,0.6600,0.6600,0.6600,0.6600,0.6600,0.6600,0.6600,0.6600,0.6600,0.6600,0.6600,0.6600,0.6600,0.6600,0.6600,0.6600,0.6600,0.6600,0.6600,0.6600,0.6600,0.6600,0.6600,0.6600,0.6600,0.6600,0.6600,0.6600,0.6600,0.6600,0.6600,0.6600,0.6600,0.6600,0.6600,0.6600,0.6600,0.6600,0.6600,0.6600,0.6600,0.6600,0.6600,0.6600,0.6600,0.6600,0.6600,0.6600,0.6600,0.6600,0.6600,0.6600,0.6600,0.6600,0.6600,0.6600,0.6600,0.6600,0.6600,0.6600,0.6600,0.6600,0.6600,0.6600,0.6600,0.6600,0.6600,0.6600,0.6600,0.6600,0.6600,0.6600,0.6600,0.6600,0.6600,0.6600,0.6600,0.6600,0.6600,0.6600,0.6600,0.6600,0.6600,0.6600,0.6600,0.6600,0.6600,0.6600,0.6600,0.6600,0.6600,0.6600,0.6600,0.6600,0.6600,0.6600,0.6600,0.6600,0.6600,0.6600,0.6600,0.6600,0.6600,0.6600,0.6600,0.6600,0.6600,0.6600,0.6600,0.6600,0.6600,0.6600,0.6600,0.6600,0.6600,0.6600,0.6600,0.6600,0.6600,0.6600,0.6600
L_C(voice),1.0000,0.2483,0.3664,0.7888,0.7888,0.7888,0.7888,0.7888,0.7888,0.7888,0.7888,0.7888,0.7888,0.7888,0.2121,0.2089,0.4190,0.7888,0.3117,0.4694,0.7888,0.7888,0.3369,0.2156,0.7888,0.7888,0.7888,0.7888,0.7888,0.1784,0.7888,0.7888,0.7888,0.7888,0.7888,0.7888,0.1826,0.4305,0.2127,0.7888,0.7888,0.1128,0.7888,0.4540,0.7888,0.4685,0.7888,0.7888,0.7888,0.7888,0.7888,0.4260,0.1884,0.7888,0.7888,0.7888,0.2642,0.1750,0.7888,0.7888,0.7888,0.7888,0.3028,0.7888,0.7888,0.0554,0.7888,0.7888,0.7888,0.7888,0.7888,0.7888,0.7888,0.7888,0.1154,0.1141,0.7888,0.7888,0.7888,0.7888,0.7888,0.7888,0.7888,0.7888,0.7888,0.7888,0.4269,0.0233,0.7888,0.7888,0.7888,0.7888,0.7888,0.7888,0.7888,0.7888,0.7888,0.7888,0.7888,0.1690,0.7888,0.2790,0.7888,0.7888,0.7888,0.3594,0.7888,0.1237,0.7888,0.4796,0.7888,0.1672,0.7888,0.3100,0.7888,0.7888,0.1043,0.7888,0.7888,0.4488,0.2531,0.3284,0.2972,0.0548,0.7888,0.7888,0.7888,0.7888,0.2449,0.7888,0.0947,0.7888,0.2212,0.7888,0.7888,0.7888,0.7888,0.7888,0.7888,0.7888,0.2891,0.7888,0.4136,0.7888,0.1370,0.1364,0.2903,0.7888,0.7888,0.2805,0.7888,0.5665,0.1987,0.7888,0.7888,0.0204,0.7888,0.7888,0.3125,0.7888,0.7888,0.7888,0.1534,0.7888,0.7888,0.7888,0.7888,0.7888,0.7888,0.7888,0.7888,0.7888,0.3991,0.7888,0.7888,0.7888,0.7888,0.7888,0.7888,0.7888,0.7888,0.3494,0.4159,0.1885,0.0514,0.3801,0.0912,0.4395,0.7888,0.7888,0.7888,0.0210,0.3009,0.7888,0.7888,0.7888,0.4430,0.7888,0.7888,0.7888,0.7888,0.1247,0.7888,0.7888,0.7888,0.7888,0.7888,0.7888,0.3409,0.1397,0.7888,0.1055,0.2153,0.7888,0.7888,0.2272,0.7888,0.7888,0.1388,0.3732,0.5369,0.7888,0.2358,0.2830,0.7888,0.7888,0.3318,0.7888,0.4156,0.7888,0.7888,0.7888,0.3901,0.2166,0.7888,0.7888,0.2932,0.7888,0.1178,0.0432,0.1742,0.4353,0.7888,0.7888,0.7888,0.7888,0.7888,0.7888,0.2905,0.7888,0.7888,0.7888,0.4950,0.7888,0.7888,0.2889,0.7888,0.7888,0.3834,0.4422,0.7888,0.7888,0.2294,0.4348,0.4047,0.7888,0.1549,0.7888,0.7888,0.7888,0.1349,0.7888,0.2391,0.7888,0.2989,0.7888,0.7888,0.2310,0.2198,0.7888,0.7888,0.3120,0.4403,0.7888,0.7888,0.1148,0.7888,0.5054,0.7888,0.7888,0.2692,0.2287,0.3032,0.0811,0.3729,0.7888,0.7888,0.1612,0.7888,0.7888,0.7888
V_τ (signal),Call,Call,Call,Silence,Silence,Silence,Silence,Silence,Silence,Silence,Silence,Silence,Silence,Silence,Call,Call,Call,Silence,Call,Call,Silence,Silence,Call,Call,Silence,Silence,Silence,Silence,Silence,Call,Silence,Silence,Silence,Silence,Silence,Silence,Call,Call,Call,Silence,Silence,Call,Silence,Call,Silence,Call,Silence,Silence,Silence,Silence,Silence,Call,Call,Silence,Silence,Silence,Call,Call,Silence,Silence,Silence,Silence,Call,Silence,Silence,Call,Silence,Silence,Silence,Silence,Silence,Silence,Silence,Silence,Call,Call,Silence,Silence,Silence,Silence,Silence,Silence,Silence,Silence,Silence,Silence,Call,Call,Silence,Silence,Silence,Silence,Silence,Silence,Silence,Silence,Silence,Silence,Silence,Call,Silence,Call,Silence,Silence,Silence,Call,Silence,Call,Silence,Call,Silence,Call,Silence,Call,Silence,Silence,Call,Silence,Silence,Call,Call,Call,Call,Call,Silence,Silence,Silence,Silence,Call,Silence,Call,Silence,Call,Silence,Silence,Silence,Silence,Silence,Silence,Silence,Call,Silence,Call,Silence,Call,Call,Call,Silence,Silence,Call,Silence,Call,Call,Silence,Silence,Call,Silence,Silence,Call,Silence,Silence,Silence,Call,Silence,Silence,Silence,Silence,Silence,Silence,Silence,Silence,Silence,Call,Silence,Silence,Silence,Silence,Silence,Silence,Silence,Silence,Call,Call,Call,Call,Call,Call,Call,Silence,Silence,Silence,Call,Call,Silence,Silence,Silence,Call,Silence,Silence,Silence,Silence,Call,Silence,Silence,Silence,Silence,Silence,Silence,Call,Call,Silence,Call,Call,Silence,Silence,Call,Silence,Silence,Call,Call,Call,Silence,Call,Call,Silence,Silence,Call,Silence,Call,Silence,Silence,Silence,Call,Call,Silence,Silence,Call,Silence,Call,Call,Call,Call,Silence,Silence,Silence,Silence,Silence,Silence,Call,Silence,Silence,Silence,Call,Silence,Silence,Call,Silence,Silence,Call,Call,Silence,Silence,Call,Call,Call,Silence,Call,Silence,Silence,Silence,Call,Silence,Call,Silence,Call,Silence,Silence,Call,Call,Silence,Silence,Call,Call,Silence,Silence,Call,Silence,Call,Silence,Silence,Call,Call,Call,Call,Call,Silence,Silence,Call,Silence,Silence,Silence
d (detection),False,True,True,False,False,True,False,False,False,False,False,False,False,True,False,True,False,True,True,False,True,False,False,True,False,False,True,False,True,False,False,False,True,False,False,False,True,False,False,False,False,False,False,True,False,False,False,False,False,False,False,False,False,False,True,False,False,False,False,False,False,False,False,False,False,False,True,False,False,True,False,False,False,False,False,True,False,False,True,False,False,False,True,True,False,True,False,True,True,False,False,False,True,False,True,False,False,False,True,False,False,True,False,False,False,True,False,False,False,False,True,False,True,False,False,False,False,True,True,True,False,False,False,False,False,True,False,False,False,False,False,False,False,False,False,False,False,True,False,False,False,False,False,False,False,True,False,True,False,True,False,False,False,False,False,False,True,False,False,True,False,False,True,False,False,True,False,False,False,False,False,False,True,False,True,False,True,False,False,False,False,True,False,False,True,False,False,True,True,True,False,True,True,False,False,False,False,False,False,True,False,False,False,True,False,True,False,True,False,False,False,True,True,False,False,False,True,False,False,False,False,False,False,False,False,False,False,False,False,True,False,False,False,False,False,True,False,False,True,False,False,True,False,True,False,False,False,False,False,False,False,False,False,False,True,True,False,True,True,True,False,False,False,False,False,False,True,False,False,False,False,False,False,True,True,False,False,False,False,False,True,False,False,False,False,True,True,False,False,True,False,False,False,True,False,False,False,True,True,True,True
p_det,0.1545,0.3659,0.2554,0.2535,0.2535,0.2535,0.2460,0.2460,0.2479,0.2497,0.2516,0.2535,0.2535,0.2554,0.2479,0.2573,0.2497,0.2405,0.2423,0.2535,0.2516,0.2573,0.2592,0.2535,0.2611,0.2611,0.2631,0.2650,0.2670,0.2670,0.2670,0.2689,0.2689,0.2689,0.2689,0.2689,0.2670,0.2650,0.2650,0.2631,0.2631,0.2611,0.2631,0.2611,0.2631,0.2631,0.2592,0.2592,0.2573,0.2573,0.2573,0.2573,0.2573,0.2573,0.2573,0.2611,0.2592,0.2592,0.2592,0.2592,0.2592,0.2592,0.2592,0.2573,0.2573,0.2573,0.2592,0.2592,0.2592,0.2611,0.2592,0.2611,0.2611,0.2611,0.2611,0.2611,0.2611,0.2611,0.2611,0.2592,0.2592,0.2592,0.2592,0.2592,0.2573,0.2592,0.2573,0.2573,0.2592,0.2573,0.2592,0.2592,0.2592,0.2592,0.2592,0.2592,0.2592,0.2592,0.2592,0.2573,0.2573,0.2573,0.2573,0.2573,0.2573,0.2573,0.2573,0.2573,0.2592,0.2592,0.2611,0.2611,0.2611,0.2611,0.2611,0.2611,0.2611,0.2611,0.2611,0.2611,0.2611,0.2611,0.2611,0.2611,0.2611,0.2611,0.2611,0.2611,0.2611,0.2611,0.2611,0.2611,0.2611,0.2611,0.2611,0.2611,0.2611,0.2611,0.2611,0.2611,0.2611,0.2611,0.2611,0.2611,0.2611,0.2611,0.2611,0.2611,0.2611,0.2611,0.2611,0.2611,0.2611,0.2611,0.2611,0.2611,0.2611,0.2611,0.2611,0.2611,0.2611,0.2611,0.2611,0.2611,0.2611,0.2611,0.2611,0.2611,0.2611,0.2611,0.2611,0.2611,0.2611,0.2611,0.2611,0.2611,0.2611,0.2611,0.2611,0.2611,0.2611,0.2611,0.2611,0.2611,0.2611,0.2611,0.2611,0.2611,0.2611,0.2611,0.2611,0.2611,0.2611,0.2611,0.2611,0.2611,0.2611,0.2611,0.2611,0.2611,0.2611,0.2611,0.2611,0.2611,0.2611,0.2611,0.2611,0.2611,0.2611,0.2611,0.2611,0.2611,0.2611,0.2611,0.2611,0.2611,0.2611,0.2611,0.2611,0.2611,0.2611,0.2611,0.2611,0.2611,0.2611,0.2611,0.2611,0.2611,0.2611,0.2611,0.2611,0.2611,0.2611,0.2611,0.2611,0.2611,0.2611,0.2611,0.2611,0.2611,0.2611,0.2611,0.2611,0.2611,0.2611,0.2611,0.2611,0.2611,0.2611,0.2611,0.2611,0.2611,0.2611,0.2611,0.2611,0.2611,0.2611,0.2611,0.2611,0.2611,0.2611,0.2611,0.2611,0.2611,0.2611,0.2611,0.2611,0.2611,0.2611,0.2611,0.2611,0.2611,0.2611,0.2611,0.2611,0.2611,0.2611,0.2611,0.2611,0.2611,0.2611,0.2611,0.2611,0.2611,0.2611,0.2611,0.2611,0.2611,0.2611,0.2611,0.2611,0.2611,0.2611,0.2611,0.2611,0.2611,0.2611,0.2611,0.2611,0.2611,0.2611
ι = max_θ μ_τ(θ),0.3500,0.5156,0.2500,0.2500,0.2500,0.2500,0.3980,0.3538,0.3112,0.2920,0.2903,0.2891,0.3235,0.3586,0.3364,0.4362,0.4867,0.5797,0.6951,0.7718,0.7160,0.8005,0.7927,0.6248,0.7646,0.7564,0.7481,0.8240,0.8173,0.8757,0.7904,0.7830,0.7752,0.8445,0.8385,0.8322,0.8258,0.7495,0.6299,0.5149,0.5253,0.5357,0.5192,0.5296,0.5830,0.5931,0.7368,0.7444,0.7518,0.7589,0.7658,0.7725,0.8472,0.9353,0.9376,0.9045,0.9080,0.9083,0.9090,0.9122,0.9153,0.9183,0.9213,0.9592,0.9607,0.9621,0.9796,0.9681,0.9693,0.9926,0.9883,0.9887,0.9892,0.9896,0.9900,0.9888,0.9889,0.9893,0.9897,0.9838,0.9845,0.9851,0.9856,0.9774,0.9647,0.9660,0.9471,0.9619,0.9659,0.9470,0.9869,0.9874,0.9879,0.9810,0.9817,0.9713,0.9724,0.9735,0.9745,0.9601,0.9600,0.9615,0.9571,0.9586,0.9601,0.9616,0.9641,0.9654,0.9863,0.9868,0.9929,0.9888,0.9943,0.9910,0.9949,0.9951,0.9953,0.9985,0.9977,0.9963,0.9969,0.9971,0.9982,0.9987,0.9993,0.9993,0.9989,0.9989,0.9990,0.9991,0.9991,0.9991,0.9991,0.9997,0.9997,0.9997,0.9997,0.9997,0.9995,0.9996,0.9996,0.9998,0.9998,0.9999,0.9999,0.9999,0.9999,0.9999,0.9999,0.9999,0.9999,0.9999,1.0000,0.9999,0.9999,0.9999,0.9999,0.9999,0.9999,0.9999,0.9999,0.9999,0.9999,0.9998,0.9998,0.9998,0.9997,0.9997,0.9997,0.9997,0.9997,0.9997,0.9997,0.9996,0.9997,0.9995,0.9995,0.9992,0.9992,0.9993,0.9993,0.9993,0.9995,0.9997,1.0000,0.9999,1.0000,1.0000,1.0000,0.9999,0.9999,0.9999,0.9997,0.9996,0.9996,0.9996,0.9997,0.9998,0.9998,0.9998,0.9997,0.9999,1.0000,1.0000,1.0000,1.0000,1.0000,1.0000,1.0000,1.0000,1.0000,1.0000,1.0000,1.0000,1.0000,1.0000,1.0000,1.0000,1.0000,1.0000,1.0000,1.0000,1.0000,1.0000,1.0000,1.0000,1.0000,1.0000,1.0000,1.0000,1.0000,1.0000,1.0000,1.0000,1.0000,1.0000,1.0000,1.0000,1.0000,1.0000,1.0000,1.0000,1.0000,1.0000,1.0000,1.0000,1.0000,1.0000,1.0000,1.0000,1.0000,1.0000,1.0000,1.0000,1.0000,1.0000,1.0000,1.0000,1.0000,1.0000,1.0000,1.0000,1.0000,1.0000,1.0000,1.0000,1.0000,1.0000,1.0000,1.0000,1.0000,1.0000,1.0000,1.0000,1.0000,1.0000,1.0000,1.0000,1.0000,1.0000,1.0000,1.0000,1.0000,1.0000,1.0000,1.0000,1.0000,1.0000,1.0000,1.0000,1.0000,1.0000,1.0000,1.0000,1.0000,1.0000,1.0000,1.0000,1.0000,1.0000,1.0000
M_t,0.0000,0.0011,0.0044,0.0100,0.0178,0.0278,0.0400,0.0544,0.0711,0.0900,0.1111,0.1344,0.1600,0.1878,0.2178,0.2500,0.2844,0.3211,0.3600,0.4011,0.4444,0.4900,0.5378,0.5878,0.6400,0.6944,0.7511,0.8100,0.8711,0.9344,1.0000,1.0000,1.0000,1.0000,1.0000,1.0000,1.0000,1.0000,1.0000,1.0000,1.0000,1.0000,1.0000,1.0000,1.0000,1.0000,1.0000,1.0000,1.0000,1.0000,1.0000,1.0000,1.0000,1.0000,1.0000,1.0000,1.0000,1.0000,1.0000,1.0000,1.0000,1.0000,1.0000,1.0000,1.0000,1.0000,1.0000,1.0000,1.0000,1.0000,1.0000,1.0000,1.0000,1.0000,1.0000,1.0000,1.0000,1.0000,1.0000,1.0000,1.0000,1.0000,1.0000,1.0000,1.0000,1.0000,1.0000,1.0000,1.0000,1.0000,1.0000,1.0000,1.0000,1.0000,1.0000,1.0000,1.0000,1.0000,1.0000,1.0000,1.0000,1.0000,1.0000,1.0000,1.0000,1.0000,1.0000,1.0000,1.0000,1.0000,1.0000,1.0000,1.0000,1.0000,1.0000,1.0000,1.0000,1.0000,1.0000,1.0000,1.0000,1.0000,1.0000,1.0000,1.0000,1.0000,1.0000,1.0000,1.0000,1.0000,1.0000,1.0000,1.0000,1.0000,1.0000,1.0000,1.0000,1.0000,1.0000,1.0000,1.0000,1.0000,1.0000,1.0000,1.0000,1.0000,1.0000,1.0000,1.0000,1.0000,1.0000,1.0000,1.0000,1.0000,1.0000,1.0000,1.0000,1.0000,1.0000,1.0000,1.0000,1.0000,1.0000,1.0000,1.0000,1.0000,1.0000,1.0000,1.0000,1.0000,1.0000,1.0000,1.0000,1.0000,1.0000,1.0000,1.0000,1.0000,1.0000,1.0000,1.0000,1.0000,1.0000,1.0000,1.0000,1.0000,1.0000,1.0000,1.0000,1.0000,1.0000,1.0000,1.0000,1.0000,1.0000,1.0000,1.0000,1.0000,1.0000,1.0000,1.0000,1.0000,1.0000,1.0000,1.0000,1.0000,1.0000,1.0000,1.0000,1.0000,1.0000,1.0000,1.0000,1.0000,1.0000,1.0000,1.0000,1.0000,1.0000,1.0000,1.0000,1.0000,1.0000,1.0000,1.0000,1.0000,1.0000,1.0000,1.0000,1.0000,1.0000,1.0000,1.0000,1.0000,1.0000,1.0000,1.0000,1.0000,1.0000,1.0000,1.0000,1.0000,1.0000,1.0000,1.0000,1.0000,1.0000,1.0000,1.0000,1.0000,1.0000,1.0000,1.0000,1.0000,1.0000,1.0000,1.0000,1.0000,1.0000,1.0000,1.0000,1.0000,1.0000,1.0000,1.0000,1.0000,1.0000,1.0000,1.0000,1.0000,1.0000,1.0000,1.0000,1.0000,1.0000,1.0000,1.0000,1.0000,1.0000,1.0000,1.0000,1.0000,1.0000,1.0000,1.0000,1.0000,1.0000,1.0000,1.0000,1.0000,1.0000,1.0000,1.0000,1.0000,1.0000,1.0000,1.0000,1.0000,1.0000,1.0000,1.0000
M_t^S,3.0000,2.6478,3.2584,3.2002,3.1432,3.0871,2.8644,2.8832,2.8798,2.8552,2.8101,2.7464,2.6660,2.5722,2.5824,2.2454,2.1000,2.1000,2.1000,2.1000,2.1000,2.1000,2.1000,2.1000,2.1000,2.1000,2.1000,2.1000,2.1000,2.1000,2.1000,2.1000,2.1000,2.1000,2.1000,2.1000,2.1000,2.1000,2.1000,2.1000,2.1000,2.1000,2.1000,2.1000,2.1000,2.1000,2.1000,2.1000,2.1000,2.1000,2.1000,2.1000,2.1000,2.1000,2.1000,2.1000,2.1000,2.1000,2.1000,2.1000,2.1000,2.1000,2.1000,2.1000,2.1000,2.1000,2.1000,2.1000,2.1000,2.1000,2.1000,2.1000,2.1000,2.1000,2.1000,2.1000,2.1000,2.1000,2.1000,2.1000,2.1000,2.1000,2.1000,2.1000,2.1000,2.1000,2.1000,2.1000,2.1000,2.1000,2.1000,2.1000,2.1000,2.1000,2.1000,2.1000,2.1000,2.1000,2.1000,2.1000,2.1000,2.1000,2.1000,2.1000,2.1000,2.1000,2.1000,2.1000,2.1000,2.1000,2.1000,2.1000,2.1000,2.1000,2.1000,2.1000,2.1000,2.1000,2.1000,2.1000,2.1000,2.1000,2.1000,2.1000,2.1000,2.1000,2.1000,2.1000,2.1000,2.1000,2.1000,2.1000,2.1000,2.1000,2.1000,2.1000,2.1000,2.1000,2.1000,2.1000,2.1000,2.1000,2.1000,2.1000,2.1000,2.1000,2.1000,2.1000,2.1000,2.1000,2.1000,2.1000,2.1000,2.1000,2.1000,2.1000,2.1000,2.1000,2.1000,2.1000,2.1000,2.1000,2.1000,2.1000,2.1000,2.1000,2.1000,2.1000,2.1000,2.1000,2.1000,2.1000,2.1000,2.1000,2.1000,2.1000,2.1000,2.1000,2.1000,2.1000,2.1000,2.1000,2.1000,2.1000,2.1000,2.1000,2.1000,2.1000,2.1000,2.1000,2.1000,2.1000,2.1000,2.1000,2.1000,2.1000,2.1000,2.1000,2.1000,2.1000,2.1000,2.1000,2.1000,2.1000,2.1000,2.1000,2.1000,2.1000,2.1000,2.1000,2.1000,2.1000,2.1000,2.1000,2.1000,2.1000,2.1000,2.1000,2.1000,2.1000,2.1000,2.1000,2.1000,2.1000,2.1000,2.1000,2.1000,2.1000,2.1000,2.1000,2.1000,2.1000,2.1000,2.1000,2.1000,2.1000,2.1000,2.1000,2.1000,2.1000,2.1000,2.1000,2.1000,2.1000,2.1000,2.1000,2.1000,2.1000,2.1000,2.1000,2.1000,2.1000,2.1000,2.1000,2.1000,2.1000,2.1000,2.1000,2.1000,2.1000,2.1000,2.1000,2.1000,2.1000,2.1000,2.1000,2.1000,2.1000,2.1000,2.1000,2.1000,2.1000,2.1000,2.1000,2.1000,2.1000,2.1000,2.1000,2.1000,2.1000,2.1000,2.1000,2.1000,2.1000,2.1000,2.1000,2.1000,2.1000,2.1000,2.1000,2.1000,2.1000,2.1000,2.1000,2.1000,2.1000,2.1000,2.1000,2.1000,2.1000,2.1000
M_t^F,3.0000,2.7000,3.2780,3.2292,3.1811,3.1337,2.9164,2.9444,2.9498,2.9333,2.8957,2.8385,2.7638,2.7000,2.7000,2.7000,2.7000,2.7000,2.7000,2.7000,2.7000,2.7000,2.7000,2.7000,2.7000,2.7000,2.7000,2.7000,2.7000,2.7000,2.7000,2.7000,2.7000,2.7000,2.7000,2.7000,2.7000,2.7000,2.7000,2.7000,2.7000,2.7000,2.7000,2.7000,2.7000,2.7000,2.7000,2.7000,2.7000,2.7000,2.7000,2.7000,2.7000,2.7000,2.7000,2.7000,2.7000,2.7000,2.7000,2.7000,2.7000,2.7000,2.7000,2.7000,2.7000,2.7000,2.7000,2.7000,2.7000,2.7000,2.7000,2.7000,2.7000,2.7000,2.7000,2.7000,2.7000,2.7000,2.7000,2.7000,2.7000,2.7000,2.7000,2.7000,2.7000,2.7000,2.7000,2.7000,2.7000,2.7000,2.7000,2.7000,2.7000,2.7000,2.7000,2.7000,2.7000,2.7000,2.7000,2.7000,2.7000,2.7000,2.7000,2.7000,2.7000,2.7000,2.7000,2.7000,2.7000,2.7000,2.7000,2.7000,2.7000,2.7000,2.7000,2.7000,2.7000,2.7000,2.7000,2.7000,2.7000,2.7000,2.7000,2.7000,2.7000,2.7000,2.7000,2.7000,2.7000,2.7000,2.7000,2.7000,2.7000,2.7000,2.7000,2.7000,2.7000,2.7000,2.7000,2.7000,2.7000,2.7000,2.7000,2.7000,2.7000,2.7000,2.7000,2.7000,2.7000,2.7000,2.7000,2.7000,2.7000,2.7000,2.7000,2.7000,2.7000,2.7000,2.7000,2.7000,2.7000,2.7000,2.7000,2.7000,2.7000,2.7000,2.7000,2.7000,2.7000,2.7000,2.7000,2.7000,2.7000,2.7000,2.7000,2.7000,2.7000,2.7000,2.7000,2.7000,2.7000,2.7000,2.7000,2.7000,2.7000,2.7000,2.7000,2.7000,2.7000,2.7000,2.7000,2.7000,2.7000,2.7000,2.7000,2.7000,2.7000,2.7000,2.7000,2.7000,2.7000,2.7000,2.7000,2.7000,2.7000,2.7000,2.7000,2.7000,2.7000,2.7000,2.7000,2.7000,2.7000,2.7000,2.7000,2.7000,2.7000,2.7000,2.7000,2.7000,2.7000,2.7000,2.7000,2.7000,2.7000,2.7000,2.7000,2.7000,2.7000,2.7000,2.7000,2.7000,2.7000,2.7000,2.7000,2.7000,2.7000,2.7000,2.7000,2.7000,2.7000,2.7000,2.7000,2.7000,2.7000,2.7000,2.7000,2.7000,2.7000,2.7000,2.7000,2.7000,2.7000,2.7000,2.7000,2.7000,2.7000,2.7000,2.7000,2.7000,2.7000,2.7000,2.7000,2.7000,2.7000,2.7000,2.7000,2.7000,2.7000,2.7000,2.7000,2.7000,2.7000,2.7000,2.7000,2.7000,2.7000,2.7000,2.7000,2.7000,2.7000,2.7000,2.7000,2.7000,2.7000,2.7000,2.7000,2.7000,2.7000,2.7000,2.7000,2.7000,2.7000,2.7000,2.7000,2.7000,2.7000,2.7000,2.7000,2.7000,2.7000
M_t^K,3.3000,3.3000,3.3000,3.3000,3.3000,3.3000,3.3000,3.3000,3.3000,3.3000,3.3000,3.3000,3.3000,3.3000,3.3000,3.3000,3.3000,3.3000,3.3000,3.3000,3.3000,3.3000,3.3000,3.3000,3.3000,3.3000,3.3000,3.3000,3.3000,3.3000,3.3000,3.3000,3.3000,3.3000,3.3000,3.3000,3.3000,3.3000,3.3000,3.3000,3.3000,3.3000,3.3000,3.3000,3.3000,3.3000,3.3000,3.3000,3.3000,3.3000,3.3000,3.3000,3.3000,3.3000,3.3000,3.3000,3.3000,3.3000,3.3000,3.3000,3.3000,3.3000,3.3000,3.3000,3.3000,3.3000,3.3000,3.3000,3.3000,3.3000,3.3000,3.3000,3.3000,3.3000,3.3000,3.3000,3.3000,3.3000,3.3000,3.3000,3.3000,3.3000,3.3000,3.3000,3.3000,3.3000,3.3000,3.3000,3.3000,3.3000,3.3000,3.3000,3.3000,3.3000,3.3000,3.3000,3.3000,3.3000,3.3000,3.3000,3.3000,3.3000,3.3000,3.3000,3.3000,3.3000,3.3000,3.3000,3.3000,3.3000,3.3000,3.3000,3.3000,3.3000,3.3000,3.3000,3.3000,3.3000,3.3000,3.3000,3.3000,3.3000,3.3000,3.3000,3.3000,3.3000,3.3000,3.3000,3.3000,3.3000,3.3000,3.3000,3.3000,3.3000,3.3000,3.3000,3.3000,3.3000,3.3000,3.3000,3.3000,3.3000,3.3000,3.3000,3.3000,3.3000,3.3000,3.3000,3.3000,3.3000,3.3000,3.3000,3.3000,3.3000,3.3000,3.3000,3.3000,3.3000,3.3000,3.3000,3.3000,3.3000,3.3000,3.3000,3.3000,3.3000,3.3000,3.3000,3.3000,3.3000,3.3000,3.3000,3.3000,3.3000,3.3000,3.3000,3.3000,3.3000,3.3000,3.3000,3.3000,3.3000,3.3000,3.3000,3.3000,3.3000,3.3000,3.3000,3.3000,3.3000,3.3000,3.3000,3.3000,3.3000,3.3000,3.3000,3.3000,3.3000,3.3000,3.3000,3.3000,3.3000,3.3000,3.3000,3.3000,3.3000,3.3000,3.3000,3.3000,3.3000,3.3000,3.3000,3.3000,3.3000,3.3000,3.3000,3.3000,3.3000,3.3000,3.3000,3.3000,3.3000,3.3000,3.3000,3.3000,3.3000,3.3000,3.3000,3.3000,3.3000,3.3000,3.3000,3.3000,3.3000,3.3000,3.3000,3.3000,3.3000,3.3000,3.3000,3.3000,3.3000,3.3000,3.3000,3.3000,3.3000,3.3000,3.3000,3.3000,3.3000,3.3000,3.3000,3.3000,3.3000,3.3000,3.3000,3.3000,3.3000,3.3000,3.3000,3.3000,3.3000,3.3000,3.3000,3.3000,3.3000,3.3000,3.3000,3.3000,3.3000,3.3000,3.3000,3.3000,3.3000,3.3000,3.3000,3.3000,3.3000,3.3000,3.3000,3.3000,3.3000,3.3000,3.3000,3.3000,3.3000,3.3000,3.3000,3.3000,3.3000,3.3000,3.3000,3.3000,3.3000,3.3000,3.3000,3.3000,3.3000,3.3000,3.3000,3.3000
