,0,1,2,3,4,5,6,7,8,9,10,11,12,13,14,15,16,17,18,19,20,21,22,23,24,25,26,27,28,29,30,31,32,33,34,35,36,37,38,39,40,41,42,43,44,45,46,47,48,49,50,51,52,53,54,55,56,57,58,59,60,61,62,63,64,65,66,67,68,69,70,71,72,73,74,75,76,77,78,79,80,81,82,83,84,85,86,87,88,89,90,91,92,93,94,95,96,97,98,99,100,101,102,103,104,105,106,107,108,109,110,111,112,113,114,115,116,117,118,119,120,121,122,123,124,125,126,127,128,129,130,131,132,133,134,135,136,137,138,139,140,141,142,143,144,145,146,147,148,149,150,151,152,153,154,155,156,157,158,159,160,161,162,163,164,165,166,167,168,169,170,171,172,173,174,175,176,177,178,179,180,181,182,183,184,185,186,187,188,189,190,191,192,193,194,195,196,197,198,199,200
a_F*,Cooperate,Cooperate,Cooperate,Cooperate,Cooperate,Cooperate,Cooperate,Cooperate,Cooperate,Cooperate,Cooperate,Cooperate,Cooperate,Cooperate,Cooperate,Cooperate,Cooperate,Cooperate,Cooperate,Cooperate,Cooperate,Cooperate,Cooperate,Cooperate,Cooperate,Cooperate,Cooperate,Cooperate,Cooperate,Cooperate,Cooperate,Cooperate,Cooperate,Cooperate,Cooperate,Cooperate,Cooperate,Cooperate,Cooperate,Cooperate,Cooperate,Cooperate,Cooperate,Cooperate,Cooperate,Cooperate,Cooperate,Cooperate,Cooperate,Cooperate,Cooperate,Cooperate,Cooperate,Cooperate,Cooperate,Cooperate,Cooperate,Cooperate,Cooperate,Cooperate,Cooperate,Cooperate,Cooperate,Cooperate,Cooperate,Cooperate,Cooperate,Cooperate,Cooperate,Cooperate,Cooperate,Cooperate,Cooperate,Cooperate,Cooperate,Cooperate,Cooperate,Cooperate,Cooperate,Cooperate,Cooperate,Cooperate,Cooperate,Cooperate,Cooperate,Cooperate,Cooperate,Cooperate,Cooperate,Cooperate,Cooperate,Cooperate,Cooperate,Cooperate,Cooperate,Cooperate,Cooperate,Cooperate,Cooperate,Cooperate,Cooperate,Cooperate,Cooperate,Cooperate,Cooperate,Cooperate,Cooperate,Cooperate,Cooperate,Cooperate,Cooperate,Cooperate,Cooperate,Cooperate,Cooperate,Cooperate,Cooperate,Cooperate,Cooperate,Cooperate,Cooperate,Cooperate,Cooperate,Cooperate,Cooperate,Cooperate,Cooperate,Cooperate,Cooperate,Cooperate,Cooperate,Cooperate,Cooperate,Cooperate,Cooperate,Cooperate,Cooperate,Cooperate,Cooperate,Cooperate,Cooperate,Cooperate,Cooperate,Cooperate,Cooperate,Cooperate,Cooperate,Cooperate,Cooperate,Cooperate,Cooperate,Cooperate,Cooperate,Cooperate,Cooperate,Cooperate,Cooperate,Cooperate,Cooperate,Cooperate,Cooperate,Cooperate,Cooperate,Cooperate,Cooperate,Cooperate,Cooperate,Cooperate,Cooperate,Cooperate,Cooperate,Cooperate,Cooperate,Cooperate,Cooperate,Cooperate,Cooperate,Cooperate,Cooperate,Cooperate,Cooperate,Cooperate,Cooperate,Cooperate,Cooperate,Cooperate,Cooperate,Cooperate,Cooperate,Cooperate,Cooperate,Cooperate,Cooperate,Cooperate,Cooperate,Cooperate,Cooperate,Cooperate,Cooperate,Cooperate,Cooperate
ã_F,Cooperate,Collude,Collude,Collude,Collude,Cooperate,Cooperate,Cooperate,Collude,Cooperate,Cooperate,Cooperate,Cooperate,Cooperate,Cooperate,Collude,Collude,Cooperate,Collude,Cooperate,Cooperate,Collude,Collude,Cooperate,Cooperate,Collude,Cooperate,Cooperate,Cooperate,Cooperate,Cooperate,Cooperate,Cooperate,Cooperate,Collude,Collude,Collude,Collude,Cooperate,Collude,Cooperate,Collude,Collude,Collude,Collude,Cooperate,Collude,Collude,Cooperate,Collude,Collude,Collude,Cooperate,Collude,Collude,Collude,Cooperate,Collude,Cooperate,Collude,Cooperate,Cooperate,Cooperate,Cooperate,Collude,Cooperate,Cooperate,Cooperate,Cooperate,Cooperate,Cooperate,Cooperate,Collude,Cooperate,Cooperate,Cooperate,Cooperate,Cooperate,Collude,Cooperate,Collude,Collude,Collude,Cooperate,Cooperate,Cooperate,Cooperate,Cooperate,Cooperate,Collude,Cooperate,Cooperate,Collude,Cooperate,Cooperate,Cooperate,Cooperate,Collude,Cooperate,Collude,Collude,Cooperate,Collude,Cooperate,Collude,Cooperate,Cooperate,Collude,Collude,Cooperate,Cooperate,Cooperate,Cooperate,Collude,Cooperate,Cooperate,Cooperate,Cooperate,Cooperate,Cooperate,Cooperate,Collude,Cooperate,Collude,Cooperate,Cooperate,Collude,Cooperate,Cooperate,Collude,Cooperate,Cooperate,Collude,Collude,Cooperate,Collude,Cooperate,Collude,Cooperate,Cooperate,Collude,Collude,Cooperate,Cooperate,Cooperate,Cooperate,Cooperate,Collude,Collude,Collude,Collude,Collude,Cooperate,Collude,Cooperate,Collude,Cooperate,Cooperate,Collude,Collude,Cooperate,Cooperate,Collude,Cooperate,Collude,Collude,Collude,Cooperate,Cooperate,Cooperate,Cooperate,Collude,Collude,Cooperate,Collude,Cooperate,Cooperate,Collude,Collude,Collude,Cooperate,Collude,Cooperate,Collude,Collude,Collude,Collude,Cooperate,Collude,Cooperate,Cooperate,Cooperate,Collude,Collude,Cooperate,Collude,Collude,Cooperate,Collude,Collude,Cooperate
a_K*(PAR),Continue,Continue,Continue,Continue,Continue,Continue,Continue,Continue,Continue,Continue,Continue,Continue,Continue,Continue,Continue,Continue,Continue,Continue,Continue,Continue,Continue,Continue,Continue,Continue,Continue,Continue,Continue,Continue,Continue,Continue,Continue,Continue,Continue,Continue,Continue,Continue,Continue,Continue,Continue,Continue,Continue,Continue,Continue,Continue,Continue,Continue,Continue,Continue,Continue,Continue,Continue,Continue,Continue,Continue,Continue,Continue,Continue,Continue,Continue,Continue,Continue,Continue,Continue,Continue,Continue,Continue,Continue,Continue,Continue,Continue,Continue,Continue,Continue,Continue,Continue,Continue,Continue,Continue,Continue,Continue,Continue,Continue,Continue,Continue,Continue,Continue,Continue,Continue,Continue,Continue,Continue,Continue,Continue,Continue,Continue,Continue,Continue,Continue,Continue,Continue,Continue,Continue,Continue,Continue,Continue,Continue,Continue,Continue,Continue,Continue,Continue,Continue,Continue,Continue,Continue,Continue,Continue,Continue,Continue,Continue,Continue,Continue,Continue,Continue,Continue,Continue,Continue,Continue,Continue,Continue,Continue,Continue,Continue,Continue,Continue,Continue,Continue,Continue,Continue,Continue,Continue,Continue,Continue,Continue,Continue,Continue,Continue,Continue,Continue,Continue,Continue,Continue,Continue,Continue,Continue,Continue,Continue,Continue,Continue,Continue,Continue,Continue,Continue,Continue,Continue,Continue,Continue,Continue,Continue,Continue,Continue,Continue,Continue,Continue,Continue,Continue,Continue,Continue,Continue,Continue,Continue,Continue,Continue,Continue,Continue,Continue,Continue,Continue,Continue,Continue,Continue,Continue,Continue,Continue,Continue,Continue,Continue,Continue,Continue,Continue,Continue
ã_K(PAR),Continue,Continue,Kill,Continue,Continue,Kill,Continue,Kill,Release,Kill,Continue,Release,Release,Continue,Kill,Release,Kill,Kill,Release,Continue,Continue,Continue,Continue,Continue,Continue,Release,Kill,Release,Kill,Continue,Release,Kill,Continue,Release,Continue,Kill,Kill,Continue,Kill,Kill,Release,Continue,Continue,Release,Kill,Kill,Kill,Continue,Kill,Continue,Continue,Release,Continue,Continue,Kill,Release,Release,Release,Kill,Kill,Continue,Continue,Release,Continue,Continue,Kill,Continue,Continue,Kill,Release,Release,Continue,Release,Continue,Kill,Kill,Continue,Kill,Continue,Continue,Kill,Kill,Kill,Kill,Kill,Continue,Kill,Continue,Kill,Continue,Release,Kill,Kill,Continue,Continue,Release,Kill,Release,Release,Continue,Continue,Continue,Release,Release,Kill,Continue,Continue,Release,Release,Continue,Continue,Continue,Kill,Release,Continue,Kill,Release,Release,Continue,Release,Continue,Release,Release,Kill,Kill,Continue,Release,Continue,Continue,Kill,Continue,Release,Continue,Continue,Release,Release,Continue,Release,Kill,Release,Release,Release,Continue,Release,Kill,Kill,Kill,Release,Continue,Release,Release,Release,Kill,Continue,Kill,Continue,Kill,Continue,Kill,Release,Release,Kill,Release,Release,Continue,Release,Kill,Continue,Release,Release,Kill,Release,Continue,Release,Kill,Release,Continue,Continue,Release,Kill,Release,Release,Kill,Continue,Kill,Release,Kill,Continue,Continue,Release,Release,Release,Kill,Kill,Continue,Release,Kill,Continue,Kill,Release,Kill
a_S*,Negotiate,Negotiate,Negotiate,Negotiate,Negotiate,Negotiate,Negotiate,Negotiate,Negotiate,Negotiate,Negotiate,Negotiate,Negotiate,Negotiate,Negotiate,Negotiate,Negotiate,Negotiate,Negotiate,Negotiate,Negotiate,Negotiate,Negotiate,Negotiate,Negotiate,Negotiate,Negotiate,Negotiate,Negotiate,Negotiate,Negotiate,Negotiate,Negotiate,Negotiate,Negotiate,Negotiate,Negotiate,Negotiate,Negotiate,Negotiate,Negotiate,Negotiate,Negotiate,Negotiate,Negotiate,Negotiate,Negotiate,Negotiate,Negotiate,Negotiate,Negotiate,Negotiate,Negotiate,Negotiate,Negotiate,Negotiate,Negotiate,Negotiate,Negotiate,Negotiate,Negotiate,Negotiate,Negotiate,Negotiate,Negotiate,Negotiate,Negotiate,Negotiate,Negotiate,Negotiate,Negotiate,Negotiate,Negotiate,Negotiate,Negotiate,Negotiate,Negotiate,Negotiate,Negotiate,Negotiate,Negotiate,Negotiate,Negotiate,Negotiate,Negotiate,Negotiate,Negotiate,Negotiate,Negotiate,Negotiate,Negotiate,Negotiate,Negotiate,Negotiate,Negotiate,Negotiate,Negotiate,Negotiate,Negotiate,Negotiate,Negotiate,Negotiate,Negotiate,Negotiate,Negotiate,Negotiate,Negotiate,Negotiate,Negotiate,Negotiate,Negotiate,Negotiate,Negotiate,Negotiate,Negotiate,Negotiate,Negotiate,Negotiate,Negotiate,Negotiate,Negotiate,Negotiate,Negotiate,Negotiate,Negotiate,Negotiate,Negotiate,Negotiate,Negotiate,Negotiate,Negotiate,Negotiate,Negotiate,Negotiate,Negotiate,Negotiate,Negotiate,Negotiate,Negotiate,Negotiate,Negotiate,Negotiate,Negotiate,Negotiate,Negotiate,Negotiate,Negotiate,Negotiate,Negotiate,Negotiate,Negotiate,Negotiate,Negotiate,Negotiate,Negotiate,Negotiate,Negotiate,Negotiate,Negotiate,Negotiate,Negotiate,Negotiate,Negotiate,Negotiate,Negotiate,Negotiate,Negotiate,Negotiate,Negotiate,Negotiate,Negotiate,Negotiate,Negotiate,Negotiate,Negotiate,Negotiate,Negotiate,Negotiate,Negotiate,Negotiate,Negotiate,Negotiate,Negotiate,Negotiate,Negotiate,Negotiate,Negotiate,Negotiate,Negotiate,Negotiate,Negotiate,Negotiate,Negotiate,Negotiate,Negotiate,Negotiate,Negotiate,Negotiate,Negotiate,Negotiate,Negotiate
ã_S,Negotiate,Negotiate,Negotiate,Rescue,Rescue,Negotiate,Negotiate,Negotiate,Negotiate,Negotiate,Negotiate,Negotiate,Rescue,Negotiate,Negotiate,Rescue,Rescue,Rescue,Negotiate,Negotiate,Negotiate,Negotiate,Rescue,Rescue,Rescue,Negotiate,Negotiate,Rescue,Negotiate,Negotiate,Rescue,Negotiate,Negotiate,Rescue,Rescue,Negotiate,Negotiate,Negotiate,Rescue,Negotiate,Negotiate,Negotiate,Negotiate,Rescue,Negotiate,Negotiate,Negotiate,Negotiate,Negotiate,Negotiate,Negotiate,Rescue,Rescue,Negotiate,Rescue,Negotiate,Rescue,Rescue,Negotiate,Negotiate,Negotiate,Negotiate,Negotiate,Negotiate,Negotiate,Negotiate,Negotiate,Rescue,Negotiate,Negotiate,Rescue,Negotiate,Negotiate,Negotiate,Negotiate,Negotiate,Rescue,Rescue,Rescue,Negotiate,Negotiate,Negotiate,Rescue,Rescue,Rescue,Negotiate,Negotiate,Negotiate,Negotiate,Negotiate,Rescue,Negotiate,Negotiate,Negotiate,Negotiate,Negotiate,Rescue,Negotiate,Negotiate,Rescue,Negotiate,Negotiate,Negotiate,Negotiate,Negotiate,Negotiate,Rescue,Negotiate,Negotiate,Negotiate,Negotiate,Negotiate,Rescue,Negotiate,Rescue,Rescue,Rescue,Negotiate,Rescue,Negotiate,Rescue,Rescue,Negotiate,Negotiate,Negotiate,Negotiate,Negotiate,Negotiate,Rescue,Negotiate,Negotiate,Rescue,Negotiate,Negotiate,Negotiate,Negotiate,Negotiate,Negotiate,Negotiate,Negotiate,Negotiate,Negotiate,Rescue,Negotiate,Negotiate,Rescue,Rescue,Rescue,Rescue,Negotiate,Rescue,Rescue,Negotiate,Rescue,Negotiate,Negotiate,Rescue,Negotiate,Negotiate,Rescue,Rescue,Negotiate,Negotiate,Rescue,Rescue,Negotiate,Negotiate,Rescue,Rescue,Negotiate,Negotiate,Negotiate,Negotiate,Negotiate,Negotiate,Negotiate,Negotiate,Rescue,Rescue,Negotiate,Rescue,Negotiate,Negotiate,Negotiate,Negotiate,Rescue,Negotiate,Rescue,Rescue,Negotiate,Negotiate,Negotiate,Negotiate,Negotiate,Rescue,Negotiate,Rescue,Negotiate,Negotiate,Negotiate,Negotiate
α_t*,0.2,0.5,0.75,0.73,0.72,0.71,0.73,0.74,0.6900000000000001,0.6900000000000001,0.6900000000000001,0.68,0.67,0.68,0.68,0.6900000000000001,0.6900000000000001,0.7000000000000001,0.7000000000000001,0.71,0.72,0.73,0.7000000000000001,0.73,0.72,0.73,0.73,0.71,0.74,0.75,0.75,0.73,0.75,0.75,0.75,0.75,0.75,0.75,0.75,0.75,0.75,0.75,0.75,0.75,0.75,0.75,0.74,0.75,0.74,0.75,0.75,0.74,0.75,0.75,0.75,0.74,0.74,0.74,0.74,0.74,0.74,0.74,0.74,0.74,0.74,0.74,0.74,0.74,0.74,0.74,0.74,0.74,0.74,0.74,0.74,0.74,0.74,0.74,0.74,0.74,0.74,0.74,0.74,0.74,0.74,0.74,0.74,0.74,0.74,0.74,0.73,0.73,0.73,0.73,0.73,0.73,0.73,0.73,0.73,0.73,0.73,0.73,0.73,0.73,0.73,0.73,0.73,0.73,0.73,0.73,0.73,0.73,0.73,0.73,0.73,0.73,0.73,0.73,0.73,0.73,0.73,0.73,0.73,0.73,0.73,0.73,0.73,0.73,0.73,0.73,0.73,0.73,0.73,0.73,0.73,0.73,0.73,0.73,0.73,0.73,0.73,0.73,0.73,0.73,0.73,0.73,0.73,0.73,0.73,0.73,0.73,0.73,0.73,0.73,0.73,0.73,0.73,0.73,0.73,0.73,0.73,0.73,0.73,0.73,0.73,0.73,0.73,0.73,0.73,0.73,0.73,0.73,0.73,0.73,0.73,0.73,0.73,0.73,0.73,0.73,0.73,0.73,0.73,0.73,0.73,0.73,0.73,0.73,0.73,0.73,0.73,0.73,0.73,0.73,0.73,0.73,0.73,0.73,0.73,0.73,0.73
γ_t*,0.05,0.5,0.72,0.6900000000000001,0.68,0.67,0.6900000000000001,0.7000000000000001,0.66,0.66,0.65,0.64,0.64,0.64,0.66,0.65,0.65,0.65,0.65,0.65,0.65,0.65,0.67,0.65,0.66,0.65,0.65,0.67,0.65,0.65,0.65,0.66,0.65,0.65,0.65,0.65,0.65,0.65,0.65,0.65,0.65,0.65,0.65,0.65,0.65,0.65,0.66,0.65,0.66,0.65,0.65,0.66,0.65,0.65,0.65,0.66,0.66,0.66,0.66,0.66,0.66,0.66,0.66,0.66,0.66,0.66,0.66,0.66,0.66,0.66,0.66,0.66,0.66,0.66,0.66,0.66,0.66,0.66,0.66,0.66,0.66,0.66,0.66,0.66,0.66,0.66,0.66,0.66,0.66,0.66,0.67,0.67,0.67,0.67,0.67,0.67,0.67,0.67,0.67,0.67,0.67,0.67,0.67,0.67,0.67,0.67,0.67,0.67,0.67,0.67,0.67,0.67,0.67,0.67,0.67,0.67,0.67,0.67,0.67,0.67,0.67,0.67,0.67,0.67,0.67,0.67,0.67,0.67,0.67,0.67,0.67,0.67,0.67,0.67,0.67,0.67,0.67,0.67,0.67,0.67,0.67,0.67,0.67,0.67,0.67,0.67,0.67,0.67,0.67,0.67,0.67,0.67,0.67,0.67,0.67,0.67,0.67,0.67,0.67,0.67,0.67,0.67,0.67,0.67,0.67,0.67,0.67,0.67,0.67,0.67,0.67,0.67,0.67,0.67,0.67,0.67,0.67,0.67,0.67,0.67,0.67,0.67,0.67,0.67,0.67,0.67,0.67,0.67,0.67,0.67,0.67,0.67,0.67,0.67,0.67,0.67,0.67,0.67,0.67,0.67,0.67
γ_R(DC)*,0.23,1.0,0.45,0.23,0.23,0.23,0.23,0.23,0.23,0.23,0.23,0.23,0.23,0.23,0.23,0.23,0.23,0.23,0.23,0.23,0.23,0.23,0.23,0.23,0.23,0.23,0.23,0.23,0.23,0.23,0.23,0.23,0.23,0.23,0.23,0.23,0.23,0.23,0.23,0.23,0.23,0.23,0.23,0.23,0.23,0.23,0.23,0.23,0.23,0.23,0.23,0.23,0.23,0.23,0.23,0.23,0.23,0.23,0.23,0.23,0.23,0.23,0.23,0.23,0.23,0.23,0.23,0.23,0.23,0.23,0.23,0.23,0.23,0.23,0.23,0.23,0.23,0.23,0.23,0.23,0.23,0.23,0.23,0.23,0.23,0.23,0.23,0.23,0.23,0.23,0.23,0.23,0.23,0.23,0.23,0.23,0.23,0.23,0.23,0.23,0.23,0.23,0.23,0.23,0.23,0.23,0.23,0.23,0.23,0.23,0.23,0.23,0.23,0.23,0.23,0.23,0.23,0.23,0.23,0.23,0.23,0.23,0.23,0.23,0.23,0.23,0.23,0.23,0.23,0.23,0.23,0.23,0.23,0.23,0.23,0.23,0.23,0.23,0.23,0.23,0.23,0.23,0.23,0.23,0.23,0.23,0.23,0.23,0.23,0.23,0.23,0.23,0.23,0.23,0.23,0.23,0.23,0.23,0.23,0.23,0.23,0.23,0.23,0.23,0.23,0.23,0.23,0.23,0.23,0.23,0.23,0.23,0.23,0.23,0.23,0.23,0.23,0.23,0.23,0.23,0.23,0.23,0.23,0.23,0.23,0.23,0.23,0.23,0.23,0.23,0.23,0.23,0.23,0.23,0.23,0.23,0.23,0.23,0.23,0.23,0.23
γ_R(PAR)*,0.37,0.75,0.73,0.72,0.71,0.75,0.7000000000000001,0.6900000000000001,0.6900000000000001,0.6900000000000001,0.7000000000000001,0.7000000000000001,0.7000000000000001,0.7000000000000001,0.71,0.71,0.71,0.72,0.72,0.73,0.73,0.68,0.6900000000000001,0.6900000000000001,0.7000000000000001,0.7000000000000001,0.71,0.72,0.73,0.73,0.68,0.68,0.68,0.68,0.68,0.68,0.68,0.68,0.68,0.68,0.68,0.68,0.68,0.68,0.68,0.68,0.68,0.68,0.68,0.68,0.68,0.68,0.68,0.68,0.68,0.68,0.68,0.68,0.68,0.68,0.68,0.68,0.68,0.68,0.68,0.68,0.68,0.68,0.68,0.68,0.68,0.68,0.68,0.68,0.68,0.68,0.68,0.68,0.68,0.68,0.68,0.68,0.68,0.68,0.68,0.68,0.68,0.68,0.68,0.68,0.68,0.68,0.68,0.68,0.68,0.68,0.68,0.68,0.68,0.68,0.68,0.68,0.68,0.68,0.68,0.68,0.68,0.68,0.68,0.68,0.68,0.68,0.68,0.68,0.68,0.68,0.68,0.68,0.68,0.68,0.68,0.68,0.68,0.68,0.68,0.68,0.68,0.68,0.68,0.68,0.68,0.68,0.68,0.68,0.68,0.68,0.68,0.68,0.68,0.68,0.68,0.68,0.68,0.68,0.68,0.68,0.68,0.68,0.68,0.68,0.68,0.68,0.68,0.68,0.68,0.68,0.68,0.68,0.68,0.68,0.68,0.68,0.68,0.68,0.68,0.68,0.68,0.68,0.68,0.68,0.68,0.68,0.68,0.68,0.68,0.68,0.68,0.68,0.68,0.68,0.68,0.68,0.68,0.68,0.68,0.68,0.68,0.68,0.68,0.68,0.68,0.68,0.68,0.68,0.68,0.68,0.68,0.68,0.68,0.68,0.68
γ_R(ELN)*,0.5,0.5,0.98,0.7000000000000001,0.5,0.5,0.5,0.5,0.5,0.5,0.5,0.5,0.5,0.5,0.5,0.5,0.5,0.5,0.5,0.5,0.5,0.5,0.5,0.5,0.5,0.5,0.5,0.5,0.5,0.5,0.5,0.5,0.5,0.5,0.5,0.5,0.5,0.5,0.5,0.5,0.5,0.5,0.5,0.5,0.5,0.5,0.5,0.5,0.5,0.5,0.5,0.5,0.5,0.5,0.5,0.5,0.5,0.5,0.5,0.5,0.5,0.5,0.5,0.5,0.5,0.5,0.5,0.5,0.5,0.5,0.5,0.5,0.5,0.5,0.5,0.5,0.5,0.5,0.5,0.5,0.5,0.5,0.5,0.5,0.5,0.5,0.5,0.5,0.5,0.5,0.5,0.5,0.5,0.5,0.5,0.5,0.5,0.5,0.5,0.5,0.5,0.5,0.5,0.5,0.5,0.5,0.5,0.5,0.5,0.5,0.5,0.5,0.5,0.5,0.5,0.5,0.5,0.5,0.5,0.5,0.5,0.5,0.5,0.5,0.5,0.5,0.5,0.5,0.5,0.5,0.5,0.5,0.5,0.5,0.5,0.5,0.5,0.5,0.5,0.5,0.5,0.5,0.5,0.5,0.5,0.5,0.5,0.5,0.5,0.5,0.5,0.5,0.5,0.5,0.5,0.5,0.5,0.5,0.5,0.5,0.5,0.5,0.5,0.5,0.5,0.5,0.5,0.5,0.5,0.5,0.5,0.5,0.5,0.5,0.5,0.5,0.5,0.5,0.5,0.5,0.5,0.5,0.5,0.5,0.5,0.5,0.5,0.5,0.5,0.5,0.5,0.5,0.5,0.5,0.5,0.5,0.5,0.5,0.5,0.5,0.5
γ_R(FARC)*,0.64,0.64,0.64,0.64,0.64,0.64,0.64,0.64,0.64,0.64,0.64,0.64,0.64,0.64,0.64,0.64,0.64,0.64,0.64,0.64,0.64,0.64,0.64,0.64,0.64,0.64,0.64,0.64,0.64,0.64,0.64,0.64,0.64,0.64,0.64,0.64,0.64,0.64,0.64,0.64,0.64,0.64,0.64,0.64,0.64,0.64,0.64,0.64,0.64,0.64,0.64,0.64,0.64,0.64,0.64,0.64,0.64,0.64,0.64,0.64,0.64,0.64,0.64,0.64,0.64,0.64,0.64,0.64,0.64,0.64,0.64,0.64,0.64,0.64,0.64,0.64,0.64,0.64,0.64,0.64,0.64,0.64,0.64,0.64,0.64,0.64,0.64,0.64,0.64,0.64,0.64,0.64,0.64,0.64,0.64,0.64,0.64,0.64,0.64,0.64,0.64,0.64,0.64,0.64,0.64,0.64,0.64,0.64,0.64,0.64,0.64,0.64,0.64,0.64,0.64,0.64,0.64,0.64,0.64,0.64,0.64,0.64,0.64,0.64,0.64,0.64,0.64,0.64,0.64,0.64,0.64,0.64,0.64,0.64,0.64,0.64,0.64,0.64,0.64,0.64,0.64,0.64,0.64,0.64,0.64,0.64,0.64,0.64,0.64,0.64,0.64,0.64,0.64,0.64,0.64,0.64,0.64,0.64,0.64,0.64,0.64,0.64,0.64,0.64,0.64,0.64,0.64,0.64,0.64,0.64,0.64,0.64,0.64,0.64,0.64,0.64,0.64,0.64,0.64,0.64,0.64,0.64,0.64,0.64,0.64,0.64,0.64,0.64,0.64,0.64,0.64,0.64,0.64,0.64,0.64,0.64,0.64,0.64,0.64,0.64,0.64
α_R(DC)*,0.18,0.81,0.36,0.18,0.18,0.18,0.18,0.18,0.18,0.18,0.18,0.18,0.18,0.18,0.18,0.18,0.18,0.18,0.18,0.18,0.18,0.18,0.18,0.18,0.18,0.18,0.18,0.18,0.18,0.18,0.18,0.18,0.18,0.18,0.18,0.18,0.18,0.18,0.18,0.18,0.18,0.18,0.18,0.18,0.18,0.18,0.18,0.18,0.18,0.18,0.18,0.18,0.18,0.18,0.18,0.18,0.18,0.18,0.18,0.18,0.18,0.18,0.18,0.18,0.18,0.18,0.18,0.18,0.18,0.18,0.18,0.18,0.18,0.18,0.18,0.18,0.18,0.18,0.18,0.18,0.18,0.18,0.18,0.18,0.18,0.18,0.18,0.18,0.18,0.18,0.18,0.18,0.18,0.18,0.18,0.18,0.18,0.18,0.18,0.18,0.18,0.18,0.18,0.18,0.18,0.18,0.18,0.18,0.18,0.18,0.18,0.18,0.18,0.18,0.18,0.18,0.18,0.18,0.18,0.18,0.18,0.18,0.18,0.18,0.18,0.18,0.18,0.18,0.18,0.18,0.18,0.18,0.18,0.18,0.18,0.18,0.18,0.18,0.18,0.18,0.18,0.18,0.18,0.18,0.18,0.18,0.18,0.18,0.18,0.18,0.18,0.18,0.18,0.18,0.18,0.18,0.18,0.18,0.18,0.18,0.18,0.18,0.18,0.18,0.18,0.18,0.18,0.18,0.18,0.18,0.18,0.18,0.18,0.18,0.18,0.18,0.18,0.18,0.18,0.18,0.18,0.18,0.18,0.18,0.18,0.18,0.18,0.18,0.18,0.18,0.18,0.18,0.18,0.18,0.18,0.18,0.18,0.18,0.18,0.18,0.18
α_R(PAR)*,0.31,0.62,0.63,0.63,0.63,0.5700000000000001,0.62,0.62,0.61,0.6,0.59,0.59,0.59,0.59,0.58,0.58,0.58,0.5700000000000001,0.5700000000000001,0.56,0.56,0.62,0.61,0.61,0.6,0.6,0.59,0.58,0.5700000000000001,0.5700000000000001,0.63,0.63,0.63,0.63,0.63,0.63,0.63,0.63,0.63,0.63,0.63,0.63,0.63,0.63,0.63,0.63,0.63,0.63,0.63,0.63,0.63,0.63,0.63,0.63,0.63,0.63,0.63,0.63,0.63,0.63,0.63,0.63,0.63,0.63,0.63,0.63,0.63,0.63,0.63,0.63,0.63,0.63,0.63,0.63,0.63,0.63,0.63,0.63,0.63,0.63,0.63,0.63,0.63,0.63,0.63,0.63,0.63,0.63,0.63,0.63,0.63,0.63,0.63,0.63,0.63,0.63,0.63,0.63,0.63,0.63,0.63,0.63,0.63,0.63,0.63,0.63,0.63,0.63,0.63,0.63,0.63,0.63,0.63,0.63,0.63,0.63,0.63,0.63,0.63,0.63,0.63,0.63,0.63,0.63,0.63,0.63,0.63,0.63,0.63,0.63,0.63,0.63,0.63,0.63,0.63,0.63,0.63,0.63,0.63,0.63,0.63,0.63,0.63,0.63,0.63,0.63,0.63,0.63,0.63,0.63,0.63,0.63,0.63,0.63,0.63,0.63,0.63,0.63,0.63,0.63,0.63,0.63,0.63,0.63,0.63,0.63,0.63,0.63,0.63,0.63,0.63,0.63,0.63,0.63,0.63,0.63,0.63,0.63,0.63,0.63,0.63,0.63,0.63,0.63,0.63,0.63,0.63,0.63,0.63,0.63,0.63,0.63,0.63,0.63,0.63,0.63,0.63,0.63,0.63,0.63,0.63
α_R(ELN)*,0.45,0.45,0.78,0.63,0.45,0.45,0.45,0.45,0.45,0.45,0.45,0.45,0.45,0.45,0.45,0.45,0.45,0.45,0.45,0.45,0.45,0.45,0.45,0.45,0.45,0.45,0.45,0.45,0.45,0.45,0.45,0.45,0.45,0.45,0.45,0.45,0.45,0.45,0.45,0.45,0.45,0.45,0.45,0.45,0.45,0.45,0.45,0.45,0.45,0.45,0.45,0.45,0.45,0.45,0.45,0.45,0.45,0.45,0.45,0.45,0.45,0.45,0.45,0.45,0.45,0.45,0.45,0.45,0.45,0.45,0.45,0.45,0.45,0.45,0.45,0.45,0.45,0.45,0.45,0.45,0.45,0.45,0.45,0.45,0.45,0.45,0.45,0.45,0.45,0.45,0.45,0.45,0.45,0.45,0.45,0.45,0.45,0.45,0.45,0.45,0.45,0.45,0.45,0.45,0.45,0.45,0.45,0.45,0.45,0.45,0.45,0.45,0.45,0.45,0.45,0.45,0.45,0.45,0.45,0.45,0.45,0.45,0.45,0.45,0.45,0.45,0.45,0.45,0.45,0.45,0.45,0.45,0.45,0.45,0.45,0.45,0.45,0.45,0.45,0.45,0.45,0.45,0.45,0.45,0.45,0.45,0.45,0.45,0.45,0.45,0.45,0.45,0.45,0.45,0.45,0.45,0.45,0.45,0.45,0.45,0.45,0.45,0.45,0.45,0.45,0.45,0.45,0.45,0.45,0.45,0.45,0.45,0.45,0.45,0.45,0.45,0.45,0.45,0.45,0.45,0.45,0.45,0.45,0.45,0.45,0.45,0.45,0.45,0.45,0.45,0.45,0.45,0.45,0.45,0.45,0.45,0.45,0.45,0.45,0.45,0.45
α_R(FARC)*,0.59,0.59,0.59,0.59,0.59,0.59,0.59,0.59,0.59,0.59,0.59,0.59,0.59,0.59,0.59,0.59,0.59,0.59,0.59,0.59,0.59,0.59,0.59,0.59,0.59,0.59,0.59,0.59,0.59,0.59,0.59,0.59,0.59,0.59,0.59,0.59,0.59,0.59,0.59,0.59,0.59,0.59,0.59,0.59,0.59,0.59,0.59,0.59,0.59,0.59,0.59,0.59,0.59,0.59,0.59,0.59,0.59,0.59,0.59,0.59,0.59,0.59,0.59,0.59,0.59,0.59,0.59,0.59,0.59,0.59,0.59,0.59,0.59,0.59,0.59,0.59,0.59,0.59,0.59,0.59,0.59,0.59,0.59,0.59,0.59,0.59,0.59,0.59,0.59,0.59,0.59,0.59,0.59,0.59,0.59,0.59,0.59,0.59,0.59,0.59,0.59,0.59,0.59,0.59,0.59,0.59,0.59,0.59,0.59,0.59,0.59,0.59,0.59,0.59,0.59,0.59,0.59,0.59,0.59,0.59,0.59,0.59,0.59,0.59,0.59,0.59,0.59,0.59,0.59,0.59,0.59,0.59,0.59,0.59,0.59,0.59,0.59,0.59,0.59,0.59,0.59,0.59,0.59,0.59,0.59,0.59,0.59,0.59,0.59,0.59,0.59,0.59,0.59,0.59,0.59,0.59,0.59,0.59,0.59,0.59,0.59,0.59,0.59,0.59,0.59,0.59,0.59,0.59,0.59,0.59,0.59,0.59,0.59,0.59,0.59,0.59,0.59,0.59,0.59,0.59,0.59,0.59,0.59,0.59,0.59,0.59,0.59,0.59,0.59,0.59,0.59,0.59,0.59,0.59,0.59,0.59,0.59,0.59,0.59,0.59,0.59
γ_N(DC)*,0.59,0.88,0.59,0.59,0.59,0.59,0.59,0.59,0.59,0.59,0.59,0.59,0.59,0.59,0.59,0.59,0.59,0.59,0.59,0.59,0.59,0.59,0.59,0.59,0.59,0.59,0.59,0.59,0.59,0.58,0.58,0.58,0.58,0.58,0.58,0.58,0.58,0.58,0.58,0.58,0.58,0.58,0.58,0.58,0.58,0.58,0.58,0.58,0.58,0.58,0.58,0.58,0.58,0.58,0.58,0.58,0.58,0.58,0.58,0.58,0.58,0.58,0.58,0.58,0.58,0.58,0.58,0.58,0.58,0.58,0.58,0.58,0.58,0.58,0.58,0.58,0.58,0.58,0.58,0.58,0.58,0.58,0.58,0.58,0.58,0.58,0.58,0.58,0.58,0.58,0.58,0.58,0.58,0.58,0.58,0.58,0.58,0.58,0.58,0.58,0.58,0.58,0.58,0.58,0.58,0.58,0.58,0.58,0.58,0.58,0.58,0.58,0.58,0.58,0.58,0.58,0.58,0.58,0.58,0.58,0.58,0.58,0.58,0.58,0.58,0.58,0.58,0.58,0.58,0.58,0.58,0.58,0.58,0.58,0.58,0.58,0.58,0.58,0.58,0.58,0.58,0.58,0.58,0.58,0.58,0.58,0.58,0.58,0.58,0.58,0.58,0.58,0.58,0.58,0.58,0.58,0.58,0.58,0.58,0.58,0.58,0.58,0.58,0.58,0.58,0.58,0.58,0.58,0.58,0.58,0.58,0.58,0.58,0.58,0.58,0.58,0.58,0.58,0.58,0.58,0.58,0.58,0.58,0.58,0.58,0.58,0.58,0.58,0.58,0.58,0.58,0.58,0.58,0.58,0.58,0.58,0.58,0.58,0.58,0.58,0.58
γ_N(PAR)*,0.64,0.67,0.68,0.67,0.66,0.65,0.65,0.64,0.64,0.64,0.64,0.64,0.64,0.64,0.63,0.63,0.63,0.63,0.63,0.63,0.63,0.63,0.63,0.63,0.64,0.64,0.62,0.62,0.62,0.62,0.62,0.62,0.62,0.62,0.62,0.62,0.62,0.62,0.62,0.62,0.62,0.62,0.62,0.62,0.62,0.62,0.62,0.62,0.62,0.62,0.62,0.62,0.62,0.62,0.62,0.62,0.62,0.62,0.62,0.62,0.62,0.62,0.62,0.62,0.62,0.62,0.62,0.62,0.62,0.62,0.62,0.62,0.62,0.62,0.62,0.62,0.62,0.62,0.62,0.62,0.62,0.62,0.62,0.62,0.62,0.62,0.62,0.62,0.62,0.62,0.62,0.62,0.62,0.62,0.62,0.62,0.62,0.62,0.62,0.62,0.62,0.62,0.62,0.62,0.62,0.62,0.62,0.62,0.62,0.62,0.62,0.62,0.62,0.62,0.62,0.62,0.62,0.62,0.62,0.62,0.62,0.62,0.62,0.62,0.62,0.62,0.62,0.62,0.62,0.62,0.62,0.62,0.62,0.62,0.62,0.62,0.62,0.62,0.62,0.62,0.62,0.62,0.62,0.62,0.62,0.62,0.62,0.62,0.62,0.62,0.62,0.62,0.62,0.62,0.62,0.62,0.62,0.62,0.62,0.62,0.62,0.62,0.62,0.62,0.62,0.62,0.62,0.62,0.62,0.62,0.62,0.62,0.62,0.62,0.62,0.62,0.62,0.62,0.62,0.62,0.62,0.62,0.62,0.62,0.62,0.62,0.62,0.62,0.62,0.62,0.62,0.62,0.62,0.62,0.62,0.62,0.62,0.62,0.62,0.62,0.62
γ_N(ELN)*,0.6900000000000001,0.6900000000000001,0.87,0.6900000000000001,0.6900000000000001,0.6900000000000001,0.6900000000000001,0.6900000000000001,0.6900000000000001,0.6900000000000001,0.6900000000000001,0.6900000000000001,0.6900000000000001,0.6900000000000001,0.6900000000000001,0.6900000000000001,0.6900000000000001,0.6900000000000001,0.6900000000000001,0.68,0.68,0.68,0.68,0.68,0.68,0.68,0.68,0.68,0.68,0.67,0.67,0.67,0.67,0.67,0.67,0.67,0.67,0.67,0.67,0.67,0.67,0.67,0.67,0.67,0.67,0.67,0.67,0.67,0.67,0.67,0.67,0.67,0.67,0.67,0.67,0.67,0.67,0.67,0.67,0.67,0.67,0.67,0.67,0.67,0.67,0.67,0.67,0.67,0.67,0.67,0.67,0.67,0.67,0.67,0.67,0.67,0.67,0.67,0.67,0.67,0.67,0.67,0.67,0.67,0.67,0.67,0.67,0.67,0.67,0.67,0.67,0.67,0.67,0.67,0.67,0.67,0.67,0.67,0.67,0.67,0.67,0.67,0.67,0.67,0.67,0.67,0.67,0.67,0.67,0.67,0.67,0.67,0.67,0.67,0.67,0.67,0.67,0.67,0.67,0.67,0.67,0.67,0.67,0.67,0.67,0.67,0.67,0.67,0.67,0.67,0.67,0.67,0.67,0.67,0.67,0.67,0.67,0.67,0.67,0.67,0.67,0.67,0.67,0.67,0.67,0.67,0.67,0.67,0.67,0.67,0.67,0.67,0.67,0.67,0.67,0.67,0.67,0.67,0.67,0.67,0.67,0.67,0.67,0.67,0.67,0.67,0.67,0.67,0.67,0.67,0.67,0.67,0.67,0.67,0.67,0.67,0.67,0.67,0.67,0.67,0.67,0.67,0.67,0.67,0.67,0.67,0.67,0.67,0.67,0.67,0.67,0.67,0.67,0.67,0.67,0.67,0.67,0.67,0.67,0.67,0.67
γ_N(FARC)*,0.74,0.74,0.74,0.74,0.74,0.74,0.74,0.74,0.74,0.74,0.74,0.74,0.74,0.74,0.74,0.74,0.74,0.74,0.74,0.74,0.74,0.74,0.74,0.74,0.74,0.74,0.74,0.74,0.73,0.73,0.73,0.73,0.73,0.73,0.73,0.73,0.73,0.73,0.73,0.73,0.73,0.73,0.73,0.73,0.73,0.73,0.73,0.73,0.73,0.73,0.73,0.73,0.73,0.73,0.73,0.73,0.73,0.73,0.73,0.73,0.73,0.73,0.73,0.73,0.73,0.73,0.73,0.73,0.73,0.73,0.73,0.73,0.73,0.73,0.73,0.73,0.73,0.73,0.73,0.73,0.73,0.73,0.73,0.73,0.73,0.73,0.73,0.73,0.73,0.73,0.73,0.73,0.73,0.73,0.73,0.73,0.73,0.73,0.73,0.73,0.73,0.73,0.73,0.73,0.73,0.73,0.73,0.73,0.73,0.73,0.73,0.73,0.73,0.73,0.73,0.73,0.73,0.73,0.73,0.73,0.73,0.73,0.73,0.73,0.73,0.73,0.73,0.73,0.73,0.73,0.73,0.73,0.73,0.73,0.73,0.73,0.73,0.73,0.73,0.73,0.73,0.73,0.73,0.73,0.73,0.73,0.73,0.73,0.73,0.73,0.73,0.73,0.73,0.73,0.73,0.73,0.73,0.73,0.73,0.73,0.73,0.73,0.73,0.73,0.73,0.73,0.73,0.73,0.73,0.73,0.73,0.73,0.73,0.73,0.73,0.73,0.73,0.73,0.73,0.73,0.73,0.73,0.73,0.73,0.73,0.73,0.73,0.73,0.73,0.73,0.73,0.73,0.73,0.73,0.73,0.73,0.73,0.73,0.73,0.73,0.73
α_N(DC)*,0.62,0.96,0.62,0.62,0.62,0.62,0.62,0.62,0.62,0.62,0.62,0.62,0.62,0.62,0.62,0.62,0.62,0.62,0.62,0.62,0.62,0.62,0.62,0.62,0.62,0.62,0.62,0.62,0.62,0.62,0.62,0.62,0.62,0.62,0.62,0.62,0.62,0.62,0.62,0.62,0.62,0.62,0.62,0.62,0.62,0.62,0.62,0.62,0.62,0.62,0.62,0.62,0.62,0.62,0.62,0.62,0.62,0.62,0.62,0.62,0.62,0.62,0.62,0.62,0.62,0.62,0.62,0.62,0.62,0.62,0.62,0.62,0.62,0.62,0.62,0.62,0.62,0.62,0.62,0.62,0.62,0.62,0.62,0.62,0.62,0.62,0.62,0.62,0.62,0.62,0.62,0.62,0.62,0.62,0.62,0.62,0.62,0.62,0.62,0.62,0.62,0.62,0.62,0.62,0.62,0.62,0.62,0.62,0.62,0.62,0.62,0.62,0.62,0.62,0.62,0.62,0.62,0.62,0.62,0.62,0.62,0.62,0.62,0.62,0.62,0.62,0.62,0.62,0.62,0.62,0.62,0.62,0.62,0.62,0.62,0.62,0.62,0.62,0.62,0.62,0.62,0.62,0.62,0.62,0.62,0.62,0.62,0.62,0.62,0.62,0.62,0.62,0.62,0.62,0.62,0.62,0.62,0.62,0.62,0.62,0.62,0.62,0.62,0.62,0.62,0.62,0.62,0.62,0.62,0.62,0.62,0.62,0.62,0.62,0.62,0.62,0.62,0.62,0.62,0.62,0.62,0.62,0.62,0.62,0.62,0.62,0.62,0.62,0.62,0.62,0.62,0.62,0.62,0.62,0.62,0.62,0.62,0.62,0.62,0.62,0.62
α_N(PAR)*,0.67,0.72,0.6900000000000001,0.6900000000000001,0.6900000000000001,0.6900000000000001,0.68,0.68,0.67,0.67,0.67,0.67,0.67,0.67,0.68,0.68,0.68,0.68,0.68,0.68,0.68,0.68,0.68,0.68,0.67,0.67,0.7000000000000001,0.7000000000000001,0.7000000000000001,0.7000000000000001,0.7000000000000001,0.7000000000000001,0.7000000000000001,0.7000000000000001,0.7000000000000001,0.7000000000000001,0.7000000000000001,0.7000000000000001,0.7000000000000001,0.7000000000000001,0.7000000000000001,0.7000000000000001,0.7000000000000001,0.7000000000000001,0.7000000000000001,0.7000000000000001,0.7000000000000001,0.7000000000000001,0.7000000000000001,0.7000000000000001,0.7000000000000001,0.7000000000000001,0.7000000000000001,0.7000000000000001,0.7000000000000001,0.7000000000000001,0.7000000000000001,0.7000000000000001,0.7000000000000001,0.7000000000000001,0.7000000000000001,0.7000000000000001,0.7000000000000001,0.7000000000000001,0.7000000000000001,0.7000000000000001,0.7000000000000001,0.7000000000000001,0.7000000000000001,0.7000000000000001,0.7000000000000001,0.7000000000000001,0.7000000000000001,0.7000000000000001,0.7000000000000001,0.7000000000000001,0.7000000000000001,0.7000000000000001,0.7000000000000001,0.7000000000000001,0.7000000000000001,0.7000000000000001,0.7000000000000001,0.7000000000000001,0.7000000000000001,0.7000000000000001,0.7000000000000001,0.7000000000000001,0.7000000000000001,0.7000000000000001,0.7000000000000001,0.7000000000000001,0.7000000000000001,0.7000000000000001,0.7000000000000001,0.7000000000000001,0.7000000000000001,0.7000000000000001,0.7000000000000001,0.7000000000000001,0.7000000000000001,0.7000000000000001,0.7000000000000001,0.7000000000000001,0.7000000000000001,0.7000000000000001,0.7000000000000001,0.7000000000000001,0.7000000000000001,0.7000000000000001,0.7000000000000001,0.7000000000000001,0.7000000000000001,0.7000000000000001,0.7000000000000001,0.7000000000000001,0.7000000000000001,0.7000000000000001,0.7000000000000001,0.7000000000000001,0.7000000000000001,0.7000000000000001,0.7000000000000001,0.7000000000000001,0.7000000000000001,0.7000000000000001,0.7000000000000001,0.7000000000000001,0.7000000000000001,0.7000000000000001,0.7000000000000001,0.7000000000000001,0.7000000000000001,0.7000000000000001,0.7000000000000001,0.7000000000000001,0.7000000000000001,0.7000000000000001,0.7000000000000001,0.7000000000000001,0.7000000000000001,0.7000000000000001,0.7000000000000001,0.7000000000000001,0.7000000000000001,0.7000000000000001,0.7000000000000001,0.7000000000000001,0.7000000000000001,0.7000000000000001,0.7000000000000001,0.7000000000000001,0.7000000000000001,0.7000000000000001,0.7000000000000001,0.7000000000000001,0.7000000000000001,0.7000000000000001,0.7000000000000001,0.7000000000000001,0.7000000000000001,0.7000000000000001,0.7000000000000001,0.7000000000000001,0.7000000000000001,0.7000000000000001,0.7000000000000001,0.7000000000000001,0.7000000000000001,0.7000000000000001,0.7000000000000001,0.7000000000000001,0.7000000000000001,0.7000000000000001,0.7000000000000001,0.7000000000000001,0.7000000000000001,0.7000000000000001,0.7000000000000001,0.7000000000000001,0.7000000000000001,0.7000000000000001,0.7000000000000001,0.7000000000000001,0.7000000000000001,0.7000000000000001,0.7000000000000001,0.7000000000000001,0.7000000000000001,0.7000000000000001,0.7000000000000001,0.7000000000000001,0.7000000000000001,0.7000000000000001,0.7000000000000001,0.7000000000000001,0.7000000000000001,0.7000000000000001,0.7000000000000001,0.7000000000000001,0.7000000000000001
α_N(ELN)*,0.72,0.72,0.91,0.72,0.72,0.72,0.72,0.72,0.72,0.72,0.72,0.72,0.72,0.72,0.72,0.72,0.72,0.72,0.72,0.72,0.72,0.72,0.72,0.72,0.71,0.71,0.71,0.71,0.71,0.71,0.71,0.71,0.71,0.71,0.71,0.71,0.71,0.71,0.71,0.71,0.71,0.71,0.71,0.71,0.71,0.71,0.71,0.71,0.71,0.71,0.71,0.71,0.71,0.71,0.71,0.71,0.71,0.71,0.71,0.71,0.71,0.71,0.71,0.71,0.71,0.71,0.71,0.71,0.71,0.71,0.71,0.71,0.71,0.71,0.71,0.71,0.71,0.71,0.71,0.71,0.71,0.71,0.71,0.71,0.71,0.71,0.71,0.71,0.71,0.71,0.71,0.71,0.71,0.71,0.71,0.71,0.71,0.71,0.71,0.71,0.71,0.71,0.71,0.71,0.71,0.71,0.71,0.71,0.71,0.71,0.71,0.71,0.71,0.71,0.71,0.71,0.71,0.71,0.71,0.71,0.71,0.71,0.71,0.71,0.71,0.71,0.71,0.71,0.71,0.71,0.71,0.71,0.71,0.71,0.71,0.71,0.71,0.71,0.71,0.71,0.71,0.71,0.71,0.71,0.71,0.71,0.71,0.71,0.71,0.71,0.71,0.71,0.71,0.71,0.71,0.71,0.71,0.71,0.71,0.71,0.71,0.71,0.71,0.71,0.71,0.71,0.71,0.71,0.71,0.71,0.71,0.71,0.71,0.71,0.71,0.71,0.71,0.71,0.71,0.71,0.71,0.71,0.71,0.71,0.71,0.71,0.71,0.71,0.71,0.71,0.71,0.71,0.71,0.71,0.71,0.71,0.71,0.71,0.71,0.71,0.71
α_N(FARC)*,0.77,0.77,0.77,0.77,0.77,0.77,0.77,0.77,0.77,0.77,0.77,0.77,0.77,0.77,0.77,0.77,0.77,0.77,0.77,0.77,0.77,0.77,0.77,0.77,0.77,0.77,0.77,0.77,0.77,0.77,0.77,0.77,0.77,0.77,0.77,0.77,0.77,0.77,0.77,0.77,0.77,0.77,0.77,0.77,0.77,0.77,0.77,0.77,0.77,0.77,0.77,0.77,0.77,0.77,0.77,0.77,0.77,0.77,0.77,0.77,0.77,0.77,0.77,0.77,0.77,0.77,0.77,0.77,0.77,0.77,0.77,0.77,0.77,0.77,0.77,0.77,0.77,0.77,0.77,0.77,0.77,0.77,0.77,0.77,0.77,0.77,0.77,0.77,0.77,0.77,0.77,0.77,0.77,0.77,0.77,0.77,0.77,0.77,0.77,0.77,0.77,0.77,0.77,0.77,0.77,0.77,0.77,0.77,0.77,0.77,0.77,0.77,0.77,0.77,0.77,0.77,0.77,0.77,0.77,0.77,0.77,0.77,0.77,0.77,0.77,0.77,0.77,0.77,0.77,0.77,0.77,0.77,0.77,0.77,0.77,0.77,0.77,0.77,0.77,0.77,0.77,0.77,0.77,0.77,0.77,0.77,0.77,0.77,0.77,0.77,0.77,0.77,0.77,0.77,0.77,0.77,0.77,0.77,0.77,0.77,0.77,0.77,0.77,0.77,0.77,0.77,0.77,0.77,0.77,0.77,0.77,0.77,0.77,0.77,0.77,0.77,0.77,0.77,0.77,0.77,0.77,0.77,0.77,0.77,0.77,0.77,0.77,0.77,0.77,0.77,0.77,0.77,0.77,0.77,0.77,0.77,0.77,0.77,0.77,0.77,0.77
H(μ_τ),1.275038049043734,1.1024576084989988,1.3862943611198906,1.3862943611198906,1.1704484339660597,1.0703845089156532,1.3862943611198906,1.1270575693643257,0.8286527938547067,0.8511596498710176,0.8314490219856273,0.8281879313540845,0.8358076042495058,0.577077056531377,0.3259536548931444,0.3630322400268748,0.3642553763970338,0.2947884988631102,0.33118887576170913,0.26882054077763134,0.21730995792945665,0.1743928439448959,0.19992866799272133,0.19115700603596747,0.15260406806646398,0.1758463046563235,0.20147514008392303,0.15624189002839536,0.12448853371603302,0.08340473473072504,0.0974932756293346,0.1137402462078469,0.09403516482062886,0.060250823904506735,0.0707396094509187,0.03985474400626483,0.02840035514649851,0.03356481037992276,0.039619965517495886,0.046705256619748364,0.05497747497081766,0.06023934336102414,0.070726294459576,0.03762794274964429,0.029281789461735486,0.03459898667536751,0.022727601546767312,0.026900979140450733,0.020637930316942533,0.025437550920408187,0.030085766075153113,0.022809654487095137,0.026997497936107628,0.031918035225393236,0.02616828036343718,0.020290590139537292,0.015699243046147567,0.018606666952026816,0.022049536400763403,0.017071897129898206,0.020240457211303103,0.01566014036922467,0.018575239776484693,0.014361956622387421,0.008599517796879418,0.006614834055807334,0.007876105942924223,0.009371556752435653,0.011142985855594251,0.013239183823980122,0.010211119395730535,0.01725006198681168,0.010033880752543613,0.007725198151759058,0.009192701120010026,0.010931213688501492,0.012988701288518029,0.015421029992006691,0.018293089393286267,0.019113055838609203,0.011857028719891007,0.008300567901037208,0.006257490751526582,0.0049993795354796085,0.005958576446760036,0.007368800224917696,0.005663259846011978,0.003162501032899944,0.0037747438936094804,0.0028915834172535426,0.002212550893848464,0.0016912567570276664,0.0012915116375197973,0.0015452118294248744,0.0018479618578990699,0.0022090472204076093,0.0016885684260066222,0.002018966344690536,0.0010565828768205668,0.0008055820558862256,0.0009648246947898843,0.0007354132446749565,0.0006098787872837524,0.00046423952033498286,0.00033220506012501274,0.00015485538171445152,4.561875503168585e-05,4.137126114905483e-05,4.977749462153599e-05,5.987870754205697e-05,7.201351860809655e-05,5.4551670872640426e-05,6.561442971531193e-05,3.207382803237057e-05,3.8602106623489125e-05,2.920984460159126e-05,3.243806619532628e-05,2.4538549045921186e-05,3.459225257756837e-05,4.1629596327955885e-05,5.008795812434132e-05,4.4171793063366356e-05,3.343197266460433e-05,2.784597165329117e-05,3.351894249962271e-05,4.033936770928753e-05,4.853735357690185e-05,3.674205216917645e-05,4.421371875260886e-05,5.239615877805634e-05,6.302487715854067e-05,6.463786013496291e-05,6.72910177112232e-05,3.9239045053679423e-05,4.626524294043722e-05,5.565857936170491e-05,4.214281852072391e-05,1.7070048864614084e-05,1.2900251768824015e-05,1.3491087421007885e-05,1.6251723902933942e-05,9.504790206118764e-06,1.145353464817385e-05,1.208400838055542e-05,8.835222379110953e-06,8.319102415629789e-06,9.768474725287411e-06,1.1770982955910929e-05,1.4181506988450264e-05,8.95249203246731e-06,1.0788595434056743e-05,1.2999016318736701e-05,1.565952767651371e-05,1.166848562928748e-05,1.4058137111540815e-05,1.0621090376332876e-05,1.2797380654292408e-05,1.5416856628443113e-05,1.3768627961417712e-05,1.6585726810528565e-05,1.9975522917606847e-05,1.509951789396122e-05,1.818726757747676e-05,5.6728080097309275e-06,6.83903903106687e-06,6.706604271398508e-06,5.435057182745392e-06,4.101049484901137e-06,4.896772030087656e-06,2.7823418403848416e-06,1.384300577293782e-06,8.755359065877921e-07,8.6642900086759e-07,6.524410138303745e-07,7.878434078040832e-07,9.51228327238682e-07,1.1483509785046005e-06,1.3861437012009513e-06,1.0442946752334062e-06,1.260622964175182e-06,9.496363500346839e-07,7.151629009123716e-07,8.635303471528044e-07,6.929676548992049e-07,8.367477675024138e-07,1.0102340310831022e-06,9.920778363066944e-07,1.1976313902674743e-06,1.44558637994122e-06,1.7446449834420074e-06,1.3147024313399625e-06,3.6038092080061946e-07,4.353334213314362e-07,5.258138507628325e-07,6.350248617028661e-07,7.66826294237923e-07,9.258692342063142e-07,1.1177572298136915e-06,1.34924011970668e-06,1.6284470171407137e-06,1.965166286792045e-06
ΔH,0.0126929679470138,,0.026522252001306423,0.026138591128183952,0.01422014564756413,0.015062599812238231,0.026241728844487167,0.017212791245835746,0.007822443706787974,0.008137784903958889,0.008118980990752256,0.008360141755042072,0.008846529493390154,0.004671887756800275,0.002268593021974019,0.002633826810879314,0.002697476081326755,0.0020708596325802464,0.0024296627532272574,0.0018738375935989926,0.0014389800071690217,0.0011090095537198419,0.001328284356350129,0.0012750868977108032,0.0009687064445474403,0.0011706726306609239,0.001408803939421388,0.0010333013530851587,0.0007881528793959036,0.0004876825112691968,0.0005977739662025305,0.000721061065886236,0.0005717586745256076,0.00033206061574425627,0.00040347429995807316,0.0002021412974309092,0.00013524595229486014,0.00016479869769867733,0.00020072399412687097,0.0002443547306613253,0.0002972826212089136,0.00033198475748560247,0.0004033826665248985,0.00018875459957173185,0.00014021207450746684,0.0001708372104086628,0.0001041002650230341,0.00012686931315967,9.298369871505591e-05,0.00011878533009172451,0.00014477558314367547,0.00010454126136402037,0.00012740599246206796,0.00015526328583879284,0.0001228103962629054,9.115679433851359e-05,6.76070719498982e-05,8.23872801175192e-05,0.00010047009411172023,7.452601867625683e-05,9.089360535968066e-05,6.741157780488886e-05,8.222502568983048e-05,6.0973608995514364e-05,3.377077746962755e-05,2.502222505408342e-05,3.053922245339208e-05,3.7269699348075475e-05,4.547912980979417e-05,5.549036399861082e-05,4.113017303017906e-05,7.543194498552813e-05,4.0310532602375396e-05,2.9871083875142833e-05,3.645465812295891e-05,4.448507550340597e-05,5.4278259777723256e-05,6.62181187060882e-05,8.077068438286372e-05,8.500892295308302e-05,4.885488295589685e-05,3.2429673743387954e-05,2.348823194607639e-05,1.8200499994645847e-05,2.2215575273400873e-05,2.8301629132347454e-05,2.0967976892762204e-05,1.084968708563996e-05,1.3244540924984421e-05,9.81008069986071e-06,7.268100574171765e-06,5.383083714292306e-06,3.986829482479758e-06,4.867520035788065e-06,5.942680654082242e-06,7.255216797950534e-06,5.373540250783052e-06,6.560425751326628e-06,3.190212609566808e-06,2.3626546491283115e-06,2.8846316657339145e-06,2.136332107194631e-06,1.73774221859423e-06,1.2869315074478648e-06,8.913811739334971e-07,3.8731604425681345e-07,1.0299180096005807e-07,9.268405375283573e-08,1.1316422800675368e-07,1.3816981730169778e-07,1.6870076337141895e-07,1.2493259111182574e-07,1.5253857803493396e-07,7.044545232292741e-08,8.601164317886508e-08,6.369646711565802e-08,7.130745758905118e-08,5.280717638678778e-08,7.642174406452773e-08,9.330849625617657e-08,1.1392665119891985e-07,9.947073916367335e-08,7.366370241127142e-08,6.05012992760898e-08,7.387016081154694e-08,9.0193098355862e-08,1.1012285599382166e-07,8.155221135106949e-08,9.957262462304575e-08,1.196076956217596e-07,1.460370670110765e-07,1.5008401988873344e-07,1.567601268418037e-07,8.754289698891454e-08,1.0456808559931136e-07,1.2767422456285864e-07,9.455002138438417e-08,3.5758226560410995e-08,2.6480958937492933e-08,2.778290464428693e-08,3.392205812999412e-08,1.909360072092163e-08,2.331269247728627e-08,2.4689866777695077e-08,1.7658300991765243e-08,1.6557422556993516e-08,1.9660949679311642e-08,2.400540769887241e-08,2.930985407653561e-08,1.7909113586941943e-08,2.18664710220294e-08,2.669827990146699e-08,3.2597765670776144e-08,2.3781587484211365e-08,2.9036576488258346e-08,2.150320015491501e-08,2.6254737666237674e-08,3.205621466780063e-08,2.8396012525457685e-08,3.467064333150094e-08,4.233176771557866e-08,3.1349035777050363e-08,3.827619083691296e-08,1.0999029724684283e-08,1.3429474612284257e-08,1.3151856705972307e-08,1.0507746527107844e-08,7.781568404293277e-09,9.401223829668091e-09,5.1479939852751715e-09,2.4517350198185784e-09,1.5084161491379807e-09,1.4917995131742856e-09,1.1047599233118458e-09,1.3488778600200252e-09,1.6469383852810109e-09,2.0108610233233195e-09,2.455199468750771e-09,1.8182108978245542e-09,2.2199794837452866e-09,1.6440175346794036e-09,1.2174858588911862e-09,1.4865127705822899e-09,1.1775228563742107e-09,1.4377191310862126e-09,1.7554108763220328e-09,1.7219895572913055e-09,2.1024963368333458e-09,2.567083194589841e-09,3.1343295839558784e-09,2.3211443053685108e-09,5.898183414406839e-10,7.201499534772818e-10,8.792811037596081e-10,1.0735750892489438e-09,1.3108021814983031e-09,1.6004489148977018e-09,1.9540990335204626e-09,2.385894710223195e-09,2.9131039067244153e-09,3.556810137109735e-09
Γ_τ(μ_τ) feasible,False,False,True,True,True,True,True,True,True,True,True,True,True,True,True,True,True,True,True,True,True,True,True,True,True,True,True,True,True,True,True,True,True,True,True,True,True,True,True,True,True,True,True,True,True,True,True,True,True,True,True,True,True,True,True,True,True,True,True,True,True,True,True,True,True,True,True,True,True,True,True,True,True,True,True,True,True,True,True,True,True,True,True,True,True,True,True,True,True,True,True,True,True,True,True,True,True,True,True,True,True,True,True,True,True,True,True,True,True,True,True,True,True,True,True,True,True,True,True,True,True,True,True,True,True,True,True,True,True,True,True,True,True,True,True,True,True,True,True,True,True,True,True,True,True,True,True,True,True,True,True,True,True,True,True,True,True,True,True,True,True,True,True,True,True,True,True,True,True,True,True,True,True,True,True,True,True,True,True,True,True,True,True,True,True,True,True,True,True,True,True,True,True,True,True,True,True,True,True,True,True
IR^K(PAR) OK,Yes,No,Yes,Yes,Yes,No,Yes,Yes,No,No,No,No,No,No,No,No,No,No,No,No,No,No,No,No,No,No,No,No,No,No,No,No,No,No,No,No,No,No,No,No,No,No,No,No,No,No,Yes,No,Yes,No,No,Yes,No,No,No,Yes,No,Yes,Yes,Yes,Yes,No,Yes,No,No,No,No,No,No,No,No,Yes,No,No,No,No,No,No,Yes,Yes,No,No,No,No,No,No,No,No,No,No,Yes,Yes,Yes,Yes,Yes,Yes,Yes,Yes,Yes,Yes,Yes,Yes,Yes,Yes,Yes,Yes,Yes,Yes,Yes,Yes,Yes,Yes,Yes,Yes,Yes,Yes,Yes,Yes,Yes,Yes,Yes,Yes,Yes,Yes,Yes,Yes,Yes,Yes,Yes,Yes,Yes,Yes,Yes,Yes,Yes,Yes,Yes,Yes,Yes,Yes,Yes,Yes,Yes,Yes,Yes,Yes,Yes,Yes,Yes,Yes,Yes,Yes,Yes,Yes,Yes,Yes,Yes,Yes,Yes,Yes,Yes,Yes,Yes,Yes,Yes,Yes,Yes,Yes,Yes,Yes,Yes,Yes,Yes,Yes,Yes,Yes,Yes,Yes,Yes,Yes,Yes,Yes,Yes,Yes,Yes,Yes,Yes,Yes,Yes,Yes,Yes,Yes,Yes,Yes,Yes,Yes,Yes,Yes,Yes,Yes,Yes
-sgn(κ_h(DC)),0,-1,-1,-1,-1,-1,1,-1,1,-1,1,1,1,1,-1,-1,-1,-1,1,1,1,-1,-1,-1,-1,1,-1,-1,-1,1,-1,-1,1,-1,-1,-1,-1,-1,-1,-1,1,-1,-1,-1,-1,-1,-1,-1,-1,-1,-1,-1,-1,-1,-1,-1,-1,-1,-1,-1,1,1,1,1,-1,-1,1,-1,-1,1,-1,1,-1,1,-1,-1,-1,-1,-1,1,-1,-1,-1,-1,-1,1,-1,1,-1,-1,-1,-1,-1,1,1,1,-1,-1,1,-1,-1,1,-1,1,-1,1,-1,-1,-1,1,1,1,-1,-1,-1,-1,-1,1,-1,1,-1,-1,1,-1,-1,1,-1,1,-1,-1,1,-1,-1,-1,1,-1,1,-1,-1,1,-1,-1,-1,1,-1,-1,-1,-1,-1,-1,-1,-1,-1,-1,-1,-1,-1,1,-1,-1,-1,-1,-1,-1,-1,-1,-1,-1,-1,1,-1,-1,-1,1,-1,1,1,-1,-1,-1,-1,-1,-1,-1,-1,-1,-1,-1,-1,1,1,1,-1,-1,-1,-1,-1,1,-1,-1,-1
-sgn(κ_h(PAR)),0,-1,-1,-1,-1,-1,-1,-1,-1,-1,-1,-1,-1,-1,-1,-1,-1,-1,-1,-1,-1,-1,-1,-1,-1,-1,-1,-1,-1,-1,-1,-1,-1,-1,-1,-1,-1,-1,-1,-1,-1,-1,-1,-1,-1,-1,-1,-1,-1,-1,-1,-1,-1,-1,-1,-1,-1,-1,-1,-1,-1,-1,-1,-1,-1,-1,-1,-1,-1,-1,-1,-1,-1,-1,-1,-1,-1,-1,-1,-1,-1,-1,-1,-1,-1,-1,-1,-1,-1,-1,-1,-1,-1,-1,-1,-1,-1,-1,-1,-1,-1,-1,-1,-1,-1,-1,-1,-1,-1,-1,-1,-1,-1,-1,-1,-1,-1,-1,-1,-1,-1,-1,-1,-1,-1,-1,-1,-1,-1,-1,-1,-1,-1,-1,-1,-1,-1,-1,-1,-1,-1,-1,-1,-1,-1,-1,-1,-1,-1,-1,-1,-1,-1,-1,-1,-1,-1,-1,-1,-1,-1,-1,-1,-1,-1,-1,-1,-1,-1,-1,-1,-1,-1,-1,-1,-1,-1,-1,-1,-1,-1,-1,-1,-1,-1,-1,-1,-1,-1,-1,-1,-1,-1,-1,-1,-1,-1,-1,-1,-1,-1
-sgn(κ_h(ELN)),0,-1,-1,-1,-1,-1,-1,-1,-1,-1,-1,1,-1,-1,-1,-1,-1,-1,-1,-1,-1,-1,-1,-1,-1,-1,-1,-1,-1,-1,-1,-1,-1,-1,-1,-1,-1,-1,-1,-1,1,-1,-1,-1,-1,-1,-1,-1,-1,-1,-1,-1,-1,-1,-1,-1,-1,-1,-1,-1,-1,-1,1,-1,-1,-1,-1,-1,-1,1,-1,-1,-1,-1,-1,-1,-1,-1,-1,-1,-1,-1,-1,-1,-1,-1,-1,-1,-1,-1,-1,-1,-1,-1,-1,1,-1,-1,1,-1,-1,-1,-1,1,-1,-1,-1,-1,-1,-1,-1,-1,-1,-1,-1,-1,-1,1,-1,1,-1,-1,1,-1,-1,-1,-1,-1,-1,-1,-1,-1,-1,-1,1,-1,-1,-1,-1,1,-1,-1,-1,1,-1,-1,-1,-1,-1,-1,-1,-1,-1,-1,-1,-1,-1,-1,-1,-1,-1,-1,-1,-1,-1,-1,-1,-1,-1,1,-1,-1,-1,1,-1,1,-1,-1,-1,-1,-1,-1,-1,-1,-1,-1,-1,-1,-1,1,1,1,-1,-1,-1,-1,-1,-1,-1,-1,-1
-sgn(κ_h(FARC)),0,-1,-1,-1,-1,-1,-1,-1,-1,-1,-1,-1,-1,-1,-1,-1,-1,-1,-1,-1,-1,-1,-1,-1,-1,-1,-1,-1,-1,-1,-1,-1,-1,-1,-1,-1,-1,-1,-1,-1,-1,-1,-1,-1,-1,-1,-1,-1,-1,-1,-1,-1,-1,-1,-1,-1,-1,-1,-1,-1,-1,-1,-1,-1,-1,-1,-1,-1,-1,-1,-1,-1,-1,-1,-1,-1,-1,-1,-1,-1,-1,-1,-1,-1,-1,-1,-1,-1,-1,-1,-1,-1,-1,-1,-1,-1,-1,-1,-1,-1,-1,-1,-1,-1,-1,-1,-1,-1,-1,-1,-1,-1,-1,-1,-1,-1,-1,-1,-1,-1,-1,-1,-1,-1,-1,-1,-1,-1,-1,-1,-1,-1,-1,-1,-1,-1,-1,-1,-1,-1,-1,-1,-1,-1,-1,-1,-1,-1,-1,-1,-1,-1,-1,-1,-1,-1,-1,-1,-1,-1,-1,-1,-1,-1,-1,-1,-1,-1,-1,-1,-1,-1,-1,-1,-1,-1,-1,-1,-1,-1,-1,-1,-1,-1,-1,-1,-1,-1,-1,-1,-1,-1,-1,-1,-1,-1,-1,-1,-1,-1,-1
m outcome,Continue Captivity (cont),Continue Captivity (cont),Continue Captivity (cont),Continue Captivity (cont),Continue Captivity (cont),Continue Captivity (cont),Continue Captivity (cont),Continue Captivity (cont),Continue Captivity (cont),Continue Captivity (cont),Continue Captivity (cont),Continue Captivity (cont),Continue Captivity (cont),Continue Captivity (cont),Continue Captivity (cont),Continue Captivity (cont),Continue Captivity (cont),Continue Captivity (cont),Continue Captivity (cont),Continue Captivity (cont),Continue Captivity (cont),Continue Captivity (cont),Continue Captivity (cont),Continue Captivity (cont),Continue Captivity (cont),Continue Captivity (cont),Continue Captivity (cont),Continue Captivity (cont),Continue Captivity (cont),Continue Captivity (cont),Continue Captivity (cont),Continue Captivity (cont),Continue Captivity (cont),Continue Captivity (cont),Continue Captivity (cont),Continue Captivity (cont),Continue Captivity (cont),Continue Captivity (cont),Continue Captivity (cont),Continue Captivity (cont),Continue Captivity (cont),Continue Captivity (cont),Continue Captivity (cont),Continue Captivity (cont),Continue Captivity (cont),Continue Captivity (cont),Continue Captivity (cont),Continue Captivity (cont),Continue Captivity (cont),Continue Captivity (cont),Continue Captivity (cont),Continue Captivity (cont),Continue Captivity (cont),Continue Captivity (cont),Continue Captivity (cont),Continue Captivity (cont),Continue Captivity (cont),Continue Captivity (cont),Continue Captivity (cont),Continue Captivity (cont),Continue Captivity (cont),Continue Captivity (cont),Continue Captivity (cont),Continue Captivity (cont),Continue Captivity (cont),Continue Captivity (cont),Continue Captivity (cont),Continue Captivity (cont),Continue Captivity (cont),Continue Captivity (cont),Continue Captivity (cont),Continue Captivity (cont),Continue Captivity (cont),Continue Captivity (cont),Continue Captivity (cont),Continue Captivity (cont),Continue Captivity (cont),Continue Captivity (cont),Continue Captivity (cont),Continue Captivity (cont),Continue Captivity (cont),Continue Captivity (cont),Continue Captivity (cont),Continue Captivity (cont),Continue Captivity (cont),Continue Captivity (cont),Continue Captivity (cont),Continue Captivity (cont),Continue Captivity (cont),Continue Captivity (cont),Continue Captivity (cont),Continue Captivity (cont),Continue Captivity (cont),Continue Captivity (cont),Continue Captivity (cont),Continue Captivity (cont),Continue Captivity (cont),Continue Captivity (cont),Continue Captivity (cont),Continue Captivity (cont),Continue Captivity (cont),Continue Captivity (cont),Continue Captivity (cont),Continue Captivity (cont),Continue Captivity (cont),Tactical Rescue (j=3),Continue Captivity (cont),Continue Captivity (cont),Continue Captivity (cont),Continue Captivity (cont),Continue Captivity (cont),Continue Captivity (cont),Continue Captivity (cont),Continue Captivity (cont),Continue Captivity (cont),Continue Captivity (cont),Continue Captivity (cont),Continue Captivity (cont),Continue Captivity (cont),Continue Captivity (cont),Continue Captivity (cont),Continue Captivity (cont),Continue Captivity (cont),Continue Captivity (cont),Continue Captivity (cont),Continue Captivity (cont),Continue Captivity (cont),Continue Captivity (cont),Continue Captivity (cont),Continue Captivity (cont),Continue Captivity (cont),Continue Captivity (cont),Continue Captivity (cont),Continue Captivity (cont),Continue Captivity (cont),Continue Captivity (cont),Continue Captivity (cont),Continue Captivity (cont),Continue Captivity (cont),Continue Captivity (cont),Continue Captivity (cont),Continue Captivity (cont),Continue Captivity (cont),Continue Captivity (cont),Continue Captivity (cont),Continue Captivity (cont),Continue Captivity (cont),Continue Captivity (cont),Continue Captivity (cont),Continue Captivity (cont),Continue Captivity (cont),Continue Captivity (cont),Continue Captivity (cont),Continue Captivity (cont),Continue Captivity (cont),Continue Captivity (cont),Continue Captivity (cont),Tactical Rescue (j=3),Continue Captivity (cont),Continue Captivity (cont),Continue Captivity (cont),Continue Captivity (cont),Continue Captivity (cont),Continue Captivity (cont),Continue Captivity (cont),Continue Captivity (cont),Continue Captivity (cont),Continue Captivity (cont),Continue Captivity (cont),Continue Captivity (cont),Continue Captivity (cont),Continue Captivity (cont),Continue Captivity (cont),Continue Captivity (cont),Continue Captivity (cont),Continue Captivity (cont),Continue Captivity (cont),Continue Captivity (cont),Continue Captivity (cont),Continue Captivity (cont),Continue Captivity (cont),Continue Captivity (cont),Continue Captivity (cont),Continue Captivity (cont),Continue Captivity (cont),Continue Captivity (cont),Continue Captivity (cont),Continue Captivity (cont),Continue Captivity (cont),Continue Captivity (cont),Victim Deceased (j=2),Continue Captivity (cont),Continue Captivity (cont),Continue Captivity (cont),Continue Captivity (cont),Continue Captivity (cont),Continue Captivity (cont),Continue Captivity (cont),Continue Captivity (cont),Continue Captivity (cont),Continue Captivity (cont)
v (m draw),0.6083200586219379,0.600747639773128,0.3040570748184265,0.6155689149174387,0.39669198388439053,0.204639810835185,0.7998072820167602,0.765365530373864,0.5572775309151119,0.8156167673762088,0.8756367719804171,0.5466525585448351,0.5246938374218199,0.03265770137394042,0.4946289356049516,0.06234256308421282,0.647310373286444,0.2817046119174226,0.8050752025856497,0.40191517155718803,0.22779852538479495,0.20691875166470974,0.1774386077755311,0.22876566045942215,0.5922634814735654,0.2825229468412007,0.3895774238488291,0.5384432374606208,0.4842745970862675,0.581297764020209,0.2247828535677352,0.6099718994761428,0.5951431714073984,0.2329798846452258,0.7871784292954644,0.07519788099984903,0.5850758962376325,0.5639275055576946,0.44066496669394195,0.6026048063451437,0.3082156315957981,0.391259935768245,0.579228943207266,0.9746838545641573,0.9463217366786626,0.29888657797057294,0.8811412827937404,0.05743144678469703,0.870323677723995,0.9652677953922971,0.2581365604391499,0.3357822184132614,0.531036380207562,0.8276033765076608,0.6128106266096865,0.9629880447956394,0.6447110486581374,0.680590042235053,0.4208484994342343,0.55214255820453,0.018440000640205456,0.8315113254016925,0.8674849755618435,0.8772609272394387,0.9398167639359732,0.6825432179530083,0.5894212058780626,0.8897741260602534,0.971799850203187,0.6885509023325789,0.8552767383038605,0.41142860827848593,0.5327275548300306,0.5354639293490402,0.16490958295040392,0.8040684327350844,0.1769087856727235,0.25673568595352736,0.5987257747236984,0.6430036691279193,0.4354978331002427,0.8760087766772459,0.6227442135944747,0.029200772807581266,0.24961011062052385,0.5779847934801947,0.8909315688112913,0.0720229606124081,0.39401379066045683,0.7013272988438011,0.08042621867717903,0.05192989118439295,0.39581319315751906,0.3743940464777403,0.3378109472871619,0.523762418705763,0.9164982199929713,0.43589974788996666,0.9823271220677837,0.005864848507513343,0.6021785883825392,0.7361608220966536,0.9472941077184667,0.8279024532174611,0.36965206175365106,0.9986334922907275,0.5081085568196004,0.2773975205099434,0.8978863620219376,0.39677679364690155,0.8287350279884728,0.04666017965357916,0.7227953829770284,0.025061774061063025,0.6371191215033087,0.8994006268390281,0.26608645647310003,0.7498404801722867,0.0148466256684463,0.4824606245994164,0.12923347965170362,0.7986938560339452,0.004067596214830882,0.6884479272830255,0.9536837517262378,0.03895663007261252,0.8909680290094604,0.35923841630561415,0.5592417715160778,0.8486861811248118,0.5753788355564843,0.38417302675282605,0.6126323835857461,0.6970030610070614,0.6483587678286403,0.2109862097950268,0.5417169294485341,0.49044680068358093,0.09603729487160462,0.5707380819739942,0.9012717953992891,0.0490310449999275,0.14210645177859882,0.5986900431296435,0.5605584300478372,0.7828118299486447,0.9206613818935856,0.02624331113211431,0.061745506313788945,0.4652158296436887,0.9787074457483664,0.19026097488829796,0.5209428118235049,0.8181393220721545,0.5049052445812023,0.8320243749246973,0.3153016339135172,0.9986456628670061,0.9256513428338274,0.3098980413010226,0.1401664887127987,0.3159861068755935,0.22646315632946667,0.8294745126493993,0.15426272335811542,0.19178003577844982,0.0018230003341561662,0.0773167891947093,0.7988663512002716,0.48171589971544426,0.36648839146072587,0.4729239015835056,0.06170033923467133,0.05103990572595618,0.5909025105881698,0.6786935566846796,0.04285926851755284,0.09718050050467364,0.15278198230248974,0.42091460575015527,0.8736025557126726,0.7221641160299457,0.41098104331364216,0.47399378050154717,0.5352088395186281,0.5236037403234973,0.1855525019087757,0.9365905067229697,0.28721650757525896,0.20929380078404203,0.9883293089612429,0.6841771899532862,0.4782137004266249,0.223558965484828,0.9357201683935463,0.32503640590147687,0.40132130869286675,0.8539268563364708,0.7736169417736309,0.5991775801545776,0.23004501289463208
closes episode,False,False,False,False,False,False,False,False,False,False,False,False,False,False,False,False,False,False,False,False,False,False,False,False,False,False,False,False,False,False,False,False,False,False,False,False,False,False,False,False,False,False,False,False,False,False,False,False,False,False,False,False,False,False,False,False,False,False,False,False,False,False,False,False,False,False,False,False,False,False,False,False,False,False,False,False,False,False,False,False,False,False,False,False,False,False,False,False,False,False,False,False,False,False,False,False,False,False,False,False,False,False,False,False,False,True,False,False,False,False,False,False,False,False,False,False,False,False,False,False,False,False,False,False,False,False,False,False,False,False,False,False,False,False,False,False,False,False,False,False,False,False,False,False,False,False,False,False,False,False,False,False,False,False,False,False,False,True,False,False,False,False,False,False,False,False,False,False,False,False,False,False,False,False,False,False,False,False,False,False,False,False,False,False,False,False,False,False,False,False,True,False,False,False,False,False,False,False,False,False,False
μ_DC,0.15,0.05050659163306454,0.25,0.25,0.10006450331789928,0.14002546343553368,0.25,0.042047273493951196,0.06906019015161449,0.061086624292474176,0.09698197934877283,0.14824709246841386,0.21781437201014725,0.04841471079410336,0.001288084584645644,0.0011674947709022594,0.00011438062817859412,0.00017956513287213617,0.00016290115442548303,0.0002545536265976152,0.00039462016291575325,0.00013441942613937852,0.00012264228274416622,9.145141363101302e-06,1.4062352172323791e-05,1.286148222108805e-05,7.879674654039339e-06,8.139028027637122e-07,1.2500577643975206e-06,6.023200352472807e-07,5.529290410837238e-07,5.074406233344669e-07,2.8844129222241853e-08,8.831691979456383e-10,8.121060217975833e-10,4.044790347274906e-11,3.4158662850925954e-12,3.1455237747967182e-12,2.8959559068499337e-12,2.6654926121342816e-12,2.452589912169746e-12,4.524301137327537e-13,4.1602608320559386e-13,3.162833547353375e-14,4.814350067048279e-14,4.433167608405422e-14,5.71668351057677e-14,5.265705623956839e-14,4.46339917893786e-15,1.5091511535312846e-15,1.389877910913499e-15,1.1261190734180886e-15,1.0372784485292576e-15,9.552392097935938e-16,6.071320397717453e-16,9.236333885045045e-16,1.4048214787571604e-15,1.473174911613345e-15,1.3571721593274948e-15,2.0643858456834493e-15,1.9019371976977402e-15,2.8927887172811038e-15,2.665289159982832e-15,4.053525073788405e-15,4.718106601562385e-16,7.172618245968765e-16,6.610558081840044e-16,6.092299838782536e-16,5.614399911871069e-16,5.173681728732531e-16,7.8666465787058565e-16,5.144389647695711e-16,4.398872744541099e-17,6.687679156577077e-17,6.16340440905828e-17,5.679960181910021e-17,5.2341331876007706e-17,4.822958930511741e-17,4.443701978718774e-17,2.508470233750136e-17,2.5145554317886133e-18,4.454966696134296e-19,1.0071055220781892e-19,5.580137545931993e-20,5.1431199475759807e-20,4.074689588331722e-20,6.194187986621012e-20,1.9567868770960107e-20,1.8036333716976025e-20,2.7414654403627064e-20,4.1668193711602276e-20,6.33343900578432e-20,9.6264817687767e-20,8.873932995468578e-20,8.180162772267141e-20,7.540573645740754e-20,1.1461441881730129e-19,1.0565339952421324e-19,1.6535349115995236e-20,2.5132362933972884e-20,2.3167914954393656e-20,3.5213223489444637e-20,3.746354450333821e-20,5.694079017178575e-20,3.2587162429061087e-21,4.879528787977279e-22,4.517928055765664e-24,7.649149940158324e-25,7.051376338770685e-25,6.500317203153907e-25,5.992321798012135e-25,9.107601016544933e-25,8.39584893942277e-25,2.5171608644657976e-25,2.3204475711622745e-25,3.5267958914982514e-25,7.075754468032531e-26,1.075427818234654e-25,1.190545688074463e-25,1.0975058330519492e-25,1.0117368189440142e-25,1.1841197136612827e-26,1.7997170321043655e-26,2.3466211666833045e-27,2.163235513892633e-27,1.9941810399403986e-27,1.838337771156949e-27,2.794048656575937e-27,2.575696687632055e-27,2.8466321857191215e-27,2.6241701507878547e-27,1.50734250888588e-27,2.0912043799894784e-28,7.142567057567958e-29,1.0388641148476692e-29,9.576778164489951e-30,1.4555534108786043e-29,3.411529462767941e-30,5.185104432265583e-30,1.880473546183057e-30,1.7335171834473083e-30,7.223038057996575e-32,6.658568209229532e-32,4.805661381453007e-32,2.737770320080556e-32,4.955512846475943e-33,6.050152245108161e-34,5.5773416825982805e-34,5.141480414386404e-34,1.8754921929098637e-35,1.7289252387298717e-35,1.5938122309020987e-35,1.4692580582283417e-35,2.152927488046557e-36,1.9846792900899058e-36,3.016467807692574e-36,2.7807352168208643e-36,2.563424698928886e-36,9.639492829207024e-37,8.886179983422234e-37,8.191737110302261e-37,1.2450431755150642e-36,1.1477447730661744e-36,1.4370468575302064e-37,1.3247438267769203e-37,1.9475833855214086e-38,9.029052857688942e-40,1.3723044903414212e-39,6.296346022137086e-40,1.2647209190482742e-41,8.121456380848082e-43,2.5571574472698804e-44,5.5348736611267034e-45,8.412323551479878e-45,7.754913786197764e-45,7.148879540560559e-45,6.590205898462072e-45,6.07519170298111e-45,9.233540237339259e-45,8.511953644704362e-45,1.293711707599772e-44,1.9662818244786332e-44,1.8126200118814847e-44,1.1151137064669314e-45,1.0279693354650846e-45,9.476351573389324e-46,8.876947737875094e-47,8.18322829178801e-47,7.543721904151861e-47,6.954191909090157e-47,1.0569511929570878e-46,2.4951373242737756e-47,2.3001463017599307e-47,2.1203935162484174e-47,1.9546881236038745e-47,1.8019323422464703e-47,1.6611141804587995e-47,1.5313007320418785e-47,1.4116319959046128e-47,1.3013151786421306e-47,1.1996194423581225e-47
μ_PAR,0.15,0.12375041275410473,0.25,0.25,0.3824706198567762,0.3119420630016374,0.25,0.40883504116153857,0.6994787560707993,0.6719123692455174,0.7025368528091119,0.7063059594357376,0.6808000105581269,0.8256575888055944,0.9085101443469603,0.8922180932201316,0.8900974956637715,0.9178731330207665,0.9026200122678344,0.9270611162394994,0.9454512364651304,0.9586341463077273,0.9502808286344149,0.9530677973915889,0.9650449754175527,0.9578561199056158,0.9492595312803628,0.9636574329691863,0.9729239427780035,0.9836687587853172,0.9801426413924108,0.9758628302344805,0.9810236484628427,0.9890662113518036,0.9866834509588959,0.993372300208001,0.9955751802464385,0.9946031557289213,0.9934190123522332,0.9919771466800755,0.9902224833166233,0.9890687192216635,0.9866864963841984,0.9938141087571515,0.9954120824020867,0.9944044399392137,0.9965986296185757,0.9958503218993324,0.9969629328174919,0.9961157415169427,0.9952618967139777,0.9965841663194156,0.9958326894756242,0.9949169410856193,0.9959836009706197,0.9970227771845573,0.997793588673078,0.9973099505767952,0.9967176189677939,0.9975672440117508,0.9970313981270256,0.9977999825528581,0.9973152623685965,0.9980104997119864,0.9988990554264785,0.9991844904560367,0.9990045084821452,0.9987848530106704,0.9985168024580936,0.998189729522877,0.9986588201350128,0.9975376003223305,0.9986855815369393,0.9990263086603777,0.9988114576812583,0.9985492673566024,0.9982293408465046,0.9978390144128321,0.9973628712183119,0.9972241171830065,0.9984065380446838,0.9989428213624455,0.9992345229148646,0.9994069491347576,0.9992760279498545,0.9990775135279274,0.9993167124881189,0.9996465531811045,0.9995685038555179,0.9996804306950808,0.9997633314323217,0.9998247230826536,0.9998701918522531,0.9998415127924362,0.9998064987735809,0.999763751059038,0.9998250338775617,0.9997863800080952,0.9998961317276175,0.9999230777306454,0.9999060818727727,0.9999304467412058,0.9999434244793676,0.9999581020850838,0.9999709801630344,0.9999873907274264,0.9999966470793981,0.9999969826513545,0.9999963159126193,0.9999955018463479,0.9999945078982804,0.9999959327893356,0.9999950340654102,0.9999977066352694,0.9999971998736613,0.9999979263501781,0.999997678572469,0.9999982808535738,0.9999975120755119,0.999996962322436,0.9999962910916684,0.9999967617087001,0.9999976018642989,0.9999980303696365,0.9999975951429885,0.9999970637451587,0.9999964149255283,0.9999973450517389,0.9999967583917811,0.9999961061432582,0.9999952457248426,0.9999951139745922,0.9999948966310649,0.9999971500232485,0.9999965957629394,0.9999958435344412,0.9999969219042085,0.9999988358856065,0.9999991379086912,0.9999990955236294,0.9999988956624075,0.9999993784053148,0.9999992410521233,0.9999991962179892,0.9999994251317098,0.9999994609709726,0.9999993599351814,0.999999218500665,0.9999990458135274,0.9999994169664683,0.9999992881340923,0.9999991308337712,0.9999989387749871,0.9999992257871734,0.9999990547101268,0.9999992999604316,0.9999991452733629,0.9999989564052775,0.9999990755637994,0.9999988712920792,0.9999986218827084,0.9999989794276128,0.9999987539128045,0.9999996419252346,0.9999995628017659,0.9999995718396536,0.999999657919024,0.9999997466701082,0.9999996939420136,0.9999998324064518,0.9999999201834834,0.9999999508933429,0.9999999514343001,0.9999999640344146,0.9999999560871274,0.9999999463837345,0.9999999345361906,0.9999999200707045,0.9999999408079379,0.9999999277283147,0.9999999464788216,0.9999999603646088,0.9999999516064075,0.9999999616656091,0.999999953194889,0.9999999428524003,0.9999999439404311,0.9999999315529924,0.9999999164283114,0.999999897961542,0.9999999244348803,0.9999999807983964,0.999999976555433,0.9999999713749053,0.9999999650496405,0.999999957326687,0.9999999478971987,0.9999999363840837,0.999999922326925,0.9999999051635675,0.999999884207637
μ_ELN,0.25,0.28958740876327255,0.25,0.25,0.43218006860787517,0.5228660278308422,0.25,0.1286720991828556,0.21653323644838066,0.2509637122848109,0.19205519748860728,0.14119700940119123,0.099336818527741,0.12365508234615272,0.0871862367933376,0.10330906368275058,0.10582812037701556,0.07989982770427329,0.09496720210507498,0.0715242479631136,0.053559376750036046,0.04103847222758861,0.04938192627985936,0.04664787702305226,0.03480054480677419,0.04197473874697318,0.05063490125846629,0.03633184279947577,0.02706976903898288,0.016330384219030276,0.01985652053820098,0.024136343399998723,0.01897573574062745,0.010933697648343378,0.013316447236773445,0.0066275992228573615,0.0044247810053322,0.005396800784922949,0.006580938854682559,0.008022798586439372,0.00977745530566678,0.010931204844695718,0.013313418518314706,0.006185622139934411,0.004587781544035084,0.005595407374053153,0.003401365366436607,0.004149672471254162,0.003037066083073727,0.003884257630061313,0.004738102328597481,0.0034158335646448934,0.004167310394232003,0.0050830587683131385,0.004016399019129298,0.0029772228102622113,0.0022064113243042693,0.0026900494226796377,0.00328238103161677,0.0024327559879501783,0.002968601872638946,0.002200017446970573,0.0026847376312117382,0.00198950028791384,0.0011009445735162297,0.0008155095439602599,0.0009954915178514133,0.0012151469893258828,0.00148319754190242,0.0018102704771186205,0.0013411798649844726,0.0024623996776685204,0.0013144184630607943,0.0009736913396222364,0.0011885423187415684,0.001450732643397551,0.0017706591534954685,0.002160985587168023,0.0026371287816881316,0.002775882816993471,0.0015934619553161094,0.0010571786375545714,0.0007654770851353394,0.0005930508652423416,0.0007239720501455166,0.0009224864720725991,0.000683287511881078,0.00035344681889545935,0.0004314961444820927,0.0003195693049191084,0.0002366685676783793,0.0001752769173464163,0.00012980814774676936,0.00015848720756386523,0.00019350122641917757,0.00023624894096195003,0.00017496612243823038,0.00021361999190488084,0.00010386827238254058,7.692226935458739e-05,9.391812722731182e-05,6.955325879424868e-05,5.6575520632294525e-05,4.18979149161642e-05,2.9019836965611947e-05,1.260927257359608e-05,3.3529206019270418e-06,3.0173486454663273e-06,3.684087380769926e-06,4.498153652188545e-06,5.492101719590055e-06,4.067210664464048e-06,4.965934589731669e-06,2.2933647305912905e-06,2.8001263386704902e-06,2.073649821847528e-06,2.3214275309080994e-06,1.7191464262027535e-06,2.487924488134814e-06,3.0376775640705317e-06,3.7089083315526585e-06,3.238291299905011e-06,2.3981357011538286e-06,1.9696303633987178e-06,2.4048570116051246e-06,2.9362548412859445e-06,3.5850744717881574e-06,2.6549482610996405e-06,3.241608218947796e-06,3.89385674174598e-06,4.754275157407074e-06,4.886025407911393e-06,5.103368935108833e-06,2.849976751481336e-06,3.40423706055965e-06,4.156465558802136e-06,3.0780957914290543e-06,1.1641143935278326e-06,8.620913088071549e-07,9.044763705660422e-07,1.1043375924542292e-06,6.215946851286017e-07,7.589478766995353e-07,8.037820108281761e-07,5.748682902782819e-07,5.390290273883281e-07,6.400648186665761e-07,7.814993350433118e-07,9.541864726422244e-07,5.830335316948773e-07,7.118659076103736e-07,8.691662287734496e-07,1.0612250128930427e-06,7.742128265847879e-07,9.452898731152586e-07,7.000395684317172e-07,8.547266370972928e-07,1.0435947225512607e-06,9.244362005870976e-07,1.128707920796596e-06,1.378117291550483e-06,1.020572387156629e-06,1.2460871955553437e-06,3.580747652770475e-07,4.371982340470095e-07,4.28160346407781e-07,3.4208097593880647e-07,2.5332989181273344e-07,3.0605798640165257e-07,1.675935481179879e-07,7.981651666404277e-08,4.9106657052074954e-08,4.8565699867745066e-08,3.596558540750251e-08,4.3912872591405004e-08,5.361626549363331e-08,6.546380934966746e-08,7.992929540867172e-08,5.919206213031693e-08,7.227168527801772e-08,5.352117837230402e-08,3.963539122417818e-08,4.839359248030912e-08,3.833439084368001e-08,4.680511108142157e-08,5.714759961041266e-08,5.605956896419917e-08,6.84470076221796e-08,8.35716885835973e-08,1.0203845795456932e-07,7.556511973103964e-08,1.9201603657525288e-08,2.3444567036329908e-08,2.8625094695683122e-08,3.495035946405363e-08,4.2673312977492566e-08,5.2102801381494295e-08,6.361591628882548e-08,7.767307491471154e-08,9.483643245151394e-08,1.1579236300218707e-07
μ_FARC,0.44999999999999996,0.5361555868495582,0.25,0.25,0.0852848082174494,0.025166445731986585,0.25,0.4204455861616546,0.014927817329205431,0.016037294177197486,0.008425970353508012,0.004249938694657266,0.0020487989039850137,0.0022726180541495088,0.0030155342750564367,0.003305348326215603,0.0039600033310342305,0.0020474741420880523,0.002249884472665242,0.00116008217078941,0.0005947666219177405,0.0001929620385447301,0.00021460280298163782,0.0002751804439958047,0.00014041742350074095,0.0001562798651899404,9.768778651683739e-05,9.910328535170557e-06,5.0381252490604075e-06,2.546756171149497e-07,2.8514034710427543e-07,3.1892489745513195e-07,5.86952400574049e-07,9.011668388617574e-08,1.0099222455950538e-07,1.0052869361060344e-07,3.8744813297280107e-08,4.348301027757981e-08,4.879018834384056e-08,5.473081963313525e-08,6.137525732123335e-08,7.593318836153106e-08,8.509707087231926e-08,2.691028824742111e-07,1.3605383004523535e-07,1.526866887319911e-07,5.014930348964845e-09,5.629360768746897e-09,1.0994297736676132e-09,8.529944521546474e-10,9.574234023417146e-10,1.1593843427263741e-10,1.3014282232137313e-10,1.4606660197838035e-10,1.0250424701947522e-11,5.179518926104152e-12,2.616434469790021e-12,5.237390753202358e-13,5.880000383652665e-13,2.97051813411699e-13,3.3351798402443907e-13,1.6847626365296653e-13,1.891681819260515e-13,9.555106755164432e-14,4.812807853367771e-15,2.430006378782471e-15,2.7292892947862088e-15,3.065310445860297e-15,3.442534403829942e-15,3.86595151550048e-15,1.952294166823617e-15,2.8968290227244935e-16,6.016361766960585e-17,3.037853993107708e-17,3.411881046567538e-17,3.831777272755719e-17,4.3031004564135045e-17,4.832056775444429e-17,5.4255671007369893e-17,8.61739940314756e-18,2.51309209363584e-18,5.718938188233296e-19,1.9804214613730433e-19,4.660088857340517e-20,5.234288982088094e-20,3.834395233784019e-21,1.935912174610191e-21,6.441559583236435e-23,7.235649359625986e-23,3.652674298897574e-23,1.8438762515886234e-23,9.307506196505256e-24,4.6981619100358546e-24,5.2774728016515755e-24,5.92817855366652e-24,6.659063986144167e-24,3.361357494163096e-24,3.775794892741474e-24,3.830675313483977e-24,1.933579095512818e-24,2.172026109377037e-24,1.0963532782732891e-24,1.1368003608343183e-25,5.738065126688292e-26,6.586246110885927e-27,2.0460322799177427e-27,3.693390397117044e-27,4.358490957413137e-28,4.896055598516651e-28,5.499921217302764e-28,6.178264798378563e-28,3.1184733183021643e-28,3.5030966809512562e-28,1.8292036175777108e-28,2.054813038026518e-28,1.0371642146966205e-28,9.286935697625519e-30,4.687568160824762e-30,5.921598386263034e-31,6.65195330361835e-31,7.472387435279435e-31,2.037209407914514e-31,1.0282789221337994e-31,8.57759021741154e-33,9.635529530474193e-33,1.0823951488761181e-32,1.215894899222153e-32,6.137214976682715e-33,6.894163242673313e-33,3.0549561263569454e-33,3.431745596098624e-33,2.8184347417173805e-33,8.224818142958135e-34,1.0020253045217304e-34,7.480290615403555e-35,8.402888975321616e-35,4.241348799535158e-35,5.120290948123941e-35,2.584459115184164e-35,8.81615414511441e-37,9.903519689246642e-37,1.7244756127478243e-37,1.937168857406558e-37,1.392514173402559e-37,1.335717560210407e-38,3.0372947552760234e-39,4.505612179507735e-39,5.061325018197298e-39,5.685578145349541e-39,1.2626332346474248e-39,1.4183638105670063e-39,1.5933018287905896e-39,1.7898162731423904e-39,5.2290356490881615e-40,5.873973860340343e-40,2.9648792573790547e-40,3.3305612566227075e-40,3.741345580043549e-40,4.273805041810063e-40,4.80092696840436e-40,5.393062736856842e-40,2.7221404143078645e-40,3.057883296351036e-40,8.116425238618527e-41,9.117488820968288e-41,6.115635748721588e-41,5.119406605428189e-40,2.584012193447205e-40,8.640978662270493e-41,5.5870265921069e-41,2.3001538520678035e-41,2.109104638136091e-41,6.92973004813431e-42,3.497769753059214e-42,3.9291779267516974e-42,4.4137951445942054e-42,4.958184103609072e-42,5.56971692966585e-42,2.8113054091415987e-42,3.158046378725552e-42,1.5940186837691232e-42,8.045782889577749e-43,9.03813422249424e-43,8.546224514650115e-43,9.600299354490503e-43,1.0784381730824576e-42,1.666235331648076e-42,1.871745574759447e-42,2.1026030480199824e-42,2.36193402692346e-42,1.1921823008000354e-42,1.8746650596961995e-44,2.1058826394888537e-44,2.3656181482687694e-44,2.6573889314034883e-44,2.9851461564258243e-44,3.3533283196563985e-44,3.7669213521669743e-44,4.23152613901111e-44,4.753434366028025e-44,5.339713721282342e-44
α_R^μ,0.45149999999999996,0.5642817253150392,0.59,0.5075,0.5037671688288299,0.4531494748350805,0.45999999999999996,0.5670115752167264,0.5453602440564808,0.5365386880126672,0.523349660818598,0.5094511107717835,0.48678895288195595,0.5528382570459561,0.5681807107257583,0.5661358772961437,0.5662361921330268,0.5603829397565089,0.5585854019866185,0.5520704048110742,0.5539763558942458,0.6129585263126521,0.6020418635575829,0.6025269036566456,0.5947726079168365,0.5936968245667692,0.5829078831572065,0.5752766339782323,0.5667512409552988,0.568040124082415,0.6264255660794414,0.6256552170827239,0.6265843311087329,0.6280319304212048,0.627603035092244,0.6288070281005363,0.6292035378677105,0.6290285741179781,0.6288154290532464,0.6285558940640087,0.6282400555888659,0.6280323800904237,0.6276035812626334,0.6288865772506823,0.6291741938798987,0.6289928205651829,0.6293877540334183,0.6292530587299762,0.6294533280610674,0.6293008335924686,0.6291471415425548,0.629385149953726,0.6292498841238321,0.6290850494158606,0.6292770481761464,0.6294640998939451,0.6296028459615198,0.629515791103896,0.6294091714142849,0.6295621039221562,0.6294656516629107,0.6296039968595373,0.6295167472263731,0.6296418899481698,0.6298018299767668,0.6298532082820868,0.6298208115267865,0.6297812735419209,0.6297330244424572,0.6296741513141183,0.6297585876243024,0.6295567680580194,0.6297634046766492,0.629824735558868,0.6297860623826265,0.6297388681241883,0.6296812813523709,0.6296110225943099,0.6295253168192961,0.6295003410929412,0.6297131768480431,0.6298097078452402,0.6298622141246757,0.6298932508442563,0.6298696850309738,0.6298339524350269,0.6298770082478614,0.6299363795725988,0.6299223306939932,0.6299424775251145,0.6299573996578179,0.6299684501548777,0.6299766345334056,0.6299714723026385,0.6299651697792445,0.6299574751906268,0.6299685060979611,0.6299615484014572,0.6299813037109712,0.6299861539915161,0.6299830947370991,0.629987480413417,0.629989816406286,0.6299924583753151,0.6299947764293462,0.6299977303309366,0.6299993964742916,0.6299994568772438,0.6299993368642716,0.6299991903323428,0.6299990114216905,0.6299992679020805,0.6299991061317738,0.6299995871943486,0.629999495977259,0.629999626743032,0.6299995821430444,0.6299996905536432,0.6299995521735922,0.6299994532180385,0.6299993323965003,0.629999417107566,0.6299995683355738,0.6299996454665346,0.6299995671257379,0.6299994714741286,0.6299993546865952,0.629999522109313,0.6299994165105206,0.6299992991057864,0.6299991442304717,0.6299991205154266,0.6299990813935917,0.6299994870041847,0.6299993872373292,0.6299992518361994,0.6299994459427575,0.6299997904594091,0.6299998448235644,0.6299998371942533,0.6299998012192334,0.6299998881129566,0.6299998633893822,0.6299998553192381,0.6299998965237078,0.629999902974775,0.6299998847883327,0.6299998593301197,0.6299998282464349,0.6299998950539643,0.6299998718641366,0.6299998435500789,0.6299998089794977,0.6299998606416912,0.6299998298478228,0.6299998739928777,0.6299998461492053,0.62999981215295,0.6299998336014839,0.6299997968325742,0.6299997519388876,0.6299998162969703,0.6299997757043049,0.6299999355465422,0.6299999213043179,0.6299999229311377,0.6299999384254242,0.6299999544006195,0.6299999449095625,0.6299999698331613,0.6299999856330271,0.6299999911608017,0.629999991258174,0.6299999935261946,0.6299999920956829,0.6299999903490722,0.6299999882165144,0.6299999856127269,0.6299999893454288,0.6299999869910966,0.6299999903661879,0.6299999928656296,0.6299999912891534,0.6299999930998096,0.6299999915750801,0.629999989713432,0.6299999899092777,0.6299999876795386,0.6299999849570961,0.6299999816330776,0.6299999863982785,0.6299999965437114,0.629999995779978,0.6299999948474829,0.6299999937089352,0.6299999923188037,0.6299999906214958,0.6299999885491351,0.6299999860188464,0.6299999829294421,0.6299999791573747
γ_R^μ,0.503,0.6312526811639967,0.7000000000000001,0.5725,0.5652412874245332,0.5437019430252933,0.5175000000000001,0.6251882760399572,0.6163446067386047,0.6134151827824881,0.615501871987145,0.6018294683379278,0.5776369535154436,0.6523777123742919,0.6908615222735153,0.6875133247537542,0.6874439917861285,0.7021702530585854,0.6988474032134019,0.7133177387598141,0.7174305042700612,0.6725448677757294,0.6805502884166155,0.6811189375783934,0.6930248566877141,0.6915896305620501,0.6993560503468319,0.7120058029454592,0.7237728746608794,0.7262436875487998,0.6764255660794416,0.6756552170827239,0.676584331108733,0.6780319304212049,0.6776030350922441,0.6788070281005363,0.6792035378677104,0.679028574117978,0.6788154290532464,0.6785558940640087,0.6782400555888661,0.6780323800904237,0.6776035812626334,0.6788865772506824,0.6791741938798989,0.678992820565183,0.6793877540334183,0.6792530587299761,0.6794533280610674,0.6793008335924685,0.679147141542555,0.6793851499537259,0.679249884123832,0.6790850494158606,0.6792770481761465,0.6794640998939453,0.6796028459615201,0.679515791103896,0.6794091714142849,0.6795621039221562,0.6794656516629108,0.6796039968595372,0.6795167472263732,0.6796418899481698,0.6798018299767667,0.6798532082820868,0.6798208115267863,0.679781273541921,0.6797330244424573,0.6796741513141182,0.6797585876243025,0.6795567680580193,0.6797634046766491,0.679824735558868,0.6797860623826265,0.6797388681241884,0.6796812813523708,0.6796110225943098,0.6795253168192963,0.6795003410929412,0.6797131768480431,0.6798097078452403,0.6798622141246756,0.6798932508442563,0.6798696850309739,0.679833952435027,0.6798770082478615,0.6799363795725989,0.6799223306939932,0.6799424775251146,0.679957399657818,0.6799684501548777,0.6799766345334055,0.6799714723026387,0.6799651697792446,0.6799574751906269,0.6799685060979611,0.6799615484014573,0.6799813037109712,0.6799861539915162,0.6799830947370992,0.6799874804134171,0.6799898164062862,0.6799924583753152,0.6799947764293462,0.6799977303309368,0.6799993964742916,0.6799994568772438,0.6799993368642715,0.6799991903323427,0.6799990114216905,0.6799992679020805,0.679999106131774,0.6799995871943485,0.6799994959772591,0.6799996267430322,0.6799995821430445,0.6799996905536433,0.6799995521735922,0.6799994532180386,0.6799993323965003,0.6799994171075662,0.6799995683355738,0.6799996454665346,0.679999567125738,0.6799994714741286,0.6799993546865951,0.679999522109313,0.6799994165105208,0.6799992991057865,0.6799991442304717,0.6799991205154267,0.6799990813935917,0.6799994870041848,0.6799993872373291,0.6799992518361995,0.6799994459427575,0.6799997904594092,0.6799998448235645,0.6799998371942533,0.6799998012192334,0.6799998881129566,0.6799998633893823,0.679999855319238,0.6799998965237078,0.6799999029747751,0.6799998847883327,0.6799998593301197,0.679999828246435,0.6799998950539643,0.6799998718641366,0.6799998435500789,0.6799998089794977,0.6799998606416912,0.6799998298478228,0.6799998739928778,0.6799998461492053,0.67999981215295,0.6799998336014839,0.6799997968325744,0.6799997519388875,0.6799998162969704,0.6799997757043049,0.6799999355465421,0.679999921304318,0.6799999229311378,0.6799999384254244,0.6799999544006194,0.6799999449095625,0.6799999698331614,0.6799999856330271,0.6799999911608017,0.6799999912581741,0.6799999935261947,0.6799999920956831,0.6799999903490722,0.6799999882165143,0.6799999856127268,0.6799999893454288,0.6799999869910966,0.679999990366188,0.6799999928656296,0.6799999912891534,0.6799999930998096,0.6799999915750802,0.679999989713432,0.6799999899092777,0.6799999876795387,0.6799999849570961,0.6799999816330775,0.6799999863982785,0.6799999965437113,0.679999995779978,0.679999994847483,0.6799999937089354,0.6799999923188037,0.6799999906214959,0.6799999885491351,0.6799999860188465,0.6799999829294422,0.6799999791573748
α_N^μ,0.72,0.7589293613344135,0.7475,0.7000000000000001,0.7027836714833794,0.6978975140529968,0.6975,0.7204641503122261,0.6788664340477587,0.6810975838173366,0.6755962579423427,0.6700724897161046,0.6642810022162783,0.6739892803830174,0.6836815624814098,0.6843597942104154,0.684582662277183,0.6833694918729866,0.6839914036174775,0.6829501040962999,0.682172226856199,0.6816508403070042,0.6819872327664981,0.6818901326124001,0.6714053604170125,0.671693974462287,0.7005125567836684,0.700363947038768,0.7002709503545361,0.7001632734838806,0.7001985409308831,0.700241345163493,0.7001897961365441,0.7001093432139979,0.7001331714768548,0.7000662830260013,0.700044250521917,0.7000539710514084,0.7000658128036283,0.7000802318168086,0.7000977788491284,0.700109317363734,0.7001331401419448,0.7000618750585987,0.7000458873392047,0.7000559647618052,0.7000340140047048,0.7000414971187636,0.7000303707377904,0.70003884263601,0.7000473810903056,0.7000341583437621,0.7000416731130524,0.7000508305979077,0.7000401639909087,0.7000297722284652,0.7000220641134262,0.7000269004942633,0.7000328238103574,0.7000243275599002,0.7000296860187496,0.7000220001744812,0.7000268473763253,0.7000198950028855,0.7000110094457355,0.7000081550954399,0.7000099549151787,0.7000121514698934,0.7000148319754194,0.7000181027047716,0.7000134117986501,0.7000246239967767,0.7000131441846307,0.7000097369133962,0.7000118854231874,0.7000145073264341,0.7000177065915351,0.7000216098558718,0.700026371287817,0.70002775882817,0.7000159346195532,0.7000105717863757,0.7000076547708514,0.7000059305086523,0.7000072397205015,0.7000092248647207,0.7000068328751189,0.700003534468189,0.7000043149614449,0.7000031956930493,0.7000023666856768,0.7000017527691735,0.7000012980814774,0.7000015848720756,0.7000019350122643,0.7000023624894097,0.7000017496612244,0.7000021361999191,0.7000010386827239,0.7000007692226936,0.7000009391812724,0.700000695532588,0.7000005657552063,0.7000004189791492,0.7000002901983697,0.7000001260927258,0.700000033529206,0.7000000301734864,0.7000000368408739,0.7000000449815367,0.7000000549210172,0.7000000406721067,0.7000000496593459,0.7000000229336474,0.7000000280012634,0.7000000207364983,0.7000000232142753,0.7000000171914643,0.700000024879245,0.7000000303767757,0.7000000370890834,0.7000000323829131,0.7000000239813571,0.7000000196963037,0.7000000240485703,0.7000000293625485,0.7000000358507448,0.7000000265494827,0.7000000324160823,0.7000000389385674,0.7000000475427516,0.7000000488602542,0.7000000510336895,0.7000000284997676,0.7000000340423707,0.7000000415646556,0.700000030780958,0.7000000116411439,0.7000000086209132,0.7000000090447638,0.700000011043376,0.7000000062159468,0.7000000075894789,0.7000000080378203,0.7000000057486829,0.7000000053902903,0.7000000064006483,0.7000000078149934,0.7000000095418648,0.7000000058303354,0.7000000071186591,0.7000000086916623,0.7000000106122501,0.7000000077421282,0.7000000094528988,0.7000000070003958,0.7000000085472664,0.7000000104359473,0.700000009244362,0.7000000112870793,0.7000000137811729,0.7000000102057239,0.7000000124608721,0.7000000035807477,0.7000000043719824,0.7000000042816036,0.7000000034208098,0.700000002533299,0.70000000306058,0.7000000016759356,0.7000000007981653,0.7000000004910666,0.700000000485657,0.7000000003596559,0.7000000004391288,0.7000000005361626,0.7000000006546381,0.7000000007992929,0.7000000005919207,0.700000000722717,0.7000000005352118,0.700000000396354,0.700000000483936,0.700000000383344,0.7000000004680512,0.700000000571476,0.7000000005605959,0.7000000006844702,0.7000000008357169,0.7000000010203846,0.7000000007556513,0.7000000001920161,0.7000000002344459,0.700000000286251,0.7000000003495037,0.7000000004267332,0.7000000005210282,0.7000000006361592,0.7000000007767307,0.7000000009483643,0.7000000011579237
γ_N^μ,0.69,0.7239290234976781,0.72,0.6725000000000001,0.6727836714833794,0.6647780934229806,0.6675,0.6863757999006107,0.6488664340477588,0.6510975838173365,0.6455962579423425,0.6400724897161046,0.6342810022162784,0.6439892803830174,0.6355113595944706,0.6365154323460127,0.6367807123639074,0.6350120292125712,0.6359390033721206,0.6336936392918786,0.632727608359396,0.6320677726585738,0.6324877969310111,0.6323622978943376,0.6414053604170125,0.6416939744622869,0.6230495802196504,0.6221810753903086,0.6216247028343834,0.6208165231324679,0.6209928352751866,0.6212068319541139,0.6209488501980303,0.6205466947599256,0.6206658334384991,0.6203313910176812,0.6202212433120594,0.6202698448222516,0.620329052309539,0.6204011459496055,0.6204888795164637,0.6205465685948675,0.6206656802865769,0.6203093107083125,0.6202294040431211,0.6202797871642366,0.6201700688199618,0.6202074842427903,0.6201518534250907,0.6201942129753324,0.6202369052217462,0.6201707916909854,0.6202083655340273,0.6202541529544829,0.6202008199520839,0.6201488611410828,0.6201103205665031,0.6201345024711916,0.6201641190516455,0.6201216377994302,0.6201484300936686,0.6201100008723669,0.6201342368815813,0.6200994750144059,0.6200550472286763,0.6200407754771984,0.6200497745758928,0.6200607573494665,0.6200741598770955,0.6200905135238562,0.6200670589932494,0.6201231199838834,0.620065720923153,0.620048684566981,0.620059427115937,0.6200725366321699,0.6200885329576747,0.6201080492793585,0.6201318564390844,0.6201387941408496,0.6200796730977658,0.6200528589318777,0.6200382738542567,0.620029652543262,0.6200361986025072,0.6200461243236036,0.6200341643755941,0.6200176723409447,0.6200215748072241,0.6200159784652459,0.620011833428384,0.6200087638458672,0.6200064904073872,0.6200079243603782,0.620009675061321,0.6200118124470481,0.6200087483061218,0.6200106809995953,0.6200051934136191,0.6200038461134677,0.6200046959063614,0.6200034776629397,0.6200028287760315,0.6200020948957458,0.6200014509918483,0.6200006304636287,0.62000016764603,0.6200001508674322,0.6200001842043691,0.6200002249076827,0.6200002746050859,0.6200002033605333,0.6200002482967295,0.6200001146682366,0.6200001400063169,0.620000103682491,0.6200001160713765,0.6200000859573213,0.6200001243962244,0.6200001518838782,0.6200001854454166,0.6200001619145651,0.620000119906785,0.6200000984815182,0.6200001202428506,0.6200001468127421,0.6200001792537236,0.6200001327474131,0.6200001620804111,0.620000194692837,0.6200002377137579,0.6200002443012705,0.6200002551684467,0.6200001424988375,0.620000170211853,0.6200002078232779,0.6200001539047895,0.6200000582057197,0.6200000431045655,0.6200000452238186,0.6200000552168796,0.6200000310797342,0.6200000379473939,0.6200000401891005,0.6200000287434145,0.6200000269514514,0.620000032003241,0.6200000390749668,0.6200000477093236,0.6200000291516766,0.6200000355932954,0.6200000434583114,0.6200000530612506,0.6200000387106412,0.6200000472644936,0.6200000350019784,0.6200000427363318,0.6200000521797362,0.62000004622181,0.620000056435396,0.6200000689058646,0.6200000510286193,0.6200000623043598,0.6200000179037382,0.6200000218599117,0.6200000214080174,0.6200000171040488,0.6200000126664946,0.6200000153028993,0.6200000083796774,0.6200000039908259,0.6200000024553328,0.620000002428285,0.6200000017982793,0.6200000021956436,0.6200000026808132,0.6200000032731905,0.6200000039964647,0.6200000029596031,0.6200000036135843,0.6200000026760589,0.6200000019817695,0.6200000024196796,0.6200000019167196,0.6200000023402555,0.6200000028573799,0.6200000028029785,0.6200000034223504,0.6200000041785844,0.6200000051019229,0.6200000037782559,0.6200000009600802,0.6200000011722284,0.6200000014312547,0.620000001747518,0.6200000021336657,0.6200000026051401,0.6200000031807958,0.6200000038836537,0.6200000047418216,0.6200000057896181
L_C(voice),0.8007374029168081,0.8234403596856675,0.8234403596856675,0.4497446852491937,0.12442229302868563,0.8234403596856675,0.08719813695429063,0.015303786104689134,0.8234403596856675,0.8234403596856675,0.8234403596856675,0.8234403596856675,0.3911424752041213,0.28465596715826674,0.8234403596856675,0.4224001965322083,0.8234403596856675,0.8234403596856675,0.8234403596856675,0.8234403596856675,0.37839355362172145,0.8234403596856675,0.307889096117521,0.8234403596856675,0.8234403596856675,0.23255055534999908,0.21614184429868932,0.8234403596856675,0.14412207591157886,0.8234403596856675,0.8234403596856675,0.37047756997205256,0.11870054156061768,0.8234403596856675,0.19556895739791433,0.37129417912745344,0.8234403596856675,0.8234403596856675,0.8234403596856675,0.8234403596856675,0.36120197273500054,0.8234403596856675,0.0330901991211078,0.8234403596856675,0.8234403596856675,0.03720069621278797,0.8234403596856675,0.19654958110269982,0.09946292430795203,0.8234403596856675,0.3800930074578702,0.8234403596856675,0.8234403596856675,0.2778518092095639,0.8234403596856675,0.8234403596856675,0.13413052282494045,0.8234403596856675,0.8234403596856675,0.8234403596856675,0.8234403596856675,0.8234403596856675,0.8234403596856675,0.05557307251209121,0.8234403596856675,0.8234403596856675,0.8234403596856675,0.8234403596856675,0.8234403596856675,0.8234403596856675,0.07177192240316803,0.35619963162212326,0.8234403596856675,0.8234403596856675,0.8234403596856675,0.8234403596856675,0.8234403596856675,0.8234403596856675,0.2821703844036265,0.41340325468051986,0.21411250962339715,0.4397896478232251,0.4307169868271891,0.8234403596856675,0.22577395485972565,0.8234403596856675,0.24605029199602035,0.8234403596856675,0.8234403596856675,0.8234403596856675,0.8234403596856675,0.8234403596856675,0.8234403596856675,0.8234403596856675,0.8234403596856675,0.8234403596856675,0.8234403596856675,0.2280599224141618,0.8234403596856675,0.8234403596856675,0.8234403596856675,0.3357492750640464,0.8234403596856675,0.20850033163560128,0.35190874865262894,0.12869840176233316,0.33679288634302207,0.8234403596856675,0.8234403596856675,0.8234403596856675,0.8234403596856675,0.8234403596856675,0.1900860338886819,0.8234403596856675,0.8234403596856675,0.1991679259432184,0.8234403596856675,0.2303405459591516,0.8234403596856675,0.8234403596856675,0.488945827131358,0.8234403596856675,0.11881178634328284,0.8234403596856675,0.8234403596856675,0.8234403596856675,0.8234403596856675,0.8234403596856675,0.10487865733372485,0.8234403596856675,0.173186671206167,0.4497438673927815,0.28339894876219895,0.43961709935941246,0.8234403596856675,0.8234403596856675,0.0660641760050563,0.8234403596856675,0.07927040535402394,0.8234403596856675,0.216010163216549,0.8234403596856675,0.12789931596967993,0.36737643673560944,0.19593999230203346,0.2929904104674909,0.8234403596856675,0.8234403596856675,0.2499753609217574,0.8234403596856675,0.8234403596856675,0.8234403596856675,0.36737440033718494,0.8234403596856675,0.8234403596856675,0.8234403596856675,0.8234403596856675,0.07252349465933874,0.8234403596856675,0.8234403596856675,0.8234403596856675,0.8234403596856675,0.1137938002280317,0.8234403596856675,0.5492616546548605,0.04558640172030291,0.8234403596856675,0.30539340560481715,0.06355265601088925,0.37036791451166706,0.18822902348656373,0.48811874508443526,0.8234403596856675,0.8234403596856675,0.8234403596856675,0.8234403596856675,0.8234403596856675,0.8234403596856675,0.8234403596856675,0.8234403596856675,0.8234403596856675,0.8234403596856675,0.5076798634343082,0.8234403596856675,0.8234403596856675,0.3911911084952787,0.8234403596856675,0.8234403596856675,0.8234403596856675,0.8234403596856675,0.2403375719317455,0.8234403596856675,0.8234403596856675,0.8234403596856675,0.8234403596856675,0.8234403596856675,0.8234403596856675,0.8234403596856675,0.8234403596856675,0.8234403596856675,0.8234403596856675
V_τ (signal),Call,Silence,Silence,Call,Call,Silence,Call,Call,Silence,Silence,Silence,Silence,Call,Call,Silence,Call,Silence,Silence,Silence,Silence,Call,Silence,Call,Silence,Silence,Call,Call,Silence,Call,Silence,Silence,Call,Call,Silence,Call,Call,Silence,Silence,Silence,Silence,Call,Silence,Call,Silence,Silence,Call,Silence,Call,Call,Silence,Call,Silence,Silence,Call,Silence,Silence,Call,Silence,Silence,Silence,Silence,Silence,Silence,Call,Silence,Silence,Silence,Silence,Silence,Silence,Call,Call,Silence,Silence,Silence,Silence,Silence,Silence,Call,Call,Call,Call,Call,Silence,Call,Silence,Call,Silence,Silence,Silence,Silence,Silence,Silence,Silence,Silence,Silence,Silence,Call,Silence,Silence,Silence,Call,Silence,Call,Call,Call,Call,Silence,Silence,Silence,Silence,Silence,Call,Silence,Silence,Call,Silence,Call,Silence,Silence,Call,Silence,Call,Silence,Silence,Silence,Silence,Silence,Call,Silence,Call,Call,Call,Call,Silence,Silence,Call,Silence,Call,Silence,Call,Silence,Call,Call,Call,Call,Silence,Silence,Call,Silence,Silence,Silence,Call,Silence,Silence,Silence,Silence,Call,Silence,Silence,Silence,Silence,Call,Silence,Call,Call,Silence,Call,Call,Call,Call,Call,Silence,Silence,Silence,Silence,Silence,Silence,Silence,Silence,Silence,Silence,Call,Silence,Silence,Call,Silence,Silence,Silence,Silence,Call,Silence,Silence,Silence,Silence,Silence,Silence,Silence,Silence,Silence,Silence
d (detection),False,False,False,False,False,False,True,True,False,True,True,True,False,False,False,False,True,False,True,True,True,False,False,True,False,False,False,True,True,False,False,False,False,False,True,False,False,False,False,False,False,False,False,True,False,True,False,False,False,False,True,False,False,True,True,True,False,False,True,False,True,False,True,False,True,False,False,False,False,True,False,True,True,False,False,False,False,False,False,True,False,True,True,False,False,True,True,False,True,True,True,True,False,False,False,True,False,True,True,False,True,True,True,False,True,False,False,False,False,False,True,False,True,False,True,False,True,False,False,False,False,True,False,False,False,False,True,False,False,False,False,False,True,False,False,True,True,True,False,False,False,False,False,True,False,False,False,False,False,False,False,False,False,False,True,False,False,False,False,False,True,False,True,False,False,False,True,False,False,True,False,False,True,False,False,False,False,True,False,True,True,False,False,False,False,False,False,False,False,True,True,False,False,False,False,False,False,False,False,False,False
p_det,0.14804719803168948,0.2689414213699951,0.3705168880326052,0.35893259366518293,0.35434369377420455,0.34978145142617295,0.35893259366518293,0.36354745971843366,0.34298953732650117,0.34298953732650117,0.34073961154861454,0.33626130259564735,0.3340330732481797,0.33626130259564735,0.3407396115486146,0.34073961154861454,0.34073961154861454,0.3429895373265012,0.3429895373265012,0.3452465393936808,0.34751053780725555,0.34978145142617295,0.34751053780725555,0.34978145142617295,0.34978145142617295,0.34978145142617295,0.34978145142617295,0.34978145142617295,0.35205919791934975,0.35434369377420455,0.35434369377420455,0.35205919791934975,0.35434369377420455,0.35434369377420455,0.35434369377420455,0.35434369377420455,0.35434369377420455,0.35434369377420455,0.35434369377420455,0.35434369377420455,0.35434369377420455,0.35434369377420455,0.35434369377420455,0.35434369377420455,0.35434369377420455,0.35434369377420455,0.35434369377420455,0.35434369377420455,0.35434369377420455,0.35434369377420455,0.35434369377420455,0.35434369377420455,0.35434369377420455,0.35434369377420455,0.35434369377420455,0.35434369377420455,0.35434369377420455,0.35434369377420455,0.35434369377420455,0.35434369377420455,0.35434369377420455,0.35434369377420455,0.35434369377420455,0.35434369377420455,0.35434369377420455,0.35434369377420455,0.35434369377420455,0.35434369377420455,0.35434369377420455,0.35434369377420455,0.35434369377420455,0.35434369377420455,0.35434369377420455,0.35434369377420455,0.35434369377420455,0.35434369377420455,0.35434369377420455,0.35434369377420455,0.35434369377420455,0.35434369377420455,0.35434369377420455,0.35434369377420455,0.35434369377420455,0.35434369377420455,0.35434369377420455,0.35434369377420455,0.35434369377420455,0.35434369377420455,0.35434369377420455,0.35434369377420455,0.35434369377420455,0.35434369377420455,0.35434369377420455,0.35434369377420455,0.35434369377420455,0.35434369377420455,0.35434369377420455,0.35434369377420455,0.35434369377420455,0.35434369377420455,0.35434369377420455,0.35434369377420455,0.35434369377420455,0.35434369377420455,0.35434369377420455,0.35434369377420455,0.35434369377420455,0.35434369377420455,0.35434369377420455,0.35434369377420455,0.35434369377420455,0.35434369377420455,0.35434369377420455,0.35434369377420455,0.35434369377420455,0.35434369377420455,0.35434369377420455,0.35434369377420455,0.35434369377420455,0.35434369377420455,0.35434369377420455,0.35434369377420455,0.35434369377420455,0.35434369377420455,0.35434369377420455,0.35434369377420455,0.35434369377420455,0.35434369377420455,0.35434369377420455,0.35434369377420455,0.35434369377420455,0.35434369377420455,0.35434369377420455,0.35434369377420455,0.35434369377420455,0.35434369377420455,0.35434369377420455,0.35434369377420455,0.35434369377420455,0.35434369377420455,0.35434369377420455,0.35434369377420455,0.35434369377420455,0.35434369377420455,0.35434369377420455,0.35434369377420455,0.35434369377420455,0.35434369377420455,0.35434369377420455,0.35434369377420455,0.35434369377420455,0.35434369377420455,0.35434369377420455,0.35434369377420455,0.35434369377420455,0.35434369377420455,0.35434369377420455,0.35434369377420455,0.35434369377420455,0.35434369377420455,0.35434369377420455,0.35434369377420455,0.35434369377420455,0.35434369377420455,0.35434369377420455,0.35434369377420455,0.35434369377420455,0.35434369377420455,0.35434369377420455,0.35434369377420455,0.35434369377420455,0.35434369377420455,0.35434369377420455,0.35434369377420455,0.35434369377420455,0.35434369377420455,0.35434369377420455,0.35434369377420455,0.35434369377420455,0.35434369377420455,0.35434369377420455,0.35434369377420455,0.35434369377420455,0.35434369377420455,0.35434369377420455,0.35434369377420455,0.35434369377420455,0.35434369377420455,0.35434369377420455,0.35434369377420455,0.35434369377420455,0.35434369377420455,0.35434369377420455,0.35434369377420455,0.35434369377420455,0.35434369377420455,0.35434369377420455,0.35434369377420455,0.35434369377420455,0.35434369377420455,0.35434369377420455
ι = max_θ μ_τ(θ),0.44999999999999996,0.5361555868495582,0.25,0.25,0.43218006860787517,0.5228660278308422,0.25,0.4204455861616546,0.6994787560707993,0.6719123692455174,0.7025368528091119,0.7063059594357376,0.6808000105581269,0.8256575888055944,0.9085101443469603,0.8922180932201316,0.8900974956637715,0.9178731330207665,0.9026200122678344,0.9270611162394994,0.9454512364651304,0.9586341463077273,0.9502808286344149,0.9530677973915889,0.9650449754175527,0.9578561199056158,0.9492595312803628,0.9636574329691863,0.9729239427780035,0.9836687587853172,0.9801426413924108,0.9758628302344805,0.9810236484628427,0.9890662113518036,0.9866834509588959,0.993372300208001,0.9955751802464385,0.9946031557289213,0.9934190123522332,0.9919771466800755,0.9902224833166233,0.9890687192216635,0.9866864963841984,0.9938141087571515,0.9954120824020867,0.9944044399392137,0.9965986296185757,0.9958503218993324,0.9969629328174919,0.9961157415169427,0.9952618967139777,0.9965841663194156,0.9958326894756242,0.9949169410856193,0.9959836009706197,0.9970227771845573,0.997793588673078,0.9973099505767952,0.9967176189677939,0.9975672440117508,0.9970313981270256,0.9977999825528581,0.9973152623685965,0.9980104997119864,0.9988990554264785,0.9991844904560367,0.9990045084821452,0.9987848530106704,0.9985168024580936,0.998189729522877,0.9986588201350128,0.9975376003223305,0.9986855815369393,0.9990263086603777,0.9988114576812583,0.9985492673566024,0.9982293408465046,0.9978390144128321,0.9973628712183119,0.9972241171830065,0.9984065380446838,0.9989428213624455,0.9992345229148646,0.9994069491347576,0.9992760279498545,0.9990775135279274,0.9993167124881189,0.9996465531811045,0.9995685038555179,0.9996804306950808,0.9997633314323217,0.9998247230826536,0.9998701918522531,0.9998415127924362,0.9998064987735809,0.999763751059038,0.9998250338775617,0.9997863800080952,0.9998961317276175,0.9999230777306454,0.9999060818727727,0.9999304467412058,0.9999434244793676,0.9999581020850838,0.9999709801630344,0.9999873907274264,0.9999966470793981,0.9999969826513545,0.9999963159126193,0.9999955018463479,0.9999945078982804,0.9999959327893356,0.9999950340654102,0.9999977066352694,0.9999971998736613,0.9999979263501781,0.999997678572469,0.9999982808535738,0.9999975120755119,0.999996962322436,0.9999962910916684,0.9999967617087001,0.9999976018642989,0.9999980303696365,0.9999975951429885,0.9999970637451587,0.9999964149255283,0.9999973450517389,0.9999967583917811,0.9999961061432582,0.9999952457248426,0.9999951139745922,0.9999948966310649,0.9999971500232485,0.9999965957629394,0.9999958435344412,0.9999969219042085,0.9999988358856065,0.9999991379086912,0.9999990955236294,0.9999988956624075,0.9999993784053148,0.9999992410521233,0.9999991962179892,0.9999994251317098,0.9999994609709726,0.9999993599351814,0.999999218500665,0.9999990458135274,0.9999994169664683,0.9999992881340923,0.9999991308337712,0.9999989387749871,0.9999992257871734,0.9999990547101268,0.9999992999604316,0.9999991452733629,0.9999989564052775,0.9999990755637994,0.9999988712920792,0.9999986218827084,0.9999989794276128,0.9999987539128045,0.9999996419252346,0.9999995628017659,0.9999995718396536,0.999999657919024,0.9999997466701082,0.9999996939420136,0.9999998324064518,0.9999999201834834,0.9999999508933429,0.9999999514343001,0.9999999640344146,0.9999999560871274,0.9999999463837345,0.9999999345361906,0.9999999200707045,0.9999999408079379,0.9999999277283147,0.9999999464788216,0.9999999603646088,0.9999999516064075,0.9999999616656091,0.999999953194889,0.9999999428524003,0.9999999439404311,0.9999999315529924,0.9999999164283114,0.999999897961542,0.9999999244348803,0.9999999807983964,0.999999976555433,0.9999999713749053,0.9999999650496405,0.999999957326687,0.9999999478971987,0.9999999363840837,0.999999922326925,0.9999999051635675,0.999999884207637
M_t,0.0,0.0011111111111111111,0.0044444444444444444,0.010000000000000002,0.017777777777777778,0.027777777777777776,0.04000000000000001,0.05444444444444445,0.07111111111111111,0.09,0.1111111111111111,0.13444444444444442,0.16000000000000003,0.1877777777777778,0.2177777777777778,0.25,0.28444444444444444,0.32111111111111107,0.36,0.4011111111111111,0.4444444444444444,0.48999999999999994,0.5377777777777777,0.5877777777777778,0.6400000000000001,0.6944444444444445,0.7511111111111112,0.81,0.8711111111111112,0.9344444444444444,1.0,1.0,1.0,1.0,1.0,1.0,1.0,1.0,1.0,1.0,1.0,1.0,1.0,1.0,1.0,1.0,1.0,1.0,1.0,1.0,1.0,1.0,1.0,1.0,1.0,1.0,1.0,1.0,1.0,1.0,1.0,1.0,1.0,1.0,1.0,1.0,1.0,1.0,1.0,1.0,1.0,1.0,1.0,1.0,1.0,1.0,1.0,1.0,1.0,1.0,1.0,1.0,1.0,1.0,1.0,1.0,1.0,1.0,1.0,1.0,1.0,1.0,1.0,1.0,1.0,1.0,1.0,1.0,1.0,1.0,1.0,1.0,1.0,1.0,1.0,1.0,1.0,1.0,1.0,1.0,1.0,1.0,1.0,1.0,1.0,1.0,1.0,1.0,1.0,1.0,1.0,1.0,1.0,1.0,1.0,1.0,1.0,1.0,1.0,1.0,1.0,1.0,1.0,1.0,1.0,1.0,1.0,1.0,1.0,1.0,1.0,1.0,1.0,1.0,1.0,1.0,1.0,1.0,1.0,1.0,1.0,1.0,1.0,1.0,1.0,1.0,1.0,1.0,1.0,1.0,1.0,1.0,1.0,1.0,1.0,1.0,1.0,1.0,1.0,1.0,1.0,1.0,1.0,1.0,1.0,1.0,1.0,1.0,1.0,1.0,1.0,1.0,1.0,1.0,1.0,1.0,1.0,1.0,1.0,1.0,1.0,1.0,1.0,1.0,1.0,1.0,1.0,1.0,1.0,1.0,1.0
M_t^S,2.4000000000000004,2.50221951842011,3.0351793846741937,2.927856332406039,2.3845805059693523,2.1036085057787837,2.6281246423512608,2.1,2.1,2.1,2.1,2.1,2.1,2.1,2.1,2.1,2.1,2.1,2.1,2.1,2.1,2.1,2.1,2.1,2.1,2.1,2.1,2.1,2.1,2.1,2.1,2.1,2.1,2.1,2.1,2.1,2.1,2.1,2.1,2.1,2.1,2.1,2.1,2.1,2.1,2.1,2.1,2.1,2.1,2.1,2.1,2.1,2.1,2.1,2.1,2.1,2.1,2.1,2.1,2.1,2.1,2.1,2.1,2.1,2.1,2.1,2.1,2.1,2.1,2.1,2.1,2.1,2.1,2.1,2.1,2.1,2.1,2.1,2.1,2.1,2.1,2.1,2.1,2.1,2.1,2.1,2.1,2.1,2.1,2.1,2.1,2.1,2.1,2.1,2.1,2.1,2.1,2.1,2.1,2.1,2.1,2.1,2.1,2.1,2.1,2.1,2.1,2.1,2.1,2.1,2.1,2.1,2.1,2.1,2.1,2.1,2.1,2.1,2.1,2.1,2.1,2.1,2.1,2.1,2.1,2.1,2.1,2.1,2.1,2.1,2.1,2.1,2.1,2.1,2.1,2.1,2.1,2.1,2.1,2.1,2.1,2.1,2.1,2.1,2.1,2.1,2.1,2.1,2.1,2.1,2.1,2.1,2.1,2.1,2.1,2.1,2.1,2.1,2.1,2.1,2.1,2.1,2.1,2.1,2.1,2.1,2.1,2.1,2.1,2.1,2.1,2.1,2.1,2.1,2.1,2.1,2.1,2.1,2.1,2.1,2.1,2.1,2.1,2.1,2.1,2.1,2.1,2.1,2.1,2.1,2.1,2.1,2.1,2.1,2.1,2.1,2.1,2.1,2.1,2.1,2.1
M_t^F,2.7,2.7,3.071820946966345,2.9810349178442377,2.7,2.7,2.7244607758003023,2.7,2.7,2.7,2.7,2.7,2.7,2.7,2.7,2.7,2.7,2.7,2.7,2.7,2.7,2.7,2.7,2.7,2.7,2.7,2.7,2.7,2.7,2.7,2.7,2.7,2.7,2.7,2.7,2.7,2.7,2.7,2.7,2.7,2.7,2.7,2.7,2.7,2.7,2.7,2.7,2.7,2.7,2.7,2.7,2.7,2.7,2.7,2.7,2.7,2.7,2.7,2.7,2.7,2.7,2.7,2.7,2.7,2.7,2.7,2.7,2.7,2.7,2.7,2.7,2.7,2.7,2.7,2.7,2.7,2.7,2.7,2.7,2.7,2.7,2.7,2.7,2.7,2.7,2.7,2.7,2.7,2.7,2.7,2.7,2.7,2.7,2.7,2.7,2.7,2.7,2.7,2.7,2.7,2.7,2.7,2.7,2.7,2.7,2.7,2.7,2.7,2.7,2.7,2.7,2.7,2.7,2.7,2.7,2.7,2.7,2.7,2.7,2.7,2.7,2.7,2.7,2.7,2.7,2.7,2.7,2.7,2.7,2.7,2.7,2.7,2.7,2.7,2.7,2.7,2.7,2.7,2.7,2.7,2.7,2.7,2.7,2.7,2.7,2.7,2.7,2.7,2.7,2.7,2.7,2.7,2.7,2.7,2.7,2.7,2.7,2.7,2.7,2.7,2.7,2.7,2.7,2.7,2.7,2.7,2.7,2.7,2.7,2.7,2.7,2.7,2.7,2.7,2.7,2.7,2.7,2.7,2.7,2.7,2.7,2.7,2.7,2.7,2.7,2.7,2.7,2.7,2.7,2.7,2.7,2.7,2.7,2.7,2.7,2.7,2.7,2.7,2.7,2.7,2.7
M_t^K,3.3000000000000003,3.3000000000000003,3.3000000000000003,3.3000000000000003,3.3000000000000003,3.3000000000000003,3.3000000000000003,3.3000000000000003,3.3000000000000003,3.3000000000000003,3.3000000000000003,3.3000000000000003,3.3000000000000003,3.3000000000000003,3.3000000000000003,3.3000000000000003,3.3000000000000003,3.3000000000000003,3.3000000000000003,3.3000000000000003,3.3000000000000003,3.3000000000000003,3.3000000000000003,3.3000000000000003,3.3000000000000003,3.3000000000000003,3.3000000000000003,3.3000000000000003,3.3000000000000003,3.3000000000000003,3.3000000000000003,3.3000000000000003,3.3000000000000003,3.3000000000000003,3.3000000000000003,3.3000000000000003,3.3000000000000003,3.3000000000000003,3.3000000000000003,3.3000000000000003,3.3000000000000003,3.3000000000000003,3.3000000000000003,3.3000000000000003,3.3000000000000003,3.3000000000000003,3.3000000000000003,3.3000000000000003,3.3000000000000003,3.3000000000000003,3.3000000000000003,3.3000000000000003,3.3000000000000003,3.3000000000000003,3.3000000000000003,3.3000000000000003,3.3000000000000003,3.3000000000000003,3.3000000000000003,3.3000000000000003,3.3000000000000003,3.3000000000000003,3.3000000000000003,3.3000000000000003,3.3000000000000003,3.3000000000000003,3.3000000000000003,3.3000000000000003,3.3000000000000003,3.3000000000000003,3.3000000000000003,3.3000000000000003,3.3000000000000003,3.3000000000000003,3.3000000000000003,3.3000000000000003,3.3000000000000003,3.3000000000000003,3.3000000000000003,3.3000000000000003,3.3000000000000003,3.3000000000000003,3.3000000000000003,3.3000000000000003,3.3000000000000003,3.3000000000000003,3.3000000000000003,3.3000000000000003,3.3000000000000003,3.3000000000000003,3.3000000000000003,3.3000000000000003,3.3000000000000003,3.3000000000000003,3.3000000000000003,3.3000000000000003,3.3000000000000003,3.3000000000000003,3.3000000000000003,3.3000000000000003,3.3000000000000003,3.3000000000000003,3.3000000000000003,3.3000000000000003,3.3000000000000003,3.3000000000000003,3.3000000000000003,3.3000000000000003,3.3000000000000003,3.3000000000000003,3.3000000000000003,3.3000000000000003,3.3000000000000003,3.3000000000000003,3.3000000000000003,3.3000000000000003,3.3000000000000003,3.3000000000000003,3.3000000000000003,3.3000000000000003,3.3000000000000003,3.3000000000000003,3.3000000000000003,3.3000000000000003,3.3000000000000003,3.3000000000000003,3.3000000000000003,3.3000000000000003,3.3000000000000003,3.3000000000000003,3.3000000000000003,3.3000000000000003,3.3000000000000003,3.3000000000000003,3.3000000000000003,3.3000000000000003,3.3000000000000003,3.3000000000000003,3.3000000000000003,3.3000000000000003,3.3000000000000003,3.3000000000000003,3.3000000000000003,3.3000000000000003,3.3000000000000003,3.3000000000000003,3.3000000000000003,3.3000000000000003,3.3000000000000003,3.3000000000000003,3.3000000000000003,3.3000000000000003,3.3000000000000003,3.3000000000000003,3.3000000000000003,3.3000000000000003,3.3000000000000003,3.3000000000000003,3.3000000000000003,3.3000000000000003,3.3000000000000003,3.3000000000000003,3.3000000000000003,3.3000000000000003,3.3000000000000003,3.3000000000000003,3.3000000000000003,3.3000000000000003,3.3000000000000003,3.3000000000000003,3.3000000000000003,3.3000000000000003,3.3000000000000003,3.3000000000000003,3.3000000000000003,3.3000000000000003,3.3000000000000003,3.3000000000000003,3.3000000000000003,3.3000000000000003,3.3000000000000003,3.3000000000000003,3.3000000000000003,3.3000000000000003,3.3000000000000003,3.3000000000000003,3.3000000000000003,3.3000000000000003,3.3000000000000003,3.3000000000000003,3.3000000000000003,3.3000000000000003,3.3000000000000003,3.3000000000000003,3.3000000000000003,3.3000000000000003,3.3000000000000003,3.3000000000000003,3.3000000000000003,3.3000000000000003,3.3000000000000003
